symbol,entry_price,stop_loss,target_price,shares,risk_per_share,allowed_risk,position_value,reward_risk_ratio,rsi,volume_ratio,extension_pct,live_bar,score,timestamp_ist,ideal_entry,pullback_entry,sector,insufficient_capital,remaining_capital,sector_warning
NIACL.NS,194.51,186.46,210.61,62,8.05,499.01,12059.62,2.0,67.3,8.04,1.75,True,52.58,2026-08-31 09:21:30,191.16,182.99,Financial Services,False,37940.38,
OIL.NS,494.0,473.39,535.23,24,20.61,494.74,11856.0,2.0,66.4,3.75,2.49,True,28.85,2026-08-31 09:21:27,482.0,468.45,Energy,False,26084.38,
INDGN.NS,587.6,566.1,630.61,21,21.5,451.58,12339.6,2.0,70.5,1.26,1.88,True,18.72,2026-08-31 09:21:23,576.75,558.73,Healthcare,False,13744.78,
NIACL.NS,194.12,185.82,210.71,60,8.3,497.83,11647.2,2.0,67.0,27.44,1.55,True,149.9,2026-08-31 09:32:42,191.16,182.95,Financial Services,False,38352.8,
ATHERENERG.NS,1638.1,1553.29,1807.73,5,84.81,424.07,8190.5,2.0,74.5,4.74,0.5,True,49.17,2026-08-31 09:32:21,1630.0,1469.34,Consumer Cyclical,False,30162.3,
OIL.NS,493.6,472.59,535.61,23,21.01,483.12,11352.8,2.0,66.2,5.64,2.41,True,38.46,2026-08-31 09:32:36,482.0,468.41,Energy,False,18809.5,
INDGN.NS,581.15,559.65,624.16,21,21.5,451.58,12204.15,2.0,68.3,1.92,0.76,True,23.92,2026-08-31 09:32:29,576.75,558.11,Healthcare,False,6605.35,
NIACL.NS,195.25,186.95,211.84,60,8.3,497.83,11715.0,2.0,67.9,29.8,2.14,True,160.81,2026-08-31 09:34:31,191.16,183.06,Financial Services,False,38285.0,
ATHERENERG.NS,1635.1,1550.29,1804.73,5,84.81,424.07,8175.5,2.0,74.3,5.0,0.31,True,50.7,2026-08-31 09:34:18,1630.0,1469.05,Consumer Cyclical,False,30109.5,
OIL.NS,494.0,472.99,536.01,23,21.01,483.12,11362.0,2.0,66.4,6.4,2.49,True,42.1,2026-08-31 09:34:27,482.0,468.45,Energy,False,18747.5,
ECLERX.NS,2012.9,1909.74,2219.21,4,103.16,412.62,8051.6,2.0,66.5,1.95,2.06,True,27.21,2026-08-31 09:34:32,1972.2,1863.37,Technology,False,10695.9,
INDGN.NS,581.6,560.1,624.61,18,21.5,387.0,10468.8,2.0,68.4,1.94,0.84,True,23.87,2026-08-31 09:34:23,576.75,558.16,Healthcare,False,227.1,
NIACL.NS,196.95,188.65,213.54,60,8.3,497.83,11817.0,2.0,69.2,39.43,3.03,True,207.68,2026-08-31 09:43:41,191.16,183.22,Financial Services,False,38183.0,
ATHERENERG.NS,1633.9,1549.09,1803.53,5,84.81,424.07,8169.5,2.0,74.3,6.03,0.24,True,55.91,2026-08-31 09:43:28,1630.0,1468.94,Consumer Cyclical,False,30013.5,
OIL.NS,490.45,469.44,532.46,23,21.01,483.12,11280.35,2.0,65.1,8.26,1.75,True,52.61,2026-08-31 09:43:37,482.0,468.11,Energy,False,18733.15,
ECLERX.NS,2032.5,1926.82,2243.87,4,105.68,422.74,8130.0,2.0,67.6,5.68,3.06,True,44.55,2026-08-31 09:43:42,1972.2,1865.24,Technology,False,10603.15,
INDGN.NS,583.2,561.7,626.21,18,21.5,387.0,10497.6,2.0,69.0,2.42,1.12,True,25.79,2026-08-31 09:43:33,576.75,558.31,Healthcare,False,105.55,
NIACL.NS,195.22,186.92,211.81,60,8.3,497.83,11713.2,2.0,67.9,45.73,2.12,True,240.5,2026-08-31 09:52:38,191.16,183.06,Financial Services,False,38286.8,
ECLERX.NS,2023.1,1916.45,2236.4,4,106.65,426.59,8092.4,2.0,67.1,9.87,2.58,True,66.11,2026-08-31 09:52:40,1972.2,1864.35,Technology,False,30194.4,
OIL.NS,490.95,469.94,532.96,23,21.01,483.12,11291.85,2.0,65.3,9.37,1.86,True,57.99,2026-08-31 09:52:34,482.0,468.16,Energy,False,18902.55,
INDGN.NS,585.15,563.65,628.16,21,21.5,451.58,12288.15,2.0,69.7,2.76,1.46,True,26.93,2026-08-31 09:52:29,576.75,558.5,Healthcare,False,6614.4,
CRAFTSMAN.NS,11011.5,10560.75,11913.0,0,450.75,0,0,2.0,66.4,1.53,0.75,True,26.11,2026-08-31 09:52:26,10929.5,10456.87,Consumer Cyclical,True,6614.4,
NIACL.NS,197.1,188.8,213.69,60,8.3,497.83,11826.0,2.0,69.3,52.86,3.11,True,274.69,2026-08-31 10:01:38,191.16,183.24,Financial Services,False,38174.0,
ECLERX.NS,2016.0,1909.35,2229.3,4,106.65,426.59,8064.0,2.0,66.6,12.3,2.22,True,78.76,2026-08-31 10:01:40,1972.2,1863.67,Technology,False,30110.0,
OIL.NS,488.55,467.54,530.56,23,21.01,483.12,11236.65,2.0,64.4,11.08,1.36,True,67.33,2026-08-31 10:01:33,482.0,467.93,Energy,False,18873.35,
INDGN.NS,585.05,563.55,628.06,21,21.5,451.58,12286.05,2.0,69.7,2.96,1.44,True,27.93,2026-08-31 10:01:27,576.75,558.49,Healthcare,False,6587.3,
CRAFTSMAN.NS,11043.5,10592.75,11945.0,0,450.75,0,0,2.0,66.9,1.76,1.04,True,26.85,2026-08-31 10:01:23,10929.5,10459.92,Consumer Cyclical,True,6587.3,
NIACL.NS,196.92,188.42,213.92,58,8.5,492.98,11421.36,2.0,69.7,43.75,2.61,True,229.47,2026-08-31 10:10:19,191.91,183.61,Financial Services,False,38578.64,
ECLERX.NS,2011.3,1907.75,2218.39,4,103.55,414.19,8045.2,2.0,66.6,12.53,0.67,True,81.56,2026-08-31 10:10:20,1998.0,1872.52,Technology,False,30533.44,
OIL.NS,488.5,470.62,524.26,25,17.88,447.05,12212.5,2.0,64.5,10.18,0.78,True,63.56,2026-08-31 10:10:15,484.7,469.4,Energy,False,18320.94,
BAJAJ-AUTO.NS,12015.0,11757.75,12529.5,1,257.25,257.25,12015.0,2.0,66.9,3.02,0.34,True,31.67,2026-08-31 10:10:05,11974.0,11659.33,Consumer Cyclical,False,6305.94,
MCX.NS,3371.3,3223.15,3667.6,1,148.15,148.15,3371.3,2.0,72.1,2.29,0.52,True,26.38,2026-08-31 10:10:14,3353.78,3081.76,Financial Services,False,2934.64,⚠️ Sector Warning: You already have a signal in Financial Services today — taking this one too means doubling up on the same sector's risk.
NIACL.NS,196.01,187.51,213.01,58,8.5,492.98,11368.58,2.0,69.0,41.01,2.14,True,216.49,2026-08-31 10:19:06,191.91,183.53,Financial Services,False,38631.42,
ECLERX.NS,2005.1,1901.55,2212.19,4,103.55,414.19,8020.4,2.0,66.2,11.62,0.36,True,77.45,2026-08-31 10:19:09,1998.0,1871.93,Technology,False,30611.02,
OIL.NS,488.15,470.27,523.91,25,17.88,447.05,12203.75,2.0,64.4,9.18,0.71,True,58.66,2026-08-31 10:19:01,484.7,469.36,Energy,False,18407.27,
BAJAJ-AUTO.NS,12007.0,11749.75,12521.5,1,257.25,257.25,12007.0,2.0,66.7,2.85,0.28,True,30.94,2026-08-31 10:18:48,11974.0,11658.57,Consumer Cyclical,False,6400.27,
PIRAMALFIN.NS,2307.8,2219.66,2484.07,2,88.14,176.28,4615.6,2.0,75.0,1.66,0.34,True,17.87,2026-08-31 10:19:02,2299.9,2161.15,Financial Services,False,1784.67,⚠️ Sector Warning: You already have a signal in Financial Services today — taking this one too means doubling up on the same sector's risk.
NIACL.NS,198.05,189.52,215.1,58,8.53,494.47,11486.9,2.0,70.5,39.61,3.2,True,207.93,2026-08-31 10:27:47,191.91,183.72,Financial Services,False,38513.1,
ECLERX.NS,2010.9,1907.35,2217.99,4,103.55,414.19,8043.6,2.0,66.6,10.71,0.65,True,72.5,2026-08-31 10:27:48,1998.0,1872.48,Technology,False,30469.5,
OIL.NS,487.7,469.82,523.46,25,17.88,447.05,12192.5,2.0,64.2,8.27,0.62,True,54.3,2026-08-31 10:27:43,484.7,469.32,Energy,False,18277.0,
KAJARIACER.NS,1250.0,1204.46,1341.07,10,45.54,455.36,12500.0,2.0,60.1,5.92,1.47,True,40.24,2026-08-31 10:27:40,1231.9,1217.73,Industrials,False,5777.0,
BAJAJ-AUTO.NS,12000.0,11742.75,12514.5,0,257.25,0,0,2.0,66.5,2.62,0.22,True,29.9,2026-08-31 10:27:31,11974.0,11657.9,Consumer Cyclical,True,5777.0,
NIACL.NS,198.92,190.48,215.8,59,8.44,498.07,11736.28,2.0,70.5,53.95,4.06,True,278.8,2026-08-31 10:36:39,191.16,183.41,Financial Services,False,38263.72,
KAJARIACER.NS,1243.3,1195.89,1338.12,10,47.41,474.11,12433.0,2.0,58.2,12.78,0.93,True,74.31,2026-08-31 10:36:31,1231.9,1216.98,Industrials,False,25830.72,
ECLERX.NS,2018.6,1911.95,2231.9,4,106.65,426.59,8074.4,2.0,66.8,11.06,2.35,True,72.35,2026-08-31 10:36:41,1972.2,1863.92,Technology,False,17756.32,
OIL.NS,487.8,466.79,529.81,23,21.01,483.12,11219.4,2.0,64.1,8.77,1.2,True,56.02,2026-08-31 10:36:34,482.0,467.86,Energy,False,6536.92,
CRISIL.NS,4822.5,4670.98,5125.54,1,151.52,151.52,4822.5,2.0,72.0,4.23,2.28,True,31.65,2026-08-31 10:36:23,4715.0,4514.37,Financial Services,False,1714.42,⚠️ Sector Warning: You already have a signal in Financial Services today — taking this one too means doubling up on the same sector's risk.
NIACL.NS,198.0,189.54,214.91,59,8.46,498.95,11682.0,2.0,69.9,53.47,3.58,True,277.08,2026-08-31 10:45:26,191.16,183.32,Financial Services,False,38318.0,
ECLERX.NS,2013.8,1907.15,2227.1,4,106.65,426.59,8055.2,2.0,66.5,10.21,2.11,True,68.43,2026-08-31 10:45:27,1972.2,1863.46,Technology,False,30262.8,
OIL.NS,488.0,466.99,530.01,23,21.01,483.12,11224.0,2.0,64.1,8.12,1.24,True,52.7,2026-08-31 10:45:20,482.0,467.88,Energy,False,19038.8,
CRISIL.NS,4819.5,4667.98,5122.54,2,151.52,303.04,9639.0,2.0,71.9,4.15,2.22,True,31.37,2026-08-31 10:45:07,4715.0,4514.08,Financial Services,False,9399.8,⚠️ Sector Warning: You already have a signal in Financial Services today — taking this one too means doubling up on the same sector's risk.
FLUOROCHEM.NS,4775.0,4543.45,5238.09,1,231.55,231.55,4775.0,2.0,64.0,2.01,0.48,True,30.09,2026-08-31 10:45:11,4752.0,4604.7,Basic Materials,False,4624.8,
NIACL.NS,198.42,189.96,215.33,59,8.46,498.95,11706.78,2.0,70.2,50.84,3.8,True,263.6,2026-08-31 10:54:09,191.16,183.36,Financial Services,False,38293.22,
KAJARIACER.NS,1238.9,1191.48,1333.74,10,47.42,474.21,12389.0,2.0,57.2,11.52,0.57,True,67.95,2026-08-31 10:53:59,1231.9,1216.56,Industrials,False,25904.22,
ECLERX.NS,2012.4,1905.75,2225.7,4,106.65,426.59,8049.6,2.0,66.4,9.49,2.04,True,64.93,2026-08-31 10:54:10,1972.2,1863.33,Technology,False,17854.62,
OIL.NS,487.25,466.24,529.26,23,21.01,483.12,11206.75,2.0,63.8,7.6,1.09,True,50.36,2026-08-31 10:54:03,482.0,467.81,Energy,False,6647.87,
THELEELA.NS,579.6,549.36,640.07,11,30.24,332.64,6375.6,2.0,74.3,4.04,0.62,True,36.14,2026-08-31 10:53:59,576.0,530.61,Consumer Cyclical,False,272.27,
NIACL.NS,199.53,191.02,216.55,58,8.51,493.6,11572.74,2.0,70.9,50.92,4.38,True,263.21,2026-08-31 11:03:08,191.16,183.47,Financial Services,False,38427.26,
KAJARIACER.NS,1240.0,1192.58,1334.84,10,47.42,474.21,12400.0,2.0,57.4,10.61,0.66,True,63.39,2026-08-31 11:03:00,1231.9,1216.66,Industrials,False,26027.26,
ECLERX.NS,2007.0,1900.35,2220.3,4,106.65,426.59,8028.0,2.0,66.1,8.87,1.76,True,62.21,2026-08-31 11:03:09,1972.2,1862.81,Technology,False,17999.26,
OIL.NS,485.65,464.64,527.66,23,21.01,483.12,11169.95,2.0,63.2,7.2,0.76,True,48.91,2026-08-31 11:03:03,482.0,467.65,Energy,False,6829.31,
THELEELA.NS,579.8,549.56,640.27,11,30.24,332.64,6377.8,2.0,74.3,4.01,0.66,True,35.95,2026-08-31 11:03:01,576.0,530.63,Consumer Cyclical,False,451.51,
NIACL.NS,199.1,190.59,216.12,58,8.51,493.6,11547.8,2.0,70.6,49.2,4.15,True,254.92,2026-08-31 11:11:45,191.16,183.43,Financial Services,False,38452.2,
KAJARIACER.NS,1240.0,1192.58,1334.84,10,47.42,474.21,12400.0,2.0,57.4,9.95,0.66,True,60.13,2026-08-31 11:11:40,1231.9,1216.66,Industrials,False,26052.2,
ECLERX.NS,2016.5,1909.85,2229.8,4,106.65,426.59,8066.0,2.0,66.7,8.43,2.25,True,59.37,2026-08-31 11:11:46,1972.2,1863.72,Technology,False,17986.2,
OIL.NS,484.9,463.89,526.91,23,21.01,483.12,11152.7,2.0,62.9,6.81,0.6,True,47.24,2026-08-31 11:11:42,482.0,467.58,Energy,False,6833.5,
INDGN.NS,590.0,568.24,633.52,11,21.76,239.36,6490.0,2.0,71.2,5.03,2.3,True,36.88,2026-08-31 11:11:39,576.75,558.96,Healthcare,False,343.5,
NIACL.NS,199.19,190.68,216.21,58,8.51,493.6,11553.02,2.0,70.7,47.63,4.2,True,247.0,2026-08-31 11:20:40,191.16,183.44,Financial Services,False,38446.98,
ECLERX.NS,2031.0,1924.35,2244.3,4,106.65,426.59,8124.0,2.0,67.5,8.34,2.98,True,57.93,2026-08-31 11:20:42,1972.2,1865.1,Technology,False,30322.98,
KAJARIACER.NS,1243.2,1195.78,1338.04,10,47.42,474.21,12432.0,2.0,58.2,9.41,0.92,True,57.48,2026-08-31 11:20:33,1231.9,1216.97,Industrials,False,17890.98,
OIL.NS,483.75,462.74,525.76,23,21.01,483.12,11126.25,2.0,62.4,6.49,0.36,True,45.94,2026-08-31 11:20:36,482.0,467.47,Energy,False,6764.73,
INDGN.NS,593.45,571.37,637.61,11,22.08,242.88,6527.95,2.0,72.3,6.0,2.9,True,40.83,2026-08-31 11:20:31,576.75,559.29,Healthcare,False,236.78,
NIACL.NS,198.59,190.08,215.61,58,8.51,493.6,11518.22,2.0,70.3,45.48,3.89,True,236.7,2026-08-31 11:29:15,191.16,183.38,Financial Services,False,38481.78,
ECLERX.NS,2037.5,1930.85,2250.8,4,106.65,426.59,8150.0,2.0,67.9,8.13,3.31,True,56.43,2026-08-31 11:29:16,1972.2,1865.72,Technology,False,30331.78,
KAJARIACER.NS,1243.4,1195.98,1338.24,10,47.42,474.21,12434.0,2.0,58.2,8.88,0.93,True,54.82,2026-08-31 11:29:10,1231.9,1216.99,Industrials,False,17897.78,
OIL.NS,484.3,463.29,526.31,23,21.01,483.12,11138.9,2.0,62.6,6.15,0.48,True,44.16,2026-08-31 11:29:12,482.0,467.52,Energy,False,6758.88,
INDGN.NS,594.0,571.92,638.16,11,22.08,242.88,6534.0,2.0,72.4,6.09,2.99,True,41.13,2026-08-31 11:29:09,576.75,559.34,Healthcare,False,224.88,
NIACL.NS,197.96,189.45,214.98,58,8.51,493.6,11481.68,2.0,69.9,43.73,3.56,True,228.39,2026-08-31 11:39:58,191.16,183.32,Financial Services,False,38518.32,
ECLERX.NS,2055.0,1947.22,2270.57,4,107.78,431.14,8220.0,2.0,68.8,8.68,4.2,True,58.04,2026-08-31 11:39:59,1972.2,1867.38,Technology,False,30298.32,
KAJARIACER.NS,1238.4,1190.98,1333.24,10,47.42,474.21,12384.0,2.0,57.1,8.54,0.53,True,53.04,2026-08-31 11:39:53,1231.9,1216.51,Industrials,False,17914.32,
INDGN.NS,596.4,573.95,641.29,20,22.45,448.93,11928.0,2.0,73.1,7.85,3.41,True,49.29,2026-08-31 11:39:51,576.75,559.57,Healthcare,False,5986.32,
OIL.NS,484.8,463.79,526.81,12,21.01,252.12,5817.6,2.0,62.8,5.81,0.58,True,42.26,2026-08-31 11:39:55,482.0,467.57,Energy,False,168.72,
NIACL.NS,197.24,188.73,214.26,58,8.51,493.6,11439.92,2.0,69.4,42.03,3.18,True,220.45,2026-08-31 11:48:48,191.16,183.25,Financial Services,False,38560.08,
ECLERX.NS,2053.2,1945.24,2269.11,4,107.96,431.82,8212.8,2.0,68.7,8.72,4.11,True,58.34,2026-08-31 11:48:49,1972.2,1867.21,Technology,False,30347.28,
KAJARIACER.NS,1241.6,1194.18,1336.44,10,47.42,474.21,12416.0,2.0,57.8,8.08,0.79,True,50.81,2026-08-31 11:48:41,1231.9,1216.82,Industrials,False,17931.28,
INDGN.NS,596.6,574.15,641.49,20,22.45,448.93,11932.0,2.0,73.1,7.96,3.44,True,49.79,2026-08-31 11:48:39,576.75,559.59,Healthcare,False,5999.28,
OIL.NS,484.45,463.44,526.46,12,21.01,252.12,5813.4,2.0,62.7,5.52,0.51,True,40.96,2026-08-31 11:48:44,482.0,467.54,Energy,False,185.88,
NIACL.NS,195.97,187.26,213.4,57,8.71,496.63,11170.29,2.0,69.0,31.6,2.12,True,169.47,2026-08-31 11:57:36,191.91,183.52,Financial Services,False,38829.71,
ECLERX.NS,2038.1,1933.25,2247.81,4,104.85,419.42,8152.4,2.0,68.2,7.65,2.01,True,55.36,2026-08-31 11:57:37,1998.0,1875.07,Technology,False,30677.31,
KAJARIACER.NS,1243.8,1198.07,1335.26,10,45.73,457.29,12438.0,2.0,58.8,7.56,0.97,True,48.29,2026-08-31 11:57:31,1231.9,1217.14,Industrials,False,18239.31,
THELEELA.NS,577.5,547.46,637.59,16,30.04,480.69,9240.0,2.0,74.2,3.94,0.26,True,36.12,2026-08-31 11:57:32,576.0,532.98,Consumer Cyclical,False,8999.31,
INDGN.NS,598.8,577.22,641.96,15,21.58,323.7,8982.0,2.0,74.1,4.34,1.98,True,32.92,2026-08-31 11:57:30,587.15,561.8,Healthcare,False,17.31,
NIACL.NS,195.49,186.98,212.51,58,8.51,493.6,11338.42,2.0,68.1,40.81,2.27,True,215.69,2026-08-31 12:06:23,191.16,183.08,Financial Services,False,38661.58,
ECLERX.NS,2033.1,1925.14,2249.01,4,107.96,431.82,8132.4,2.0,67.6,8.32,3.09,True,57.68,2026-08-31 12:06:24,1972.2,1865.3,Technology,False,30529.18,
INDGN.NS,599.4,576.74,644.71,20,22.66,453.11,11988.0,2.0,73.8,8.71,3.93,True,52.82,2026-08-31 12:06:17,576.75,559.85,Healthcare,False,18541.18,
KAJARIACER.NS,1244.7,1197.28,1339.54,10,47.42,474.21,12447.0,2.0,58.5,7.4,1.04,True,47.46,2026-08-31 12:06:18,1231.9,1217.11,Industrials,False,6094.18,
OIL.NS,484.55,463.54,526.56,12,21.01,252.12,5814.6,2.0,62.7,5.04,0.53,True,38.53,2026-08-31 12:06:20,482.0,467.55,Energy,False,279.58,
NIACL.NS,193.84,185.13,211.27,57,8.71,496.63,11048.88,2.0,67.2,30.33,1.01,True,164.81,2026-08-31 12:15:17,191.91,183.32,Financial Services,False,38951.12,
ECLERX.NS,2032.6,1927.75,2242.31,4,104.85,419.42,8130.4,2.0,67.9,7.29,1.73,True,53.94,2026-08-31 12:15:19,1998.0,1874.55,Technology,False,30820.72,
KAJARIACER.NS,1249.0,1203.27,1340.46,10,45.73,457.29,12490.0,2.0,59.9,7.33,1.39,True,47.26,2026-08-31 12:15:11,1231.9,1217.63,Industrials,False,18330.72,
THELEELA.NS,578.4,548.36,638.49,16,30.04,480.69,9254.4,2.0,74.4,3.68,0.42,True,34.62,2026-08-31 12:15:11,576.0,533.07,Consumer Cyclical,False,9076.32,
KPRMILL.NS,1171.7,1126.19,1262.73,7,45.51,318.57,8201.9,2.0,63.4,2.34,1.01,True,24.66,2026-08-31 12:15:11,1160.0,1119.47,Consumer Cyclical,False,874.42,⚠️ Sector Warning: You already have a signal in Consumer Cyclical today — taking this one too means doubling up on the same sector's risk.
NIACL.NS,194.05,185.34,211.48,57,8.71,496.63,11060.85,2.0,67.4,29.38,1.12,True,159.89,2026-08-31 12:24:02,191.91,183.34,Financial Services,False,38939.15,
ECLERX.NS,2054.8,1949.95,2264.51,4,104.85,419.42,8219.2,2.0,69.2,7.18,2.84,True,51.88,2026-08-31 12:24:03,1998.0,1876.66,Technology,False,30719.95,
KAJARIACER.NS,1245.5,1199.77,1336.96,10,45.73,457.29,12455.0,2.0,59.1,7.08,1.1,True,45.95,2026-08-31 12:23:57,1231.9,1217.3,Industrials,False,18264.95,
THELEELA.NS,578.8,548.76,638.89,16,30.04,480.69,9260.8,2.0,74.5,3.57,0.49,True,33.99,2026-08-31 12:23:58,576.0,533.11,Consumer Cyclical,False,9004.15,
KPRMILL.NS,1173.0,1127.41,1264.18,7,45.59,319.13,8211.0,2.0,63.6,2.36,1.12,True,24.59,2026-08-31 12:23:57,1160.0,1119.6,Consumer Cyclical,False,793.15,⚠️ Sector Warning: You already have a signal in Consumer Cyclical today — taking this one too means doubling up on the same sector's risk.
NIACL.NS,194.26,185.75,211.28,58,8.51,493.6,11267.08,2.0,67.1,37.16,1.62,True,198.38,2026-08-31 12:33:10,191.16,182.97,Financial Services,False,38732.92,
ECLERX.NS,2059.2,1951.01,2275.58,4,108.19,432.77,8236.8,2.0,69.0,7.99,4.41,True,54.34,2026-08-31 12:33:11,1972.2,1867.78,Technology,False,30496.12,
KAJARIACER.NS,1246.2,1198.78,1341.04,10,47.42,474.21,12462.0,2.0,58.8,6.94,1.16,True,45.16,2026-08-31 12:33:02,1231.9,1217.25,Industrials,False,18034.12,
OIL.NS,483.7,462.69,525.71,23,21.01,483.12,11125.1,2.0,62.3,4.5,0.35,True,35.97,2026-08-31 12:33:05,482.0,467.47,Energy,False,6909.02,
THELEELA.NS,578.05,547.8,638.54,11,30.25,332.75,6358.55,2.0,74.0,2.9,0.36,True,30.81,2026-08-31 12:33:03,576.0,530.47,Consumer Cyclical,False,550.47,
NIACL.NS,194.85,186.14,212.28,57,8.71,496.63,11106.45,2.0,68.1,27.41,1.53,True,149.39,2026-08-31 12:42:12,191.91,183.42,Financial Services,False,38893.55,
ECLERX.NS,2054.0,1948.91,2264.18,4,105.09,420.36,8216.0,2.0,69.1,7.04,2.8,True,51.25,2026-08-31 12:42:15,1998.0,1876.58,Technology,False,30677.55,
KAJARIACER.NS,1243.7,1197.97,1335.16,10,45.73,457.29,12437.0,2.0,58.7,6.71,0.96,True,44.07,2026-08-31 12:42:01,1231.9,1217.13,Industrials,False,18240.55,
THELEELA.NS,577.8,547.76,637.89,16,30.04,480.69,9244.8,2.0,74.3,3.34,0.31,True,33.04,2026-08-31 12:42:03,576.0,533.01,Consumer Cyclical,False,8995.75,
KPRMILL.NS,1177.9,1131.93,1269.85,7,45.97,321.79,8245.3,2.0,64.4,2.55,1.54,True,24.85,2026-08-31 12:42:01,1160.0,1120.06,Consumer Cyclical,False,750.45,⚠️ Sector Warning: You already have a signal in Consumer Cyclical today — taking this one too means doubling up on the same sector's risk.
NIACL.NS,195.53,186.82,212.96,57,8.71,496.63,11145.21,2.0,68.6,26.47,1.89,True,144.15,2026-08-31 12:50:49,191.91,183.48,Financial Services,False,38854.79,
ECLERX.NS,2052.3,1947.21,2262.48,4,105.09,420.36,8209.2,2.0,69.0,6.83,2.72,True,50.33,2026-08-31 12:50:51,1998.0,1876.42,Technology,False,30645.59,
KAJARIACER.NS,1244.1,1198.37,1335.56,10,45.73,457.29,12441.0,2.0,58.8,6.55,0.99,True,43.26,2026-08-31 12:50:44,1231.9,1217.16,Industrials,False,18204.59,
KPRMILL.NS,1175.3,1129.31,1267.27,10,45.99,459.86,11753.0,2.0,64.0,2.56,1.32,True,25.26,2026-08-31 12:50:44,1160.0,1119.82,Consumer Cyclical,False,6451.59,
OFSS.NS,12314.0,11840.75,13260.5,0,473.25,0,0,2.0,65.9,1.54,0.32,True,24.88,2026-08-31 12:50:47,12275.0,11754.45,Technology,True,6451.59,⚠️ Sector Warning: You already have a signal in Technology today — taking this one too means doubling up on the same sector's risk.
NIACL.NS,194.56,186.05,211.58,58,8.51,493.6,11284.48,2.0,67.3,33.62,1.78,True,180.45,2026-08-31 13:00:07,191.16,183.0,Financial Services,False,38715.52,
ECLERX.NS,2053.4,1945.21,2269.78,4,108.19,432.77,8213.6,2.0,68.7,7.42,4.12,True,51.83,2026-08-31 13:00:10,1972.2,1867.23,Technology,False,30501.92,
KAJARIACER.NS,1244.1,1196.68,1338.94,10,47.42,474.21,12441.0,2.0,58.4,6.41,0.99,True,42.49,2026-08-31 12:59:58,1231.9,1217.05,Industrials,False,18060.92,
CRAFTSMAN.NS,11387.0,10896.23,12368.54,1,490.77,490.77,11387.0,2.0,71.2,2.94,4.19,True,28.22,2026-08-31 12:59:49,10929.5,10492.63,Consumer Cyclical,False,6673.92,
KPRMILL.NS,1172.4,1123.05,1271.1,5,49.35,246.75,5862.0,2.0,63.0,2.89,0.42,True,28.16,2026-08-31 12:59:58,1167.5,1118.0,Consumer Cyclical,False,811.92,⚠️ Sector Warning: You already have a signal in Consumer Cyclical today — taking this one too means doubling up on the same sector's risk.
NIACL.NS,194.52,185.81,211.95,57,8.71,496.63,11087.64,2.0,67.8,24.74,1.36,True,136.28,2026-08-31 13:08:42,191.91,183.39,Financial Services,False,38912.36,
ECLERX.NS,2037.5,1932.41,2247.68,4,105.09,420.36,8150.0,2.0,68.2,6.63,1.98,True,50.31,2026-08-31 13:08:44,1998.0,1875.01,Technology,False,30762.36,
KAJARIACER.NS,1244.1,1198.37,1335.56,10,45.73,457.29,12441.0,2.0,58.8,6.1,0.99,True,41.01,2026-08-31 13:08:36,1231.9,1217.16,Industrials,False,18321.36,
KPRMILL.NS,1172.6,1126.4,1265.0,10,46.2,462.0,11726.0,2.0,63.5,2.73,1.09,True,26.48,2026-08-31 13:08:36,1160.0,1119.56,Consumer Cyclical,False,6595.36,
NAVINFLUOR.NS,8653.0,8341.91,9275.18,0,311.09,0,0,2.0,66.5,1.84,0.32,True,25.99,2026-08-31 13:08:38,8625.0,8246.29,Basic Materials,True,6595.36,
NIACL.NS,195.43,186.92,212.45,58,8.51,493.6,11334.94,2.0,68.0,31.49,2.23,True,169.1,2026-08-31 13:17:48,191.16,183.08,Financial Services,False,38665.06,
INDGN.NS,603.8,580.37,650.66,20,23.43,468.64,12076.0,2.0,74.9,9.21,4.69,True,54.23,2026-08-31 13:17:36,576.75,560.27,Healthcare,False,26589.06,
ECLERX.NS,2033.0,1924.81,2249.38,4,108.19,432.77,8132.0,2.0,67.6,7.17,3.08,True,51.95,2026-08-31 13:17:50,1972.2,1865.29,Technology,False,18457.06,
KAJARIACER.NS,1246.0,1198.58,1340.84,10,47.42,474.21,12460.0,2.0,58.8,5.98,1.14,True,40.38,2026-08-31 13:17:39,1231.9,1217.23,Industrials,False,5997.06,
CRAFTSMAN.NS,11402.5,10911.73,12384.04,0,490.77,0,0,2.0,71.3,3.45,4.33,True,30.6,2026-08-31 13:17:31,10929.5,10494.11,Consumer Cyclical,True,5997.06,
NIACL.NS,195.56,187.05,212.58,58,8.51,493.6,11342.48,2.0,68.1,30.61,2.3,True,164.61,2026-08-31 13:26:26,191.16,183.09,Financial Services,False,38657.52,
ECLERX.NS,2015.1,1906.91,2231.48,4,108.19,432.77,8060.4,2.0,66.6,7.17,2.18,True,53.14,2026-08-31 13:26:27,1972.2,1863.58,Technology,False,30597.12,
KAJARIACER.NS,1245.8,1198.38,1340.64,10,47.42,474.21,12458.0,2.0,58.7,5.8,1.13,True,39.46,2026-08-31 13:26:21,1231.9,1217.22,Industrials,False,18139.12,
CRAFTSMAN.NS,11448.5,10957.73,12430.04,1,490.77,490.77,11448.5,2.0,71.8,3.56,4.75,True,30.6,2026-08-31 13:26:15,10929.5,10498.49,Consumer Cyclical,False,6690.62,
KPRMILL.NS,1172.9,1123.55,1271.6,5,49.35,246.75,5864.5,2.0,63.1,2.87,0.46,True,27.96,2026-08-31 13:26:20,1167.5,1118.04,Consumer Cyclical,False,826.12,⚠️ Sector Warning: You already have a signal in Consumer Cyclical today — taking this one too means doubling up on the same sector's risk.
NIACL.NS,195.55,186.84,212.98,57,8.71,496.63,11146.35,2.0,68.7,22.61,1.9,True,124.82,2026-08-31 13:35:59,191.91,183.48,Financial Services,False,38853.65,
ECLERX.NS,2021.0,1915.91,2231.18,4,105.09,420.36,8084.0,2.0,67.2,6.29,1.15,True,49.69,2026-08-31 13:36:02,1998.0,1873.44,Technology,False,30769.65,
KAJARIACER.NS,1245.6,1199.87,1337.06,10,45.73,457.29,12456.0,2.0,59.2,5.54,1.11,True,38.23,2026-08-31 13:35:48,1231.9,1217.31,Industrials,False,18313.65,
AUROPHARMA.NS,1684.2,1635.27,1782.06,7,48.93,342.53,11789.4,2.0,64.8,2.71,1.69,True,26.27,2026-08-31 13:35:37,1656.2,1624.65,Healthcare,False,6524.25,
KPRMILL.NS,1177.5,1131.3,1269.9,5,46.2,231.0,5887.5,2.0,64.3,2.73,1.51,True,25.81,2026-08-31 13:35:48,1160.0,1120.03,Consumer Cyclical,False,636.75,
NIACL.NS,194.75,186.24,211.77,58,8.51,493.6,11295.5,2.0,67.5,28.78,1.88,True,156.07,2026-08-31 13:45:29,191.16,183.01,Financial Services,False,38704.5,
ECLERX.NS,2021.4,1913.21,2237.78,4,108.19,432.77,8085.6,2.0,67.0,6.79,2.49,True,50.83,2026-08-31 13:45:31,1972.2,1864.18,Technology,False,30618.9,
KAJARIACER.NS,1242.4,1194.98,1337.24,10,47.42,474.21,12424.0,2.0,58.0,5.45,0.85,True,37.66,2026-08-31 13:45:18,1231.9,1216.89,Industrials,False,18194.9,
CRAFTSMAN.NS,11409.0,10918.23,12390.54,1,490.77,490.77,11409.0,2.0,71.4,3.74,4.39,True,31.98,2026-08-31 13:45:10,10929.5,10494.73,Consumer Cyclical,False,6785.9,
KPRMILL.NS,1177.5,1128.15,1276.2,5,49.35,246.75,5887.5,2.0,63.8,2.87,0.86,True,27.35,2026-08-31 13:45:18,1167.5,1118.48,Consumer Cyclical,False,898.4,⚠️ Sector Warning: You already have a signal in Consumer Cyclical today — taking this one too means doubling up on the same sector's risk.
NIACL.NS,193.73,185.22,210.75,58,8.51,493.6,11236.34,2.0,66.7,28.37,1.34,True,154.84,2026-08-31 13:53:43,191.16,182.92,Financial Services,False,38763.66,
ECLERX.NS,2023.9,1915.71,2240.28,4,108.19,432.77,8095.6,2.0,67.1,6.64,2.62,True,49.89,2026-08-31 13:53:46,1972.2,1864.42,Technology,False,30668.06,
KAJARIACER.NS,1244.6,1197.18,1339.44,10,47.42,474.21,12446.0,2.0,58.5,5.31,1.03,True,36.99,2026-08-31 13:53:35,1231.9,1217.1,Industrials,False,18222.06,
CRAFTSMAN.NS,11420.0,10929.23,12401.54,1,490.77,490.77,11420.0,2.0,71.5,3.8,4.49,True,32.13,2026-08-31 13:53:30,10929.5,10495.78,Consumer Cyclical,False,6802.06,
KPRMILL.NS,1179.6,1130.12,1278.56,5,49.48,247.4,5898.0,2.0,64.1,2.93,1.04,True,27.38,2026-08-31 13:53:36,1167.5,1118.68,Consumer Cyclical,False,904.06,⚠️ Sector Warning: You already have a signal in Consumer Cyclical today — taking this one too means doubling up on the same sector's risk.
NIACL.NS,193.52,185.01,210.54,58,8.51,493.6,11224.16,2.0,66.5,27.77,1.23,True,152.02,2026-08-31 14:02:38,191.16,182.9,Financial Services,False,38775.84,
INDGN.NS,603.75,580.23,650.79,20,23.52,470.36,12075.0,2.0,74.9,8.99,4.68,True,53.14,2026-08-31 14:02:27,576.75,560.27,Healthcare,False,26700.84,
ECLERX.NS,2020.5,1912.31,2236.88,4,108.19,432.77,8082.0,2.0,66.9,6.49,2.45,True,49.36,2026-08-31 14:02:40,1972.2,1864.1,Technology,False,18618.84,
KAJARIACER.NS,1244.0,1196.58,1338.84,10,47.42,474.21,12440.0,2.0,58.3,5.16,0.98,True,36.21,2026-08-31 14:02:31,1231.9,1217.04,Industrials,False,6178.84,
CRAFTSMAN.NS,11398.0,10907.23,12379.54,0,490.77,0,0,2.0,71.3,3.84,4.29,True,32.62,2026-08-31 14:02:24,10929.5,10493.68,Consumer Cyclical,True,6178.84,
NIACL.NS,193.49,184.98,210.51,58,8.51,493.6,11222.42,2.0,66.4,27.24,1.22,True,149.37,2026-08-31 14:11:21,191.16,182.89,Financial Services,False,38777.58,
INDGN.NS,603.35,579.83,650.39,20,23.52,470.36,12067.0,2.0,74.8,8.89,4.61,True,52.75,2026-08-31 14:11:13,576.75,560.23,Healthcare,False,26710.58,
ECLERX.NS,2015.9,1907.71,2232.28,4,108.19,432.77,8063.6,2.0,66.6,6.35,2.22,True,49.01,2026-08-31 14:11:23,1972.2,1863.66,Technology,False,18646.98,
KAJARIACER.NS,1244.2,1196.78,1339.04,10,47.42,474.21,12442.0,2.0,58.4,5.04,1.0,True,35.64,2026-08-31 14:11:14,1231.9,1217.06,Industrials,False,6204.98,
CRAFTSMAN.NS,11400.0,10909.23,12381.54,0,490.77,0,0,2.0,71.3,3.89,4.3,True,32.82,2026-08-31 14:11:11,10929.5,10493.87,Consumer Cyclical,True,6204.98,
NIACL.NS,194.38,185.67,211.81,57,8.71,496.63,11079.66,2.0,67.7,20.26,1.29,True,113.99,2026-08-31 14:20:39,191.91,183.37,Financial Services,False,38920.34,
ECLERX.NS,2015.1,1910.01,2225.28,4,105.09,420.36,8060.4,2.0,66.9,5.57,0.86,True,46.53,2026-08-31 14:20:42,1998.0,1872.88,Technology,False,30859.94,
KAJARIACER.NS,1244.2,1198.47,1335.66,10,45.73,457.29,12442.0,2.0,58.8,4.81,1.0,True,34.57,2026-08-31 14:20:26,1231.9,1217.17,Industrials,False,18417.94,
KPRMILL.NS,1185.0,1138.26,1278.47,10,46.74,467.36,11850.0,2.0,65.4,3.1,2.16,True,26.67,2026-08-31 14:20:26,1160.0,1120.74,Consumer Cyclical,False,6567.94,
AUROPHARMA.NS,1683.3,1634.37,1781.16,3,48.93,146.79,5049.9,2.0,64.7,2.66,1.64,True,26.09,2026-08-31 14:20:13,1656.2,1624.56,Healthcare,False,1518.04,
NIACL.NS,193.71,185.0,211.14,57,8.71,496.63,11041.47,2.0,67.1,19.85,0.94,True,112.48,2026-08-31 14:29:05,191.91,183.31,Financial Services,False,38958.53,
ECLERX.NS,2019.0,1913.91,2229.18,4,105.09,420.36,8076.0,2.0,67.1,5.46,1.05,True,45.71,2026-08-31 14:29:07,1998.0,1873.25,Technology,False,30882.53,
KAJARIACER.NS,1243.2,1197.47,1334.66,10,45.73,457.29,12432.0,2.0,58.6,4.7,0.92,True,34.01,2026-08-31 14:28:55,1231.9,1217.08,Industrials,False,18450.53,
KPRMILL.NS,1187.8,1140.76,1281.87,10,47.04,470.36,11878.0,2.0,65.8,3.25,2.4,True,27.02,2026-08-31 14:28:54,1160.0,1121.01,Consumer Cyclical,False,6572.53,
AUROPHARMA.NS,1677.7,1628.77,1775.56,3,48.93,146.79,5033.1,2.0,63.9,2.67,1.3,True,26.78,2026-08-31 14:28:43,1656.2,1624.03,Healthcare,False,1539.43,
NIACL.NS,192.93,184.42,209.95,58,8.51,493.6,11189.94,2.0,66.0,25.68,0.93,True,142.06,2026-08-31 14:38:00,191.16,182.84,Financial Services,False,38810.06,
ECLERX.NS,2018.9,1910.71,2235.28,4,108.19,432.77,8075.6,2.0,66.8,5.95,2.37,True,46.79,2026-08-31 14:38:02,1972.2,1863.95,Technology,False,30734.46,
KAJARIACER.NS,1245.8,1198.38,1340.64,10,47.42,474.21,12458.0,2.0,58.7,4.69,1.13,True,33.89,2026-08-31 14:37:52,1231.9,1217.22,Industrials,False,18276.46,
CRAFTSMAN.NS,11442.0,10951.23,12423.54,1,490.77,490.77,11442.0,2.0,71.8,4.02,4.69,True,32.97,2026-08-31 14:37:45,10929.5,10497.87,Consumer Cyclical,False,6834.46,
OIL.NS,483.9,462.89,525.91,14,21.01,294.14,6774.6,2.0,62.4,3.5,0.39,True,30.99,2026-08-31 14:37:55,482.0,467.49,Energy,False,59.86,
NIACL.NS,193.7,185.19,210.72,58,8.51,493.6,11234.6,2.0,66.6,25.13,1.33,True,138.67,2026-08-31 14:46:47,191.16,182.91,Financial Services,False,38765.4,
ECLERX.NS,2023.7,1915.51,2240.08,4,108.19,432.77,8094.8,2.0,67.1,5.85,2.61,True,45.97,2026-08-31 14:46:49,1972.2,1864.4,Technology,False,30670.6,
CRAFTSMAN.NS,11436.0,10945.23,12417.54,1,490.77,490.77,11436.0,2.0,71.7,4.1,4.63,True,33.46,2026-08-31 14:46:38,10929.5,10497.3,Consumer Cyclical,False,19234.6,
KAJARIACER.NS,1245.5,1198.08,1340.34,10,47.42,474.21,12455.0,2.0,58.7,4.57,1.1,True,33.33,2026-08-31 14:46:42,1231.9,1217.19,Industrials,False,6779.6,
TBOTEK.NS,1747.7,1659.07,1924.96,3,88.63,265.89,5243.1,2.0,66.6,2.38,0.56,True,32.62,2026-08-31 14:46:47,1737.9,1656.35,Consumer Cyclical,False,1536.5,⚠️ Sector Warning: You already have a signal in Consumer Cyclical today — taking this one too means doubling up on the same sector's risk.
ECLERX.NS,2021.9,1913.71,2238.28,4,108.19,432.77,8087.6,2.0,67.0,5.75,2.52,True,45.57,2026-08-31 14:55:58,1972.2,1864.23,Technology,False,41912.4,
CRAFTSMAN.NS,11370.0,10879.23,12351.54,1,490.77,490.77,11370.0,2.0,71.0,4.21,4.03,True,34.79,2026-08-31 14:55:41,10929.5,10491.01,Consumer Cyclical,False,30542.4,
KPRMILL.NS,1190.0,1138.73,1292.54,9,51.27,461.41,10710.0,2.0,65.5,4.55,1.93,True,34.15,2026-08-31 14:55:48,1167.5,1119.67,Consumer Cyclical,False,19832.4,⚠️ Sector Warning: You already have a signal in Consumer Cyclical today — taking this one too means doubling up on the same sector's risk.
ASTRAL.NS,1564.3,1504.96,1682.98,7,59.34,415.37,10950.1,2.0,63.8,4.35,0.51,True,33.92,2026-08-31 14:55:37,1556.4,1511.11,Industrials,False,8882.3,
TBOTEK.NS,1743.6,1654.97,1920.86,5,88.63,443.14,8718.0,2.0,66.3,2.48,0.33,True,33.44,2026-08-31 14:55:55,1737.9,1655.96,Consumer Cyclical,False,164.3,⚠️ Sector Warning: You already have a signal in Consumer Cyclical today — taking this one too means doubling up on the same sector's risk.
ECLERX.NS,2002.4,1894.21,2218.78,4,108.19,432.77,8009.6,2.0,65.8,5.78,1.53,True,47.05,2026-08-31 15:04:38,1972.2,1862.37,Technology,False,41990.4,
CRAFTSMAN.NS,11248.5,10757.73,12230.04,1,490.77,490.77,11248.5,2.0,69.6,4.92,2.92,True,39.88,2026-08-31 15:04:28,10929.5,10479.44,Consumer Cyclical,False,30741.9,
KPRMILL.NS,1181.7,1130.43,1284.24,9,51.27,461.41,10635.3,2.0,64.4,5.15,1.22,True,38.2,2026-08-31 15:04:32,1167.5,1118.88,Consumer Cyclical,False,20106.6,⚠️ Sector Warning: You already have a signal in Consumer Cyclical today — taking this one too means doubling up on the same sector's risk.
ASTRAL.NS,1566.2,1506.3,1685.99,7,59.9,419.27,10963.4,2.0,64.1,4.64,0.63,True,35.15,2026-08-31 15:04:25,1556.4,1511.29,Industrials,False,9143.2,
TBOTEK.NS,1742.5,1653.87,1919.76,5,88.63,443.14,8712.5,2.0,66.2,2.59,0.26,True,34.13,2026-08-31 15:04:36,1737.9,1655.85,Consumer Cyclical,False,430.7,⚠️ Sector Warning: You already have a signal in Consumer Cyclical today — taking this one too means doubling up on the same sector's risk.
ECLERX.NS,1976.5,1868.31,2192.88,4,108.19,432.77,7906.0,2.0,64.2,5.95,0.22,True,49.74,2026-08-31 15:13:38,1972.2,1859.91,Technology,False,42094.0,
CRAFTSMAN.NS,11066.0,10575.23,12047.54,1,490.77,490.77,11066.0,2.0,67.2,6.25,1.25,True,48.96,2026-08-31 15:13:23,10929.5,10462.06,Consumer Cyclical,False,31028.0,
KPRMILL.NS,1180.0,1128.73,1282.54,9,51.27,461.41,10620.0,2.0,64.1,5.54,1.07,True,40.38,2026-08-31 15:13:28,1167.5,1118.72,Consumer Cyclical,False,20408.0,⚠️ Sector Warning: You already have a signal in Consumer Cyclical today — taking this one too means doubling up on the same sector's risk.
ASTRAL.NS,1568.0,1507.26,1689.48,7,60.74,425.19,10976.0,2.0,64.4,5.51,0.75,True,39.31,2026-08-31 15:13:21,1556.4,1511.46,Industrials,False,9432.0,
TBOTEK.NS,1745.5,1656.87,1922.76,5,88.63,443.14,8727.5,2.0,66.4,2.73,0.44,True,34.56,2026-08-31 15:13:35,1737.9,1656.14,Consumer Cyclical,False,704.5,⚠️ Sector Warning: You already have a signal in Consumer Cyclical today — taking this one too means doubling up on the same sector's risk.
KPRMILL.NS,1170.4,1122.28,1266.64,10,48.12,481.18,11704.0,2.0,63.2,5.34,0.9,True,39.85,2026-08-31 15:22:17,1160.0,1119.35,Consumer Cyclical,False,38296.0,
ASTRAL.NS,1573.4,1512.66,1694.88,7,60.74,425.19,11013.8,2.0,65.1,5.58,1.09,True,39.06,2026-08-31 15:22:10,1556.4,1511.97,Industrials,False,27282.2,
TBOTEK.NS,1748.5,1660.39,1924.73,5,88.11,440.57,8742.5,2.0,66.0,3.27,0.61,True,36.98,2026-08-31 15:22:21,1737.9,1659.52,Consumer Cyclical,False,18539.7,⚠️ Sector Warning: You already have a signal in Consumer Cyclical today — taking this one too means doubling up on the same sector's risk.
KAJARIACER.NS,1243.8,1198.07,1335.26,10,45.73,457.29,12438.0,2.0,58.8,4.57,0.97,True,33.36,2026-08-31 15:22:17,1231.9,1217.14,Industrials,False,6101.7,⚠️ Sector Warning: You already have a signal in Industrials today — taking this one too means doubling up on the same sector's risk.
VIJAYA.NS,1523.1,1451.54,1666.22,4,71.56,286.24,6092.4,2.0,64.5,2.68,1.0,True,30.3,2026-08-31 15:22:22,1508.0,1458.03,Healthcare,False,9.3,
GRAPHITE.NS,739.0,703.79,809.42,14,35.21,492.97,10346.0,2.0,61.9,7.31,1.79,True,49.99,2026-09-01 09:22:58,726.0,704.21,Industrials,False,39654.0,
COHANCE.NS,471.6,443.65,527.51,17,27.95,475.21,8017.2,2.0,59.0,4.57,0.94,True,34.63,2026-09-01 09:22:54,467.2,451.06,Healthcare,False,31636.8,
HEG.NS,745.7,707.68,821.75,13,38.03,494.33,9694.1,2.0,68.5,2.0,0.29,True,32.02,2026-09-01 09:22:59,743.55,703.03,Industrials,False,21942.7,⚠️ Sector Warning: You already have a signal in Industrials today — taking this one too means doubling up on the same sector's risk.
BAJAJ-AUTO.NS,12244.0,11962.43,12807.14,1,281.57,281.57,12244.0,2.0,71.2,1.47,2.25,True,20.52,2026-09-01 09:22:50,11974.0,11681.14,Consumer Cyclical,False,9698.7,
GRAPHITE.NS,743.25,707.22,815.3,13,36.03,468.35,9662.25,2.0,62.8,17.94,2.38,True,102.72,2026-09-01 09:35:56,726.0,704.62,Industrials,False,40337.75,
COHANCE.NS,472.0,444.05,527.91,17,27.95,475.21,8024.0,2.0,59.2,7.1,1.03,True,47.22,2026-09-01 09:35:53,467.2,451.09,Healthcare,False,32313.75,
ENGINERSIN.NS,269.2,255.44,296.72,36,13.76,495.33,9691.2,2.0,69.5,7.37,2.14,True,47.14,2026-09-01 09:35:55,263.55,247.25,Industrials,False,22622.55,⚠️ Sector Warning: You already have a signal in Industrials today — taking this one too means doubling up on the same sector's risk.
TATATECH.NS,844.9,803.74,927.22,12,41.16,493.91,10138.8,2.0,60.4,2.88,0.58,True,32.22,2026-09-01 09:36:10,840.0,813.93,Technology,False,12483.75,
KAJARIACER.NS,1248.9,1205.56,1335.58,9,43.34,390.06,11240.1,2.0,59.9,3.1,1.38,True,26.11,2026-09-01 09:36:01,1231.9,1217.62,Industrials,False,1243.65,⚠️ Sector Warning: You already have a signal in Industrials today — taking this one too means doubling up on the same sector's risk.
GRAPHITE.NS,736.75,700.72,808.8,13,36.03,468.35,9577.75,2.0,61.5,19.15,1.48,True,109.28,2026-09-01 09:37:19,726.0,704.0,Industrials,False,40422.25,
COHANCE.NS,472.0,444.05,527.91,17,27.95,475.21,8024.0,2.0,59.2,7.53,1.03,True,49.4,2026-09-01 09:37:16,467.2,451.09,Healthcare,False,32398.25,
ENGINERSIN.NS,269.4,255.64,296.92,36,13.76,495.33,9698.4,2.0,69.6,7.63,2.22,True,48.35,2026-09-01 09:37:18,263.55,247.27,Industrials,False,22699.85,⚠️ Sector Warning: You already have a signal in Industrials today — taking this one too means doubling up on the same sector's risk.
TATATECH.NS,845.55,804.39,927.87,12,41.16,493.91,10146.6,2.0,60.6,2.92,0.66,True,32.43,2026-09-01 09:37:29,840.0,813.99,Technology,False,12553.25,
KAJARIACER.NS,1247.8,1204.46,1334.48,10,43.34,433.39,12478.0,2.0,59.7,3.11,1.29,True,26.15,2026-09-01 09:37:22,1231.9,1217.52,Industrials,False,75.25,⚠️ Sector Warning: You already have a signal in Industrials today — taking this one too means doubling up on the same sector's risk.
GRAPHITE.NS,752.3,715.43,826.05,13,36.87,479.35,9779.9,2.0,64.5,28.82,3.62,True,155.34,2026-09-01 09:52:42,726.0,705.48,Industrials,False,40220.1,
ENGINERSIN.NS,274.3,260.23,302.44,35,14.07,492.45,9600.5,2.0,71.7,13.25,4.08,True,73.98,2026-09-01 09:52:40,263.55,247.74,Industrials,False,30619.6,⚠️ Sector Warning: You already have a signal in Industrials today — taking this one too means doubling up on the same sector's risk.
HEG.NS,753.5,714.76,830.99,12,38.74,464.91,9042.0,2.0,69.9,7.24,1.34,True,56.73,2026-09-01 09:52:43,743.55,703.77,Industrials,False,21577.6,⚠️ Sector Warning: You already have a signal in Industrials today — taking this one too means doubling up on the same sector's risk.
SAILIFE.NS,1511.1,1449.56,1634.19,8,61.54,492.34,12088.8,2.0,66.3,6.89,0.32,True,54.89,2026-09-01 09:52:58,1506.3,1435.95,Healthcare,False,9488.8,
TATATECH.NS,842.8,801.64,925.12,11,41.16,452.76,9270.8,2.0,60.0,3.54,0.33,True,35.61,2026-09-01 09:53:02,840.0,813.73,Technology,False,218.0,
GRAPHITE.NS,744.5,707.63,818.25,13,36.87,479.35,9678.5,2.0,63.0,33.63,2.55,True,180.96,2026-09-01 10:05:00,726.0,704.74,Industrials,False,40321.5,
SAILIFE.NS,1518.7,1456.51,1643.07,8,62.19,497.49,12149.6,2.0,67.1,10.38,0.82,True,71.6,2026-09-01 10:05:11,1506.3,1436.67,Healthcare,False,28171.9,
HEG.NS,747.0,708.26,824.49,12,38.74,464.91,8964.0,2.0,68.8,9.62,0.46,True,69.84,2026-09-01 10:05:01,743.55,703.15,Industrials,False,19207.9,⚠️ Sector Warning: You already have a signal in Industrials today — taking this one too means doubling up on the same sector's risk.
TBOTEK.NS,1742.0,1657.23,1911.54,5,84.77,423.86,8710.0,2.0,65.4,2.87,0.24,True,35.57,2026-09-01 10:05:13,1737.9,1658.91,Consumer Cyclical,False,10497.9,
BAJAJ-AUTO.NS,12415.0,12120.04,13004.93,0,294.96,0,0,2.0,73.7,4.93,3.68,True,35.52,2026-09-01 10:04:57,11974.0,11697.42,Consumer Cyclical,True,10497.9,⚠️ Sector Warning: You already have a signal in Consumer Cyclical today — taking this one too means doubling up on the same sector's risk.
GRAPHITE.NS,746.0,709.13,819.75,13,36.87,479.35,9698.0,2.0,63.3,32.95,2.75,True,177.24,2026-09-01 10:16:29,726.0,704.88,Industrials,False,40302.0,
SAILIFE.NS,1520.5,1458.31,1644.87,8,62.19,497.49,12164.0,2.0,67.3,11.08,0.94,True,74.91,2026-09-01 10:16:37,1506.3,1436.84,Healthcare,False,28138.0,
HEG.NS,746.75,708.01,824.24,12,38.74,464.91,8961.0,2.0,68.7,9.82,0.43,True,70.91,2026-09-01 10:16:30,743.55,703.13,Industrials,False,19177.0,⚠️ Sector Warning: You already have a signal in Industrials today — taking this one too means doubling up on the same sector's risk.
BAJAJ-AUTO.NS,12439.0,12139.21,13038.57,1,299.79,299.79,12439.0,2.0,74.1,5.36,3.88,True,37.35,2026-09-01 10:16:25,11974.0,11699.71,Consumer Cyclical,False,6738.0,
USHAMART.NS,510.65,490.43,551.1,13,20.22,262.86,6638.45,2.0,57.8,5.53,1.87,True,35.31,2026-09-01 10:16:40,501.3,497.16,Basic Materials,False,99.55,
GRAPHITE.NS,740.75,703.88,814.5,13,36.87,479.35,9629.75,2.0,62.3,32.2,2.03,True,174.39,2026-09-01 10:25:34,726.0,704.38,Industrials,False,40370.25,
SAILIFE.NS,1518.0,1455.81,1642.37,8,62.19,497.49,12144.0,2.0,67.0,10.53,0.78,True,72.4,2026-09-01 10:25:41,1506.3,1436.6,Healthcare,False,28226.25,
BAJAJ-AUTO.NS,12419.0,12119.21,13018.57,1,299.79,299.79,12419.0,2.0,73.8,4.91,3.72,True,35.35,2026-09-01 10:25:31,11974.0,11697.8,Consumer Cyclical,False,15807.25,
USHAMART.NS,509.15,488.82,549.81,24,20.33,487.93,12219.6,2.0,57.1,5.38,1.57,True,34.56,2026-09-01 10:25:43,501.3,497.02,Basic Materials,False,3587.65,
GABRIEL.NS,1462.8,1388.41,1611.58,2,74.39,148.78,2925.6,2.0,57.2,3.92,3.13,True,32.58,2026-09-01 10:25:34,1418.4,1412.12,Consumer Cyclical,False,662.05,⚠️ Sector Warning: You already have a signal in Consumer Cyclical today — taking this one too means doubling up on the same sector's risk.
GRAPHITE.NS,743.2,706.33,816.95,13,36.87,479.35,9661.6,2.0,62.8,28.94,2.37,True,157.77,2026-09-01 10:37:33,726.0,704.61,Industrials,False,40338.4,
SAILIFE.NS,1520.5,1458.3,1644.89,8,62.2,497.57,12164.0,2.0,67.3,9.81,0.94,True,68.59,2026-09-01 10:37:50,1506.3,1436.84,Healthcare,False,28174.4,
MRPL.NS,176.79,167.59,195.2,54,9.2,497.05,9546.66,2.0,56.3,8.54,0.56,True,54.01,2026-09-01 10:37:43,175.8,172.11,Energy,False,18627.74,
USHAMART.NS,504.2,483.87,544.86,24,20.33,487.93,12100.8,2.0,54.7,5.12,0.58,True,33.14,2026-09-01 10:37:57,501.3,496.54,Basic Materials,False,6526.94,
BAJAJ-AUTO.NS,12408.0,12108.21,13007.57,0,299.79,0,0,2.0,73.7,4.43,3.62,True,33.12,2026-09-01 10:37:22,11974.0,11696.76,Consumer Cyclical,True,6526.94,
GRAPHITE.NS,739.7,702.83,813.45,13,36.87,479.35,9616.1,2.0,62.1,25.6,1.89,True,141.41,2026-09-01 10:51:52,726.0,704.28,Industrials,False,40383.9,
SAILIFE.NS,1523.9,1461.38,1648.94,7,62.52,437.62,10667.3,2.0,67.6,9.21,1.17,True,65.25,2026-09-01 10:51:58,1506.3,1437.17,Healthcare,False,29716.6,
CAPLIPOINT.NS,2641.7,2508.93,2907.24,3,132.77,398.31,7925.1,2.0,58.8,4.55,1.69,True,34.35,2026-09-01 10:51:50,2597.9,2542.91,Healthcare,False,21791.5,⚠️ Sector Warning: You already have a signal in Healthcare today — taking this one too means doubling up on the same sector's risk.
BAJAJ-AUTO.NS,12414.0,12114.21,13013.57,1,299.79,299.79,12414.0,2.0,73.7,4.04,3.67,True,31.08,2026-09-01 10:51:48,11974.0,11697.33,Consumer Cyclical,False,9377.5,
GABRIEL.NS,1433.4,1359.01,1582.18,6,74.39,446.34,8600.4,2.0,54.0,3.46,1.06,True,30.87,2026-09-01 10:51:52,1418.4,1409.32,Consumer Cyclical,False,777.1,⚠️ Sector Warning: You already have a signal in Consumer Cyclical today — taking this one too means doubling up on the same sector's risk.
GRAPHITE.NS,739.95,703.08,813.7,13,36.87,479.35,9619.35,2.0,62.1,23.21,1.92,True,129.44,2026-09-01 11:03:52,726.0,704.3,Industrials,False,40380.65,
SAILIFE.NS,1527.5,1464.8,1652.9,7,62.7,438.9,10692.5,2.0,67.9,8.59,1.41,True,61.77,2026-09-01 11:04:03,1506.3,1437.51,Healthcare,False,29688.15,
COHANCE.NS,468.2,440.25,524.11,17,27.95,475.21,7959.4,2.0,58.0,7.76,0.21,True,50.77,2026-09-01 11:03:49,467.2,450.73,Healthcare,False,21728.75,⚠️ Sector Warning: You already have a signal in Healthcare today — taking this one too means doubling up on the same sector's risk.
CAPLIPOINT.NS,2637.0,2503.37,2904.26,3,133.63,400.89,7911.0,2.0,58.5,5.55,1.51,True,39.37,2026-09-01 11:03:48,2597.9,2542.47,Healthcare,False,13817.75,⚠️ Sector Warning: You already have a signal in Healthcare today — taking this one too means doubling up on the same sector's risk.
BAJAJ-AUTO.NS,12375.0,12075.21,12974.57,1,299.79,299.79,12375.0,2.0,73.2,3.91,3.35,True,30.95,2026-09-01 11:03:46,11974.0,11693.61,Consumer Cyclical,False,1442.75,
GRAPHITE.NS,740.5,703.63,814.25,13,36.87,479.35,9626.5,2.0,62.2,21.2,2.0,True,119.4,2026-09-01 11:15:28,726.0,704.35,Industrials,False,40373.5,
SAILIFE.NS,1527.4,1464.56,1653.08,7,62.84,439.88,10691.8,2.0,67.9,8.11,1.4,True,59.38,2026-09-01 11:15:33,1506.3,1437.5,Healthcare,False,29681.7,
CAPLIPOINT.NS,2648.8,2515.17,2916.06,3,133.63,400.89,7946.4,2.0,59.2,6.36,1.96,True,43.32,2026-09-01 11:15:25,2597.9,2543.59,Healthcare,False,21735.3,⚠️ Sector Warning: You already have a signal in Healthcare today — taking this one too means doubling up on the same sector's risk.
BAJAJ-AUTO.NS,12367.0,12067.21,12966.57,1,299.79,299.79,12367.0,2.0,73.1,3.65,3.28,True,29.74,2026-09-01 11:15:24,11974.0,11692.85,Consumer Cyclical,False,9368.3,
GABRIEL.NS,1443.0,1368.61,1591.78,6,74.39,446.34,8658.0,2.0,55.1,2.98,1.73,True,28.31,2026-09-01 11:15:27,1418.4,1410.24,Consumer Cyclical,False,710.3,⚠️ Sector Warning: You already have a signal in Consumer Cyclical today — taking this one too means doubling up on the same sector's risk.
GRAPHITE.NS,746.05,709.18,819.8,13,36.87,479.35,9698.65,2.0,63.3,20.72,2.76,True,116.1,2026-09-01 11:24:48,726.0,704.88,Industrials,False,40301.35,
SAILIFE.NS,1523.2,1460.36,1648.88,7,62.84,439.88,10662.4,2.0,67.5,7.8,1.12,True,58.26,2026-09-01 11:25:04,1506.3,1437.1,Healthcare,False,29638.95,
HEG.NS,745.3,706.56,822.79,12,38.74,464.91,8943.6,2.0,68.4,5.87,0.24,True,51.43,2026-09-01 11:24:49,743.55,702.99,Industrials,False,20695.35,⚠️ Sector Warning: You already have a signal in Industrials today — taking this one too means doubling up on the same sector's risk.
CAPLIPOINT.NS,2654.1,2519.75,2922.79,3,134.35,403.04,7962.3,2.0,59.6,7.7,2.16,True,49.96,2026-09-01 11:24:42,2597.9,2544.1,Healthcare,False,12733.05,⚠️ Sector Warning: You already have a signal in Healthcare today — taking this one too means doubling up on the same sector's risk.
GABRIEL.NS,1455.7,1381.31,1604.48,6,74.39,446.34,8734.2,2.0,56.5,3.12,2.63,True,28.73,2026-09-01 11:24:47,1418.4,1411.45,Consumer Cyclical,False,3998.85,
GRAPHITE.NS,744.5,707.63,818.25,13,36.87,479.35,9678.5,2.0,63.0,19.08,2.55,True,108.21,2026-09-01 11:38:08,726.0,704.74,Industrials,False,40321.5,
CAPLIPOINT.NS,2698.5,2560.05,2975.4,3,138.45,415.35,8095.5,2.0,62.2,10.63,3.87,True,64.19,2026-09-01 11:38:04,2597.9,2548.32,Healthcare,False,32226.0,
SAILIFE.NS,1527.1,1464.26,1652.78,7,62.84,439.88,10689.7,2.0,67.9,7.23,1.38,True,55.01,2026-09-01 11:38:18,1506.3,1437.47,Healthcare,False,21536.3,⚠️ Sector Warning: You already have a signal in Healthcare today — taking this one too means doubling up on the same sector's risk.
HEG.NS,745.15,706.41,822.64,12,38.74,464.91,8941.8,2.0,68.4,5.58,0.22,True,50.03,2026-09-01 11:38:08,743.55,702.98,Industrials,False,12594.5,⚠️ Sector Warning: You already have a signal in Industrials today — taking this one too means doubling up on the same sector's risk.
COHANCE.NS,468.15,440.2,524.06,17,27.95,475.21,7958.55,2.0,58.0,6.47,0.2,True,44.35,2026-09-01 11:38:05,467.2,450.73,Healthcare,False,4635.95,⚠️ Sector Warning: You already have a signal in Healthcare today — taking this one too means doubling up on the same sector's risk.
GRAPHITE.NS,741.7,704.83,815.45,13,36.87,479.35,9642.1,2.0,62.5,16.91,2.16,True,97.89,2026-09-01 11:59:21,726.0,704.47,Industrials,False,40357.9,
CAPLIPOINT.NS,2717.3,2574.03,3003.84,3,143.27,429.81,8151.9,2.0,63.2,16.52,4.6,True,92.83,2026-09-01 11:59:19,2597.9,2550.11,Healthcare,False,32206.0,
SAILIFE.NS,1534.7,1471.43,1661.24,7,63.27,442.87,10742.9,2.0,68.6,6.92,1.89,True,52.77,2026-09-01 11:59:26,1506.3,1438.19,Healthcare,False,21463.1,⚠️ Sector Warning: You already have a signal in Healthcare today — taking this one too means doubling up on the same sector's risk.
GABRIEL.NS,1444.3,1369.91,1593.08,6,74.39,446.34,8665.8,2.0,55.3,2.69,1.83,True,26.81,2026-09-01 11:59:21,1418.4,1410.36,Consumer Cyclical,False,12797.3,
BAJAJ-AUTO.NS,12418.0,12118.21,13017.57,1,299.79,299.79,12418.0,2.0,73.8,3.11,3.71,True,26.38,2026-09-01 11:59:18,11974.0,11697.71,Consumer Cyclical,False,379.3,⚠️ Sector Warning: You already have a signal in Consumer Cyclical today — taking this one too means doubling up on the same sector's risk.
GRAPHITE.NS,738.95,702.08,812.7,13,36.87,479.35,9606.35,2.0,61.9,15.5,1.78,True,90.97,2026-09-01 12:17:27,726.0,704.21,Industrials,False,40393.65,
SAILIFE.NS,1540.5,1476.48,1668.54,7,64.02,448.12,10783.5,2.0,69.1,7.02,2.27,True,52.69,2026-09-01 12:17:39,1506.3,1438.75,Healthcare,False,29610.15,
USHAMART.NS,503.7,483.37,544.36,24,20.33,487.93,12088.8,2.0,54.4,6.93,0.48,True,42.2,2026-09-01 12:17:43,501.3,496.5,Basic Materials,False,17521.35,
DEEPAKNTR.NS,1814.3,1738.84,1965.22,6,75.46,452.76,10885.8,2.0,62.6,3.24,0.74,True,29.83,2026-09-01 12:17:25,1800.9,1747.47,Basic Materials,False,6635.55,⚠️ Sector Warning: You already have a signal in Basic Materials today — taking this one too means doubling up on the same sector's risk.
GABRIEL.NS,1431.0,1356.61,1579.78,4,74.39,297.56,5724.0,2.0,53.8,2.54,0.89,True,26.3,2026-09-01 12:17:27,1418.4,1409.09,Consumer Cyclical,False,911.55,
CAPLIPOINT.NS,2720.2,2576.39,3007.81,3,143.81,431.42,8160.6,2.0,63.3,20.64,4.71,True,113.28,2026-09-01 12:29:11,2597.9,2550.39,Healthcare,False,41839.4,
GRAPHITE.NS,738.2,701.33,811.95,13,36.87,479.35,9596.6,2.0,61.8,14.74,1.68,True,87.17,2026-09-01 12:29:14,726.0,704.14,Industrials,False,32242.8,
SAILIFE.NS,1548.0,1483.23,1677.54,7,64.77,453.37,10836.0,2.0,69.8,7.18,2.77,True,52.79,2026-09-01 12:29:22,1506.3,1439.46,Healthcare,False,21406.8,⚠️ Sector Warning: You already have a signal in Healthcare today — taking this one too means doubling up on the same sector's risk.
USHAMART.NS,503.0,482.67,543.66,24,20.33,487.93,12072.0,2.0,54.1,8.48,0.34,True,49.89,2026-09-01 12:29:25,501.3,496.43,Basic Materials,False,9334.8,
DEEPAKNTR.NS,1811.0,1735.54,1961.92,5,75.46,377.3,9055.0,2.0,62.2,3.14,0.56,True,29.4,2026-09-01 12:29:12,1800.9,1747.16,Basic Materials,False,279.8,⚠️ Sector Warning: You already have a signal in Basic Materials today — taking this one too means doubling up on the same sector's risk.
CAPLIPOINT.NS,2687.0,2543.19,2974.61,3,143.81,431.42,8061.0,2.0,61.5,22.48,3.43,True,123.57,2026-09-01 12:44:47,2597.9,2547.23,Healthcare,False,41939.0,
GRAPHITE.NS,738.9,702.03,812.65,13,36.87,479.35,9605.7,2.0,61.9,13.82,1.78,True,82.54,2026-09-01 12:44:49,726.0,704.2,Industrials,False,32333.3,
USHAMART.NS,503.65,483.32,544.31,24,20.33,487.93,12087.6,2.0,54.4,9.53,0.47,True,55.18,2026-09-01 12:44:58,501.3,496.49,Basic Materials,False,20245.7,
SAILIFE.NS,1552.0,1486.59,1682.82,7,65.41,457.87,10864.0,2.0,70.1,7.62,3.03,True,54.62,2026-09-01 12:44:56,1506.3,1439.84,Healthcare,False,9381.7,⚠️ Sector Warning: You already have a signal in Healthcare today — taking this one too means doubling up on the same sector's risk.
DEEPAKNTR.NS,1812.3,1736.84,1963.22,5,75.46,377.3,9061.5,2.0,62.3,3.01,0.63,True,28.73,2026-09-01 12:44:48,1800.9,1747.28,Basic Materials,False,320.2,⚠️ Sector Warning: You already have a signal in Basic Materials today — taking this one too means doubling up on the same sector's risk.
CAPLIPOINT.NS,2685.3,2541.49,2972.91,3,143.81,431.42,8055.9,2.0,61.4,22.1,3.36,True,121.66,2026-09-01 12:59:00,2597.9,2547.07,Healthcare,False,41944.1,
GRAPHITE.NS,739.35,702.48,813.1,13,36.87,479.35,9611.55,2.0,62.0,13.06,1.84,True,78.74,2026-09-01 12:59:03,726.0,704.25,Industrials,False,32332.55,
SAILIFE.NS,1547.9,1481.95,1679.79,7,65.95,461.63,10835.3,2.0,69.8,8.12,2.76,True,57.52,2026-09-01 12:59:15,1506.3,1439.45,Healthcare,False,21497.25,⚠️ Sector Warning: You already have a signal in Healthcare today — taking this one too means doubling up on the same sector's risk.
USHAMART.NS,504.0,483.67,544.66,24,20.33,487.93,12096.0,2.0,54.6,9.51,0.54,True,55.1,2026-09-01 12:59:18,501.3,496.52,Basic Materials,False,9401.25,
DEEPAKNTR.NS,1810.7,1734.82,1962.46,5,75.88,379.4,9053.5,2.0,62.2,3.45,0.54,True,30.93,2026-09-01 12:59:02,1800.9,1747.13,Basic Materials,False,347.75,⚠️ Sector Warning: You already have a signal in Basic Materials today — taking this one too means doubling up on the same sector's risk.
CAPLIPOINT.NS,2672.0,2528.19,2959.61,3,143.81,431.42,8016.0,2.0,60.7,21.94,2.85,True,121.03,2026-09-01 13:13:09,2597.9,2545.8,Healthcare,False,41984.0,
GRAPHITE.NS,737.7,700.83,811.45,13,36.87,479.35,9590.1,2.0,61.7,12.47,1.61,True,75.87,2026-09-01 13:13:13,726.0,704.09,Industrials,False,32393.9,
SAILIFE.NS,1532.8,1466.85,1664.69,7,65.95,461.63,10729.6,2.0,68.4,8.45,1.76,True,60.6,2026-09-01 13:13:24,1506.3,1438.01,Healthcare,False,21664.3,⚠️ Sector Warning: You already have a signal in Healthcare today — taking this one too means doubling up on the same sector's risk.
GABRIEL.NS,1424.2,1349.81,1572.98,6,74.39,446.34,8545.2,2.0,53.0,2.1,0.41,True,24.24,2026-09-01 13:13:13,1418.4,1408.45,Consumer Cyclical,False,13119.1,
BAJAJ-AUTO.NS,12396.0,12096.21,12995.57,1,299.79,299.79,12396.0,2.0,73.5,2.57,3.52,True,23.95,2026-09-01 13:13:07,11974.0,11695.61,Consumer Cyclical,False,723.1,⚠️ Sector Warning: You already have a signal in Consumer Cyclical today — taking this one too means doubling up on the same sector's risk.
CAPLIPOINT.NS,2671.9,2528.09,2959.51,3,143.81,431.42,8015.7,2.0,60.7,21.26,2.85,True,117.6,2026-09-01 13:23:04,2597.9,2545.79,Healthcare,False,41984.3,
GRAPHITE.NS,738.65,701.78,812.4,13,36.87,479.35,9602.45,2.0,61.9,12.1,1.74,True,73.96,2026-09-01 13:23:06,726.0,704.18,Industrials,False,32381.85,
SAILIFE.NS,1531.2,1465.25,1663.09,7,65.95,461.63,10718.4,2.0,68.3,8.42,1.65,True,60.57,2026-09-01 13:23:12,1506.3,1437.86,Healthcare,False,21663.45,⚠️ Sector Warning: You already have a signal in Healthcare today — taking this one too means doubling up on the same sector's risk.
USHAMART.NS,504.0,483.67,544.66,24,20.33,487.93,12096.0,2.0,54.6,10.23,0.54,True,58.71,2026-09-01 13:23:16,501.3,496.52,Basic Materials,False,9567.45,
BAJAJ-AUTO.NS,12343.0,12043.21,12942.57,0,299.79,0,0,2.0,72.7,2.55,3.08,True,24.58,2026-09-01 13:23:02,11974.0,11690.57,Consumer Cyclical,True,9567.45,
CAPLIPOINT.NS,2676.0,2532.19,2963.61,3,143.81,431.42,8028.0,2.0,60.9,20.69,3.01,True,114.73,2026-09-01 13:33:26,2597.9,2546.18,Healthcare,False,41972.0,
GRAPHITE.NS,735.45,698.58,809.2,13,36.87,479.35,9560.85,2.0,61.2,11.85,1.3,True,72.82,2026-09-01 13:33:30,726.0,703.87,Industrials,False,32411.15,
USHAMART.NS,503.5,483.17,544.16,24,20.33,487.93,12084.0,2.0,54.3,12.36,0.44,True,69.35,2026-09-01 13:33:44,501.3,496.48,Basic Materials,False,20327.15,
SAILIFE.NS,1531.0,1465.05,1662.89,7,65.95,461.63,10717.0,2.0,68.3,8.22,1.64,True,59.58,2026-09-01 13:33:41,1506.3,1437.84,Healthcare,False,9610.15,⚠️ Sector Warning: You already have a signal in Healthcare today — taking this one too means doubling up on the same sector's risk.
BAJAJ-AUTO.NS,12353.0,12053.21,12952.57,0,299.79,0,0,2.0,72.9,2.51,3.17,True,24.22,2026-09-01 13:33:24,11974.0,11691.52,Consumer Cyclical,True,9610.15,
USHAMART.NS,503.15,482.82,543.81,24,20.33,487.93,12075.6,2.0,54.1,12.51,0.37,True,70.05,2026-09-01 13:52:40,501.3,496.44,Basic Materials,False,37924.4,
GRAPHITE.NS,732.3,695.43,806.05,13,36.87,479.35,9519.9,2.0,60.5,11.22,0.87,True,69.77,2026-09-01 13:52:29,726.0,703.57,Industrials,False,28404.5,
SAILIFE.NS,1528.0,1462.05,1659.89,7,65.95,461.63,10696.0,2.0,68.0,8.13,1.44,True,59.42,2026-09-01 13:52:37,1506.3,1437.56,Healthcare,False,17708.5,
BAJAJ-AUTO.NS,12322.0,12022.21,12921.57,1,299.79,299.79,12322.0,2.0,72.4,2.38,2.91,True,24.0,2026-09-01 13:52:26,11974.0,11688.57,Consumer Cyclical,False,5386.5,
HCLTECH.NS,1360.1,1314.26,1451.77,3,45.84,137.52,4080.3,2.0,60.8,1.7,1.94,True,22.03,2026-09-01 13:52:29,1334.2,1316.6,Technology,False,1306.2,
CAPLIPOINT.NS,2722.0,2578.19,3009.61,3,143.81,431.42,8166.0,2.0,63.4,22.95,4.78,True,124.73,2026-09-01 14:06:34,2597.9,2550.56,Healthcare,False,41834.0,
USHAMART.NS,503.05,482.72,543.71,24,20.33,487.93,12073.2,2.0,54.1,12.97,0.35,True,72.37,2026-09-01 14:06:46,501.3,496.43,Basic Materials,False,29760.8,
GRAPHITE.NS,729.4,692.53,803.15,13,36.87,479.35,9482.2,2.0,59.8,10.9,0.47,True,68.26,2026-09-01 14:06:36,726.0,703.3,Industrials,False,20278.6,
SAILIFE.NS,1513.6,1447.65,1645.49,7,65.95,461.63,10595.2,2.0,66.6,8.04,0.48,True,60.4,2026-09-01 14:06:43,1506.3,1436.18,Healthcare,False,9683.4,⚠️ Sector Warning: You already have a signal in Healthcare today — taking this one too means doubling up on the same sector's risk.
BAJAJ-AUTO.NS,12305.0,12005.21,12904.57,0,299.79,0,0,2.0,72.2,2.31,2.76,True,23.84,2026-09-01 14:06:33,11974.0,11686.95,Consumer Cyclical,True,9683.4,
CAPLIPOINT.NS,2700.0,2556.19,2987.61,3,143.81,431.42,8100.0,2.0,62.3,23.57,3.93,True,128.84,2026-09-01 14:19:57,2597.9,2548.47,Healthcare,False,41900.0,
GRAPHITE.NS,732.5,695.63,806.25,13,36.87,479.35,9522.5,2.0,60.5,10.6,0.9,True,66.68,2026-09-01 14:20:03,726.0,703.59,Industrials,False,32377.5,
SAILIFE.NS,1518.0,1452.05,1649.89,7,65.95,461.63,10626.0,2.0,67.0,7.86,0.78,True,59.05,2026-09-01 14:20:17,1506.3,1436.6,Healthcare,False,21751.5,⚠️ Sector Warning: You already have a signal in Healthcare today — taking this one too means doubling up on the same sector's risk.
BAJAJ-AUTO.NS,12295.0,11995.21,12894.57,1,299.79,299.79,12295.0,2.0,72.0,2.25,2.68,True,23.71,2026-09-01 14:19:52,11974.0,11685.99,Consumer Cyclical,False,9456.5,
MPHASIS.NS,2509.4,2415.82,2696.56,3,93.58,280.74,7528.2,2.0,60.7,1.75,1.1,True,21.97,2026-09-01 14:20:13,2482.0,2439.47,Technology,False,1928.3,
CAPLIPOINT.NS,2683.7,2539.89,2971.31,3,143.81,431.42,8051.1,2.0,61.4,23.48,3.3,True,128.58,2026-09-01 14:29:16,2597.9,2546.91,Healthcare,False,41948.9,
GRAPHITE.NS,731.8,694.93,805.55,13,36.87,479.35,9513.4,2.0,60.4,10.33,0.8,True,65.33,2026-09-01 14:29:19,726.0,703.53,Industrials,False,32435.5,
SAILIFE.NS,1526.8,1460.85,1658.69,7,65.95,461.63,10687.6,2.0,67.9,7.75,1.36,True,57.65,2026-09-01 14:29:26,1506.3,1437.44,Healthcare,False,21747.9,⚠️ Sector Warning: You already have a signal in Healthcare today — taking this one too means doubling up on the same sector's risk.
BAJAJ-AUTO.NS,12275.0,11975.21,12874.57,1,299.79,299.79,12275.0,2.0,71.7,2.24,2.51,True,23.9,2026-09-01 14:29:14,11974.0,11684.09,Consumer Cyclical,False,9472.9,
MPHASIS.NS,2508.4,2414.82,2695.56,3,93.58,280.74,7525.2,2.0,60.6,1.77,1.06,True,22.06,2026-09-01 14:29:23,2482.0,2439.38,Technology,False,1947.7,
CAPLIPOINT.NS,2712.2,2581.61,2973.37,3,130.59,391.76,8136.6,2.0,63.7,32.7,4.4,True,173.49,2026-09-01 14:45:36,2597.9,2548.33,Healthcare,False,41863.4,
GRAPHITE.NS,732.7,696.69,804.71,13,36.01,468.07,9525.1,2.0,61.1,9.06,1.48,True,58.47,2026-09-01 14:45:41,722.0,703.78,Industrials,False,32338.3,
SAILIFE.NS,1526.7,1460.75,1658.59,7,65.95,461.63,10686.9,2.0,67.9,7.62,1.35,True,57.0,2026-09-01 14:45:58,1506.3,1437.43,Healthcare,False,21651.4,⚠️ Sector Warning: You already have a signal in Healthcare today — taking this one too means doubling up on the same sector's risk.
BLUEDART.NS,5106.9,4961.61,5397.47,2,145.29,290.57,10213.8,2.0,54.1,3.55,0.55,True,24.51,2026-09-01 14:45:35,5079.0,5050.61,Industrials,False,11437.6,⚠️ Sector Warning: You already have a signal in Industrials today — taking this one too means doubling up on the same sector's risk.
BAJAJ-AUTO.NS,12322.0,12029.5,12907.0,0,292.5,0,0,2.0,72.6,2.01,1.58,True,23.45,2026-09-01 14:45:33,12130.0,11732.35,Consumer Cyclical,True,11437.6,
CAPLIPOINT.NS,2720.0,2589.41,2981.17,3,130.59,391.76,8160.0,2.0,64.1,33.41,4.7,True,176.59,2026-09-01 15:00:48,2597.9,2549.07,Healthcare,False,41840.0,
GRAPHITE.NS,735.2,699.19,807.21,13,36.01,468.07,9557.6,2.0,61.7,8.86,1.83,True,57.37,2026-09-01 15:00:50,722.0,704.02,Industrials,False,32282.4,
SAILIFE.NS,1522.9,1456.95,1654.79,7,65.95,461.63,10660.3,2.0,67.5,7.53,1.1,True,56.94,2026-09-01 15:00:55,1506.3,1437.07,Healthcare,False,21622.1,⚠️ Sector Warning: You already have a signal in Healthcare today — taking this one too means doubling up on the same sector's risk.
BLUEDART.NS,5094.1,4948.81,5384.67,2,145.29,290.57,10188.2,2.0,53.4,3.51,0.3,True,24.18,2026-09-01 15:00:47,5079.0,5049.39,Industrials,False,11433.9,⚠️ Sector Warning: You already have a signal in Industrials today — taking this one too means doubling up on the same sector's risk.
MPHASIS.NS,2498.7,2405.14,2685.81,4,93.56,374.24,9994.8,2.0,59.0,2.15,0.67,True,23.48,2026-09-01 15:00:53,2482.0,2438.05,Technology,False,1439.1,
CAPLIPOINT.NS,2712.1,2581.51,2973.27,3,130.59,391.76,8136.3,2.0,63.7,34.42,4.4,True,182.09,2026-09-01 15:15:36,2597.9,2548.32,Healthcare,False,41863.7,
SAILIFE.NS,1515.0,1449.05,1646.89,7,65.95,461.63,10605.0,2.0,66.7,7.51,0.58,True,57.62,2026-09-01 15:15:45,1506.3,1436.32,Healthcare,False,31258.7,⚠️ Sector Warning: You already have a signal in Healthcare today — taking this one too means doubling up on the same sector's risk.
GRAPHITE.NS,731.0,694.99,803.01,13,36.01,468.07,9503.0,2.0,60.7,8.77,1.25,True,57.06,2026-09-01 15:15:38,722.0,703.62,Industrials,False,21755.7,
MPHASIS.NS,2509.0,2415.44,2696.11,4,93.56,374.23,10036.0,2.0,59.9,2.54,1.09,True,25.42,2026-09-01 15:15:43,2482.0,2439.03,Technology,False,11719.7,
BLUEDART.NS,5107.8,4962.51,5398.37,2,145.29,290.57,10215.6,2.0,54.2,3.65,0.57,True,24.98,2026-09-01 15:15:36,5079.0,5050.7,Industrials,False,1504.1,⚠️ Sector Warning: You already have a signal in Industrials today — taking this one too means doubling up on the same sector's risk.
CAPLIPOINT.NS,2711.5,2580.91,2972.67,3,130.59,391.76,8134.5,2.0,63.7,34.49,4.37,True,182.47,2026-09-01 15:26:13,2597.9,2548.26,Healthcare,False,41865.5,
USHAMART.NS,502.5,481.97,543.57,24,20.53,492.81,12060.0,2.0,53.8,11.2,0.24,True,63.51,2026-09-01 15:26:30,501.3,496.38,Basic Materials,False,29805.5,
SAILIFE.NS,1513.6,1447.65,1645.49,7,65.95,461.63,10595.2,2.0,66.6,7.47,0.48,True,57.54,2026-09-01 15:26:26,1506.3,1436.18,Healthcare,False,19210.3,⚠️ Sector Warning: You already have a signal in Healthcare today — taking this one too means doubling up on the same sector's risk.
GRAPHITE.NS,732.0,695.99,804.01,13,36.01,468.07,9516.0,2.0,60.9,8.67,1.39,True,56.52,2026-09-01 15:26:15,722.0,703.72,Industrials,False,9694.3,
BLUEDART.NS,5124.1,4978.81,5414.67,1,145.29,145.29,5124.1,2.0,55.1,3.8,0.89,True,25.83,2026-09-01 15:26:12,5079.0,5052.25,Industrials,False,4570.2,⚠️ Sector Warning: You already have a signal in Industrials today — taking this one too means doubling up on the same sector's risk.
BLUEDART.NS,5094.3,4955.75,5371.39,2,138.55,277.09,10188.6,2.0,53.4,2.16,0.3,True,17.44,2026-09-02 09:34:27,5079.0,5049.41,Industrials,False,39811.4,
BLUEDART.NS,5102.4,4962.69,5381.83,2,139.71,279.43,10204.8,2.0,53.9,2.24,0.46,True,17.92,2026-09-02 09:37:45,5079.0,5050.18,Industrials,False,39795.2,
SAILIFE.NS,1564.2,1496.49,1699.63,7,67.71,474.0,10949.4,2.0,71.4,6.66,0.27,True,52.34,2026-09-02 09:54:38,1560.0,1448.76,Healthcare,False,39050.6,
ANTHEM.NS,947.1,905.52,1030.25,12,41.58,498.92,11365.2,2.0,70.1,2.45,0.48,True,29.51,2026-09-02 09:54:17,942.6,884.62,Healthcare,False,27685.4,⚠️ Sector Warning: You already have a signal in Healthcare today — taking this one too means doubling up on the same sector's risk.
BLUEDART.NS,5104.0,4964.29,5383.43,2,139.71,279.43,10208.0,2.0,54.0,2.8,0.49,True,20.73,2026-09-02 09:54:19,5079.0,5050.33,Industrials,False,17477.4,
ANTHEM.NS,950.0,908.34,1033.32,12,41.66,499.95,11400.0,2.0,70.6,3.31,0.79,True,33.37,2026-09-02 10:07:54,942.6,884.9,Healthcare,False,38600.0,
BLUEDART.NS,5109.4,4969.69,5388.83,2,139.71,279.43,10218.8,2.0,54.3,2.97,0.6,True,21.59,2026-09-02 10:07:56,5079.0,5050.85,Industrials,False,28381.2,
IFCI.NS,94.2,88.29,106.03,84,5.91,496.71,7912.8,2.0,74.3,7.19,1.89,True,51.34,2026-09-02 10:19:28,92.45,83.08,Financial Services,False,42087.2,
ANTHEM.NS,946.5,904.73,1030.04,11,41.77,459.47,10411.5,2.0,70.0,3.52,0.41,True,34.95,2026-09-02 10:19:21,942.6,884.57,Healthcare,False,31675.7,
POLYMED.NS,1817.9,1727.53,1998.64,5,90.37,451.85,9089.5,2.0,61.5,2.95,0.83,True,29.46,2026-09-02 10:19:36,1803.0,1745.38,Healthcare,False,22586.2,⚠️ Sector Warning: You already have a signal in Healthcare today — taking this one too means doubling up on the same sector's risk.
AEGISVOPAK.NS,275.8,260.99,305.42,33,14.81,488.81,9101.4,2.0,52.1,3.08,1.01,True,25.22,2026-09-02 10:19:21,273.05,272.98,Energy,False,13484.8,
BLUEDART.NS,5132.3,4992.06,5412.78,2,140.24,280.48,10264.6,2.0,55.6,3.22,1.05,True,22.97,2026-09-02 10:19:23,5079.0,5053.03,Industrials,False,3220.2,
SAILIFE.NS,1569.1,1501.17,1704.96,7,67.93,475.5,10983.7,2.0,71.8,7.78,0.58,True,57.47,2026-09-02 10:28:23,1560.0,1449.23,Healthcare,False,39016.3,
POLYMED.NS,1841.3,1748.99,2025.92,5,92.31,461.55,9206.5,2.0,63.7,4.2,2.12,True,34.42,2026-09-02 10:28:22,1803.0,1747.61,Healthcare,False,29809.8,⚠️ Sector Warning: You already have a signal in Healthcare today — taking this one too means doubling up on the same sector's risk.
AEGISVOPAK.NS,276.55,261.67,306.3,33,14.88,490.93,9126.15,2.0,52.6,3.09,1.28,True,25.23,2026-09-02 10:28:11,273.05,273.05,Energy,False,20683.65,
BLUEDART.NS,5125.4,4985.16,5405.88,2,140.24,280.48,10250.8,2.0,55.2,2.92,0.91,True,21.45,2026-09-02 10:28:13,5079.0,5052.37,Industrials,False,10432.85,
USHAMART.NS,503.7,484.21,542.69,20,19.49,389.8,10074.0,2.0,54.4,1.61,0.48,True,15.6,2026-09-02 10:28:25,501.3,496.5,Basic Materials,False,358.85,
IFCI.NS,94.25,88.13,106.49,81,6.12,495.55,7634.25,2.0,74.3,8.96,1.95,True,60.1,2026-09-02 10:42:12,92.45,83.09,Financial Services,False,42365.75,
SAILIFE.NS,1568.5,1499.82,1705.86,7,68.68,480.75,10979.5,2.0,71.7,7.6,0.54,True,56.64,2026-09-02 10:42:18,1560.0,1449.17,Healthcare,False,31386.25,
POLYMED.NS,1854.0,1760.17,2041.66,5,93.83,469.15,9270.0,2.0,64.8,5.7,2.83,True,40.89,2026-09-02 10:42:17,1803.0,1748.82,Healthcare,False,22116.25,⚠️ Sector Warning: You already have a signal in Healthcare today — taking this one too means doubling up on the same sector's risk.
AEGISVOPAK.NS,282.05,266.59,312.96,32,15.46,494.57,9025.6,2.0,56.0,5.72,3.3,True,37.94,2026-09-02 10:42:04,273.05,273.57,Energy,False,13090.65,
NUVAMA.NS,1857.0,1774.84,2021.31,6,82.16,492.94,11142.0,2.0,61.4,4.42,1.75,True,32.47,2026-09-02 10:42:16,1825.0,1765.1,Financial Services,False,1948.65,⚠️ Sector Warning: You already have a signal in Financial Services today — taking this one too means doubling up on the same sector's risk.
NUVAMA.NS,1871.0,1784.68,2043.65,5,86.32,431.62,9355.0,2.0,62.6,9.71,2.52,True,58.68,2026-09-02 10:59:33,1825.0,1766.43,Financial Services,False,40645.0,
IFCI.NS,94.74,88.62,106.98,81,6.12,495.55,7673.94,2.0,74.7,8.49,2.48,True,57.14,2026-09-02 10:59:29,92.45,83.13,Financial Services,False,32971.06,⚠️ Sector Warning: You already have a signal in Financial Services today — taking this one too means doubling up on the same sector's risk.
POLYMED.NS,1828.3,1734.29,2016.33,5,94.01,470.06,9141.5,2.0,62.5,6.87,1.4,True,48.88,2026-09-02 10:59:34,1803.0,1746.37,Healthcare,False,23829.56,
AEGISVOPAK.NS,279.7,264.21,310.68,32,15.49,495.6,8950.4,2.0,54.6,6.14,2.44,True,40.26,2026-09-02 10:59:23,273.05,273.35,Energy,False,14879.16,
USHAMART.NS,504.35,484.41,544.23,24,19.94,478.54,12104.4,2.0,54.8,1.79,0.61,True,16.49,2026-09-02 10:59:37,501.3,496.56,Basic Materials,False,2774.76,
NUVAMA.NS,1866.0,1779.68,2038.65,5,86.32,431.62,9330.0,2.0,62.2,9.95,2.25,True,60.01,2026-09-02 11:13:32,1825.0,1765.96,Financial Services,False,40670.0,
IFCI.NS,94.92,88.8,107.16,81,6.12,495.55,7688.52,2.0,74.9,8.23,2.67,True,55.58,2026-09-02 11:13:26,92.45,83.15,Financial Services,False,32981.48,⚠️ Sector Warning: You already have a signal in Financial Services today — taking this one too means doubling up on the same sector's risk.
AEGISVOPAK.NS,276.5,261.01,307.48,32,15.49,495.6,8848.0,2.0,52.6,5.91,1.26,True,39.34,2026-09-02 11:13:15,273.05,273.04,Energy,False,24133.48,
USHAMART.NS,502.65,482.71,542.53,24,19.94,478.54,12063.6,2.0,53.9,1.8,0.27,True,16.49,2026-09-02 11:13:39,501.3,496.4,Basic Materials,False,12069.88,
NUVAMA.NS,1875.0,1788.68,2047.65,5,86.32,431.62,9375.0,2.0,62.9,9.82,2.74,True,58.89,2026-09-02 11:23:24,1825.0,1766.82,Financial Services,False,40625.0,
IFCI.NS,94.25,88.13,106.49,81,6.12,495.55,7634.25,2.0,74.3,7.83,1.95,True,54.47,2026-09-02 11:23:17,92.45,83.09,Financial Services,False,32990.75,⚠️ Sector Warning: You already have a signal in Financial Services today — taking this one too means doubling up on the same sector's risk.
AEGISVOPAK.NS,276.6,261.11,307.58,32,15.49,495.6,8851.2,2.0,52.6,5.67,1.3,True,38.12,2026-09-02 11:23:12,273.05,273.05,Energy,False,24139.55,
RBLBANK.NS,388.4,377.51,410.18,32,10.89,348.51,12428.8,2.0,57.6,2.67,0.36,True,25.42,2026-09-02 11:23:26,387.0,383.09,Financial Services,False,11710.75,⚠️ Sector Warning: You already have a signal in Financial Services today — taking this one too means doubling up on the same sector's risk.
USHAMART.NS,502.95,483.01,542.83,23,19.94,458.62,11567.85,2.0,54.0,1.73,0.33,True,16.16,2026-09-02 11:23:32,501.3,496.42,Basic Materials,False,142.9,
NUVAMA.NS,1867.8,1781.48,2040.45,5,86.32,431.62,9339.0,2.0,62.3,9.93,2.35,True,59.9,2026-09-02 11:34:22,1825.0,1766.13,Financial Services,False,40661.0,
IFCI.NS,94.46,88.34,106.7,81,6.12,495.55,7651.26,2.0,74.5,7.41,2.17,True,52.09,2026-09-02 11:34:14,92.45,83.11,Financial Services,False,33009.74,⚠️ Sector Warning: You already have a signal in Financial Services today — taking this one too means doubling up on the same sector's risk.
POLYMED.NS,1814.4,1720.39,2002.43,5,94.01,470.06,9072.0,2.0,61.2,7.2,0.63,True,50.72,2026-09-02 11:34:24,1803.0,1745.05,Healthcare,False,23937.74,
AEGISVOPAK.NS,275.85,260.36,306.83,32,15.49,495.6,8827.2,2.0,52.1,5.39,1.03,True,36.79,2026-09-02 11:34:01,273.05,272.98,Energy,False,15110.54,
RBLBANK.NS,388.05,376.98,410.19,32,11.07,354.17,12417.6,2.0,57.3,2.94,0.27,True,26.75,2026-09-02 11:34:25,387.0,383.06,Financial Services,False,2692.94,⚠️ Sector Warning: You already have a signal in Financial Services today — taking this one too means doubling up on the same sector's risk.
NUVAMA.NS,1839.9,1753.58,2012.55,5,86.32,431.62,9199.5,2.0,59.8,10.52,0.82,True,63.18,2026-09-02 12:00:19,1825.0,1763.47,Financial Services,False,40800.5,
IFCI.NS,94.64,88.52,106.88,81,6.12,495.55,7665.84,2.0,74.7,6.63,2.37,True,47.96,2026-09-02 12:00:15,92.45,83.13,Financial Services,False,33134.66,⚠️ Sector Warning: You already have a signal in Financial Services today — taking this one too means doubling up on the same sector's risk.
AEGISVOPAK.NS,277.45,261.96,308.43,32,15.49,495.6,8878.4,2.0,53.2,5.05,1.61,True,34.96,2026-09-02 12:00:09,273.05,273.14,Energy,False,24256.26,
USHAMART.NS,507.0,487.06,546.88,24,19.94,478.54,12168.0,2.0,56.1,1.6,1.14,True,15.61,2026-09-02 12:00:23,501.3,496.81,Basic Materials,False,12088.26,
NUVAMA.NS,1838.6,1752.27,2011.25,5,86.32,431.62,9193.0,2.0,59.7,10.24,0.75,True,61.8,2026-09-02 12:18:24,1825.0,1763.35,Financial Services,False,40807.0,
POLYMED.NS,1810.0,1715.99,1998.03,5,94.01,470.06,9050.0,2.0,60.7,6.17,0.39,True,45.59,2026-09-02 12:18:24,1803.0,1744.63,Healthcare,False,31757.0,
AEGISVOPAK.NS,278.4,262.91,309.38,32,15.49,495.6,8908.8,2.0,53.8,4.68,1.96,True,33.08,2026-09-02 12:18:12,273.05,273.23,Energy,False,22848.2,
USHAMART.NS,503.7,483.76,543.58,24,19.94,478.54,12088.8,2.0,54.4,4.91,0.48,True,32.11,2026-09-02 12:18:27,501.3,496.5,Basic Materials,False,10759.4,
RBLBANK.NS,388.7,377.63,410.84,27,11.07,298.89,10494.9,2.0,57.9,2.59,0.44,True,25.04,2026-09-02 12:18:24,387.0,383.12,Financial Services,False,264.5,⚠️ Sector Warning: You already have a signal in Financial Services today — taking this one too means doubling up on the same sector's risk.
NUVAMA.NS,1839.6,1753.27,2012.25,5,86.32,431.62,9198.0,2.0,59.8,9.8,0.8,True,59.58,2026-09-02 12:29:53,1825.0,1763.44,Financial Services,False,40802.0,
KAJARIACER.NS,1263.5,1215.9,1358.71,9,47.6,428.43,11371.5,2.0,63.1,4.83,0.53,True,36.67,2026-09-02 12:29:51,1256.8,1221.64,Industrials,False,29430.5,
USHAMART.NS,504.5,484.56,544.38,24,19.94,478.54,12108.0,2.0,54.9,5.26,0.64,True,33.84,2026-09-02 12:29:57,501.3,496.57,Basic Materials,False,17322.5,
AEGISVOPAK.NS,277.9,262.41,308.88,32,15.49,495.6,8892.8,2.0,53.5,4.43,1.78,True,31.85,2026-09-02 12:29:44,273.05,273.18,Energy,False,8429.7,
CLEAN.NS,850.65,817.71,916.53,9,32.94,296.46,7655.85,2.0,64.2,3.37,0.74,True,30.87,2026-09-02 12:29:47,844.4,817.77,Basic Materials,False,773.85,⚠️ Sector Warning: You already have a signal in Basic Materials today — taking this one too means doubling up on the same sector's risk.
NUVAMA.NS,1846.3,1759.98,2018.95,5,86.32,431.62,9231.5,2.0,60.4,9.53,1.17,True,58.18,2026-09-02 12:46:58,1825.0,1764.08,Financial Services,False,40768.5,
USHAMART.NS,503.8,483.86,543.68,24,19.94,478.54,12091.2,2.0,54.5,5.64,0.5,True,35.72,2026-09-02 12:47:05,501.3,496.51,Basic Materials,False,28677.3,
KAJARIACER.NS,1263.6,1216.0,1358.81,9,47.6,428.43,11372.4,2.0,63.1,4.63,0.54,True,35.66,2026-09-02 12:46:55,1256.8,1221.65,Industrials,False,17304.9,
CLEAN.NS,858.0,824.51,924.99,14,33.49,468.9,12012.0,2.0,65.9,4.21,1.61,True,33.6,2026-09-02 12:46:47,844.4,818.47,Basic Materials,False,5292.9,⚠️ Sector Warning: You already have a signal in Basic Materials today — taking this one too means doubling up on the same sector's risk.
AEGISVOPAK.NS,277.4,261.91,308.38,19,15.49,294.31,5270.6,2.0,53.1,4.14,1.59,True,30.45,2026-09-02 12:46:42,273.05,273.13,Energy,False,22.3,
NUVAMA.NS,1843.5,1757.18,2016.15,5,86.32,431.62,9217.5,2.0,60.2,9.11,1.01,True,56.09,2026-09-02 13:00:34,1825.0,1763.82,Financial Services,False,40782.5,
CLEAN.NS,850.6,817.11,917.59,14,33.49,468.9,11908.4,2.0,64.2,4.74,0.73,True,37.73,2026-09-02 13:00:22,844.4,817.77,Basic Materials,False,28874.1,
USHAMART.NS,503.4,483.46,543.28,24,19.94,478.54,12081.6,2.0,54.3,6.0,0.42,True,37.55,2026-09-02 13:00:41,501.3,496.47,Basic Materials,False,16792.5,⚠️ Sector Warning: You already have a signal in Basic Materials today — taking this one too means doubling up on the same sector's risk.
KAJARIACER.NS,1263.0,1215.4,1358.21,9,47.6,428.43,11367.0,2.0,63.0,4.45,0.49,True,34.86,2026-09-02 13:00:30,1256.8,1221.59,Industrials,False,5425.5,
AEGISVOPAK.NS,277.3,261.81,308.27,19,15.49,294.31,5268.7,2.0,53.1,3.97,1.56,True,29.57,2026-09-02 13:00:17,273.05,273.12,Energy,False,156.8,
NUVAMA.NS,1844.9,1758.58,2017.55,5,86.32,431.62,9224.5,2.0,60.3,8.79,1.09,True,54.49,2026-09-02 13:13:21,1825.0,1763.95,Financial Services,False,40775.5,
SAILIFE.NS,1569.0,1500.32,1706.36,7,68.68,480.75,10983.0,2.0,71.8,3.87,0.58,True,37.92,2026-09-02 13:13:23,1560.0,1449.22,Healthcare,False,29792.5,
CLEAN.NS,852.55,819.06,919.54,14,33.49,468.9,11935.7,2.0,64.6,4.69,0.97,True,37.05,2026-09-02 13:13:15,844.4,817.95,Basic Materials,False,17856.8,
USHAMART.NS,503.3,483.36,543.18,24,19.94,478.54,12079.2,2.0,54.2,5.74,0.4,True,36.23,2026-09-02 13:13:25,501.3,496.46,Basic Materials,False,5777.6,⚠️ Sector Warning: You already have a signal in Basic Materials today — taking this one too means doubling up on the same sector's risk.
KAJARIACER.NS,1261.0,1213.4,1356.21,4,47.6,190.4,5044.0,2.0,62.6,4.3,0.33,True,34.41,2026-09-02 13:13:20,1256.8,1221.4,Industrials,False,733.6,
NUVAMA.NS,1858.6,1772.27,2031.25,5,86.32,431.62,9293.0,2.0,61.5,8.61,1.84,True,53.44,2026-09-02 13:23:17,1825.0,1765.25,Financial Services,False,40707.0,
CLEAN.NS,849.45,815.96,916.44,14,33.49,468.9,11892.3,2.0,63.9,4.67,0.6,True,37.58,2026-09-02 13:23:10,844.4,817.66,Basic Materials,False,28814.7,
SAILIFE.NS,1572.1,1503.42,1709.46,7,68.68,480.75,11004.7,2.0,72.0,3.74,0.78,True,37.05,2026-09-02 13:23:18,1560.0,1449.52,Healthcare,False,17810.0,
USHAMART.NS,503.35,483.41,543.23,24,19.94,478.54,12080.4,2.0,54.3,5.52,0.41,True,35.14,2026-09-02 13:23:21,501.3,496.46,Basic Materials,False,5729.6,⚠️ Sector Warning: You already have a signal in Basic Materials today — taking this one too means doubling up on the same sector's risk.
KAJARIACER.NS,1260.9,1213.3,1356.11,4,47.6,190.4,5043.6,2.0,62.6,4.18,0.33,True,33.81,2026-09-02 13:23:14,1256.8,1221.39,Industrials,False,686.0,
NUVAMA.NS,1852.1,1765.77,2024.75,5,86.32,431.62,9260.5,2.0,61.0,8.37,1.48,True,52.33,2026-09-02 13:33:23,1825.0,1764.63,Financial Services,False,40739.5,
SAILIFE.NS,1569.2,1500.52,1706.56,7,68.68,480.75,10984.4,2.0,71.8,3.68,0.59,True,37.0,2026-09-02 13:33:26,1560.0,1449.24,Healthcare,False,29755.1,
CLEAN.NS,851.15,817.66,918.14,14,33.49,468.9,11916.1,2.0,64.3,4.61,0.8,True,36.94,2026-09-02 13:33:15,844.4,817.82,Basic Materials,False,17839.0,
USHAMART.NS,503.45,483.51,543.33,24,19.94,478.54,12082.8,2.0,54.3,5.32,0.43,True,34.11,2026-09-02 13:33:29,501.3,496.47,Basic Materials,False,5756.2,⚠️ Sector Warning: You already have a signal in Basic Materials today — taking this one too means doubling up on the same sector's risk.
KAJARIACER.NS,1259.6,1212.0,1354.81,4,47.6,190.4,5038.4,2.0,62.3,4.05,0.22,True,33.21,2026-09-02 13:33:20,1256.8,1221.27,Industrials,False,717.8,
NUVAMA.NS,1846.9,1760.58,2019.55,5,86.32,431.62,9234.5,2.0,60.5,8.06,1.2,True,50.8,2026-09-02 13:52:03,1825.0,1764.14,Financial Services,False,40765.5,
CLEAN.NS,853.0,819.51,919.99,14,33.49,468.9,11942.0,2.0,64.7,4.79,1.02,True,37.5,2026-09-02 13:51:57,844.4,818.0,Basic Materials,False,28823.5,
SAILIFE.NS,1572.2,1503.52,1709.56,7,68.68,480.75,11005.4,2.0,72.0,3.51,0.78,True,35.86,2026-09-02 13:52:05,1560.0,1449.53,Healthcare,False,17818.1,
USHAMART.NS,503.0,483.06,542.88,24,19.94,478.54,12072.0,2.0,54.1,5.41,0.34,True,34.55,2026-09-02 13:52:07,501.3,496.43,Basic Materials,False,5746.1,⚠️ Sector Warning: You already have a signal in Basic Materials today — taking this one too means doubling up on the same sector's risk.
KAJARIACER.NS,1260.0,1212.4,1355.21,4,47.6,190.4,5040.0,2.0,62.4,3.81,0.25,True,32.02,2026-09-02 13:52:02,1256.8,1221.3,Industrials,False,706.1,
NUVAMA.NS,1848.0,1761.89,2020.22,5,86.11,430.55,9240.0,2.0,61.0,6.38,1.26,True,42.66,2026-09-02 14:04:50,1825.0,1766.79,Financial Services,False,40760.0,
CLEAN.NS,847.3,813.81,914.29,14,33.49,468.9,11862.2,2.0,63.4,5.01,0.34,True,39.71,2026-09-02 14:04:43,844.4,817.45,Basic Materials,False,28897.8,
SAILIFE.NS,1577.3,1508.51,1714.87,7,68.79,481.5,11041.1,2.0,72.4,3.44,1.11,True,35.08,2026-09-02 14:04:52,1560.0,1450.01,Healthcare,False,17856.7,
KAJARIACER.NS,1259.4,1209.74,1358.72,9,49.66,446.95,11334.6,2.0,60.9,3.7,0.21,True,30.87,2026-09-02 14:04:48,1256.8,1222.26,Industrials,False,6522.1,
BEML.NS,2027.5,1940.38,2201.74,3,87.12,261.36,6082.5,2.0,65.8,3.36,1.48,True,30.5,2026-09-02 14:04:42,1998.0,1916.96,Industrials,False,439.6,⚠️ Sector Warning: You already have a signal in Industrials today — taking this one too means doubling up on the same sector's risk.
NUVAMA.NS,1843.8,1757.69,2016.02,5,86.11,430.55,9219.0,2.0,60.6,6.19,1.03,True,41.78,2026-09-02 14:17:31,1825.0,1766.39,Financial Services,False,40781.0,
CLEAN.NS,852.65,819.16,919.64,14,33.49,468.9,11937.1,2.0,64.7,4.91,0.98,True,38.17,2026-09-02 14:17:24,844.4,817.96,Basic Materials,False,28843.9,
SAILIFE.NS,1577.6,1508.77,1715.26,7,68.83,481.8,11043.2,2.0,72.4,3.36,1.13,True,34.64,2026-09-02 14:17:34,1560.0,1450.04,Healthcare,False,17800.7,
BEML.NS,2025.2,1938.08,2199.44,5,87.12,435.59,10126.0,2.0,65.6,3.3,1.36,True,30.35,2026-09-02 14:17:22,1998.0,1916.74,Industrials,False,7674.7,
AEGISVOPAK.NS,280.9,265.36,311.97,27,15.54,419.58,7584.3,2.0,55.8,3.18,3.01,True,25.14,2026-09-02 14:17:22,272.7,273.24,Energy,False,90.4,
NUVAMA.NS,1844.2,1758.09,2016.42,5,86.11,430.55,9221.0,2.0,60.7,6.05,1.05,True,41.04,2026-09-02 14:27:35,1825.0,1766.43,Financial Services,False,40779.0,
CLEAN.NS,850.55,817.06,917.54,14,33.49,468.9,11907.7,2.0,64.2,4.86,0.73,True,38.34,2026-09-02 14:27:23,844.4,817.76,Basic Materials,False,28871.3,
SAILIFE.NS,1574.8,1505.91,1712.59,7,68.89,482.25,11023.6,2.0,72.2,3.31,0.95,True,34.64,2026-09-02 14:27:38,1560.0,1449.77,Healthcare,False,17847.7,
BEML.NS,2034.0,1946.88,2208.24,5,87.12,435.59,10170.0,2.0,66.3,3.37,1.8,True,30.04,2026-09-02 14:27:20,1998.0,1917.58,Industrials,False,7677.7,
AEGISVOPAK.NS,284.0,268.24,315.52,27,15.76,425.52,7668.0,2.0,57.6,3.35,4.14,True,25.72,2026-09-02 14:27:19,272.7,273.54,Energy,False,9.7,
NUVAMA.NS,1838.5,1752.39,2010.72,5,86.11,430.55,9192.5,2.0,60.1,5.93,0.74,True,40.49,2026-09-02 14:41:52,1825.0,1765.89,Financial Services,False,40807.5,
CLEAN.NS,853.05,819.56,920.04,14,33.49,468.9,11942.7,2.0,64.8,4.76,1.02,True,37.31,2026-09-02 14:41:42,844.4,818.0,Basic Materials,False,28864.8,
SAILIFE.NS,1577.5,1508.61,1715.29,7,68.89,482.25,11042.5,2.0,72.4,3.22,1.12,True,33.98,2026-09-02 14:41:55,1560.0,1450.03,Healthcare,False,17822.3,
BEML.NS,2037.5,1950.38,2211.74,5,87.12,435.59,10187.5,2.0,66.6,3.33,1.98,True,29.59,2026-09-02 14:41:40,1998.0,1917.91,Industrials,False,7634.8,
KAJARIACER.NS,1259.6,1209.94,1358.92,6,49.66,297.96,7557.6,2.0,60.9,3.36,0.22,True,29.21,2026-09-02 14:41:50,1256.8,1222.28,Industrials,False,77.2,⚠️ Sector Warning: You already have a signal in Industrials today — taking this one too means doubling up on the same sector's risk.
NUVAMA.NS,1836.5,1750.39,2008.72,5,86.11,430.55,9182.5,2.0,59.9,5.94,0.63,True,40.59,2026-09-02 14:57:09,1825.0,1765.7,Financial Services,False,40817.5,
CLEAN.NS,857.1,823.61,924.09,14,33.49,468.9,11999.4,2.0,65.7,4.76,1.5,True,36.54,2026-09-02 14:57:03,844.4,818.39,Basic Materials,False,28818.1,
SAILIFE.NS,1576.0,1506.66,1714.69,7,69.34,485.4,11032.0,2.0,72.3,3.2,1.03,True,33.97,2026-09-02 14:57:11,1560.0,1449.89,Healthcare,False,17786.1,
AEGISVOPAK.NS,285.15,269.05,317.36,31,16.1,499.21,8839.65,2.0,58.2,4.78,4.57,True,32.76,2026-09-02 14:57:01,272.7,273.65,Energy,False,8946.45,
BEML.NS,2033.4,1946.28,2207.64,4,87.12,348.48,8133.6,2.0,66.3,3.25,1.77,True,29.5,2026-09-02 14:57:01,1998.0,1917.52,Industrials,False,812.85,
NUVAMA.NS,1846.4,1760.29,2018.62,5,86.11,430.55,9232.0,2.0,60.9,5.89,1.17,True,40.22,2026-09-02 15:10:19,1825.0,1766.64,Financial Services,False,40768.0,
CLEAN.NS,857.0,823.51,923.99,14,33.49,468.9,11998.0,2.0,65.6,4.8,1.49,True,36.76,2026-09-02 15:10:13,844.4,818.38,Basic Materials,False,28770.0,
SAILIFE.NS,1585.5,1515.96,1724.57,7,69.54,486.75,11098.5,2.0,73.0,3.22,1.63,True,33.25,2026-09-02 15:10:21,1560.0,1450.79,Healthcare,False,17671.5,
BEML.NS,2029.4,1942.28,2203.64,5,87.12,435.59,10147.0,2.0,65.9,3.32,1.57,True,30.15,2026-09-02 15:10:11,1998.0,1917.14,Industrials,False,7524.5,
RBLBANK.NS,389.5,378.19,412.13,19,11.31,214.89,7400.5,2.0,58.5,2.56,0.65,True,25.03,2026-09-02 15:10:20,387.0,383.2,Financial Services,False,124.0,⚠️ Sector Warning: You already have a signal in Financial Services today — taking this one too means doubling up on the same sector's risk.
NUVAMA.NS,1845.0,1758.89,2017.22,5,86.11,430.55,9225.0,2.0,60.7,5.86,1.1,True,40.09,2026-09-02 15:21:32,1825.0,1766.51,Financial Services,False,40775.0,
CLEAN.NS,865.9,831.43,934.84,14,34.47,482.55,12122.6,2.0,67.5,5.26,2.55,True,37.39,2026-09-02 15:21:22,844.4,819.23,Basic Materials,False,28652.4,
SAILIFE.NS,1592.7,1522.23,1733.64,7,70.47,493.27,11148.9,2.0,73.5,3.25,2.1,True,32.79,2026-09-02 15:21:35,1560.0,1451.48,Healthcare,False,17503.5,
BEML.NS,2030.3,1943.18,2204.54,5,87.12,435.59,10151.5,2.0,66.0,3.32,1.62,True,30.06,2026-09-02 15:21:21,1998.0,1917.23,Industrials,False,7352.0,
KAJARIACER.NS,1260.0,1210.34,1359.32,5,49.66,248.3,6300.0,2.0,61.0,3.44,0.25,True,29.57,2026-09-02 15:21:27,1256.8,1222.32,Industrials,False,1052.0,⚠️ Sector Warning: You already have a signal in Industrials today — taking this one too means doubling up on the same sector's risk.
ANANTRAJ.NS,626.0,599.52,678.96,18,26.48,476.65,11268.0,2.0,58.6,39.62,2.3,True,209.74,2026-09-03 11:01:45,611.9,609.83,Real Estate,False,38732.0,
RBLBANK.NS,406.4,393.63,431.93,30,12.77,382.98,12192.0,2.0,69.6,17.7,3.49,True,97.1,2026-09-03 11:01:54,392.7,385.4,Financial Services,False,26540.0,
CHENNPETRO.NS,1439.3,1348.19,1621.53,5,91.11,455.57,7196.5,2.0,63.5,4.15,1.05,True,43.8,2026-09-03 11:01:47,1424.4,1352.28,Energy,False,19343.5,
MAHABANK.NS,86.5,83.02,93.47,143,3.48,498.25,12369.5,2.0,63.9,5.68,0.36,True,38.97,2026-09-03 11:01:46,86.19,82.24,Financial Services,False,6974.0,⚠️ Sector Warning: You already have a signal in Financial Services today — taking this one too means doubling up on the same sector's risk.
AEGISVOPAK.NS,294.8,277.74,328.92,23,17.06,392.38,6780.4,2.0,63.2,3.41,2.25,True,30.39,2026-09-03 11:01:45,288.3,275.76,Energy,False,193.6,⚠️ Sector Warning: You already have a signal in Energy today — taking this one too means doubling up on the same sector's risk.
ANANTRAJ.NS,626.35,599.87,679.31,18,26.48,476.65,11274.3,2.0,58.7,39.17,2.36,True,207.49,2026-09-03 11:03:07,611.9,609.86,Real Estate,False,38725.7,
RBLBANK.NS,406.6,393.83,432.13,30,12.77,382.98,12198.0,2.0,69.7,17.51,3.54,True,96.06,2026-09-03 11:03:19,392.7,385.42,Financial Services,False,26527.7,
CHENNPETRO.NS,1441.1,1349.99,1623.33,5,91.11,455.57,7205.5,2.0,63.6,4.11,1.17,True,43.42,2026-09-03 11:03:10,1424.4,1352.45,Energy,False,19322.2,
MAHABANK.NS,86.44,82.96,93.41,143,3.48,498.25,12360.92,2.0,63.8,5.63,0.29,True,38.8,2026-09-03 11:03:08,86.19,82.24,Financial Services,False,6961.28,⚠️ Sector Warning: You already have a signal in Financial Services today — taking this one too means doubling up on the same sector's risk.
GRANULES.NS,851.5,817.81,918.88,8,33.69,269.52,6812.0,2.0,53.3,4.36,0.41,True,30.45,2026-09-03 11:03:12,848.0,843.39,Healthcare,False,149.28,
ANANTRAJ.NS,631.55,605.07,684.51,18,26.48,476.65,11367.9,2.0,60.4,35.18,3.21,True,187.48,2026-09-03 11:25:50,611.9,610.36,Real Estate,False,38632.1,
RBLBANK.NS,407.8,395.03,433.33,30,12.77,382.98,12234.0,2.0,70.3,15.58,3.85,True,85.92,2026-09-03 11:26:11,392.7,385.53,Financial Services,False,26398.1,
CHENNPETRO.NS,1428.0,1336.89,1610.23,5,91.11,455.57,7140.0,2.0,62.5,3.61,0.25,True,42.2,2026-09-03 11:25:55,1424.4,1351.2,Energy,False,19258.1,
MAHABANK.NS,86.94,83.44,93.95,142,3.5,497.66,12345.48,2.0,64.8,5.19,0.87,True,35.69,2026-09-03 11:25:52,86.19,82.28,Financial Services,False,6912.62,⚠️ Sector Warning: You already have a signal in Financial Services today — taking this one too means doubling up on the same sector's risk.
BEML.NS,2062.0,1974.69,2236.62,3,87.31,261.93,6186.0,2.0,68.4,3.23,0.69,True,30.19,2026-09-03 11:25:52,2047.8,1931.2,Industrials,False,726.62,
ANANTRAJ.NS,637.25,610.21,691.33,18,27.04,486.68,11470.5,2.0,62.2,35.27,4.14,True,187.82,2026-09-03 11:41:56,611.9,610.9,Real Estate,False,38529.5,
RBLBANK.NS,407.4,394.63,432.93,30,12.77,382.98,12222.0,2.0,70.1,14.59,3.74,True,81.13,2026-09-03 11:42:08,392.7,385.49,Financial Services,False,26307.5,
CHENNPETRO.NS,1438.1,1346.99,1620.33,5,91.11,455.57,7190.5,2.0,63.4,3.3,0.96,True,39.66,2026-09-03 11:41:59,1424.4,1352.16,Energy,False,19117.0,
GRANULES.NS,857.55,823.69,925.26,14,33.86,474.0,12005.7,2.0,55.3,5.71,1.13,True,37.33,2026-09-03 11:42:01,848.0,843.97,Healthcare,False,7111.3,
MAHABANK.NS,87.06,83.54,94.11,81,3.52,285.12,7051.86,2.0,65.0,5.11,1.01,True,35.1,2026-09-03 11:41:57,86.19,82.29,Financial Services,False,59.44,⚠️ Sector Warning: You already have a signal in Financial Services today — taking this one too means doubling up on the same sector's risk.
ANANTRAJ.NS,637.05,609.96,691.22,18,27.09,487.54,11466.9,2.0,62.2,33.37,4.11,True,178.34,2026-09-03 12:03:05,611.9,610.88,Real Estate,False,38533.1,
RBLBANK.NS,409.0,396.16,434.67,30,12.84,385.07,12270.0,2.0,70.8,13.52,4.15,True,75.16,2026-09-03 12:03:22,392.7,385.65,Financial Services,False,26263.1,
CHENNPETRO.NS,1436.9,1345.79,1619.13,5,91.11,455.57,7184.5,2.0,63.3,2.93,0.88,True,37.92,2026-09-03 12:03:08,1424.4,1352.05,Energy,False,19078.6,
GRANULES.NS,857.9,823.63,926.44,14,34.27,479.78,12010.6,2.0,55.4,5.45,1.17,True,36.04,2026-09-03 12:03:10,848.0,844.0,Healthcare,False,7068.0,
MAHABANK.NS,87.06,83.54,94.11,81,3.52,285.12,7051.86,2.0,65.0,4.75,1.01,True,33.26,2026-09-03 12:03:06,86.19,82.29,Financial Services,False,16.14,⚠️ Sector Warning: You already have a signal in Financial Services today — taking this one too means doubling up on the same sector's risk.
ANANTRAJ.NS,637.85,610.76,692.02,18,27.09,487.54,11481.3,2.0,62.4,31.58,4.24,True,169.36,2026-09-03 12:19:48,611.9,610.96,Real Estate,False,38518.7,
RBLBANK.NS,409.1,396.26,434.77,30,12.84,385.07,12273.0,2.0,70.9,12.57,4.18,True,70.36,2026-09-03 12:20:07,392.7,385.66,Financial Services,False,26245.7,
GRANULES.NS,869.45,834.11,940.13,14,35.34,494.78,12172.3,2.0,58.8,5.67,2.53,True,37.31,2026-09-03 12:19:55,848.0,845.1,Healthcare,False,14073.4,
CHENNPETRO.NS,1439.1,1347.99,1621.33,5,91.11,455.57,7195.5,2.0,63.5,2.7,1.03,True,36.55,2026-09-03 12:19:51,1424.4,1352.26,Energy,False,6877.9,
MAHABANK.NS,87.09,83.56,94.16,78,3.53,275.34,6793.02,2.0,65.1,4.62,1.04,True,32.56,2026-09-03 12:19:50,86.19,82.3,Financial Services,False,84.88,⚠️ Sector Warning: You already have a signal in Financial Services today — taking this one too means doubling up on the same sector's risk.
ANANTRAJ.NS,634.8,607.71,688.97,18,27.09,487.54,11426.4,2.0,61.5,30.62,3.74,True,164.62,2026-09-03 12:30:47,611.9,610.67,Real Estate,False,38573.6,
RBLBANK.NS,409.0,396.16,434.67,30,12.84,385.07,12270.0,2.0,70.8,12.16,4.15,True,68.37,2026-09-03 12:30:58,392.7,385.65,Financial Services,False,26303.6,
BRIGADE.NS,666.7,631.24,737.63,14,35.46,496.5,9333.8,2.0,68.7,3.46,0.25,True,37.02,2026-09-03 12:30:48,665.05,624.72,Real Estate,False,16969.8,⚠️ Sector Warning: You already have a signal in Real Estate today — taking this one too means doubling up on the same sector's risk.
GRANULES.NS,870.5,835.16,941.18,14,35.34,494.78,12187.0,2.0,59.1,5.61,2.65,True,37.0,2026-09-03 12:30:51,848.0,845.2,Healthcare,False,4782.8,
CHENNPETRO.NS,1437.6,1346.49,1619.83,3,91.11,273.33,4312.8,2.0,63.3,2.57,0.93,True,36.05,2026-09-03 12:30:49,1424.4,1352.12,Energy,False,470.0,
ANANTRAJ.NS,631.7,604.61,685.87,18,27.09,487.54,11370.6,2.0,60.5,28.3,3.24,True,153.1,2026-09-03 12:55:43,611.9,610.37,Real Estate,False,38629.4,
RBLBANK.NS,409.65,396.78,435.4,30,12.87,386.2,12289.5,2.0,71.1,11.27,4.32,True,63.64,2026-09-03 12:55:57,392.7,385.71,Financial Services,False,26339.9,
BRIGADE.NS,666.8,631.34,737.73,14,35.46,496.5,9335.2,2.0,68.7,3.46,0.26,True,37.02,2026-09-03 12:55:44,665.05,624.73,Real Estate,False,17004.7,⚠️ Sector Warning: You already have a signal in Real Estate today — taking this one too means doubling up on the same sector's risk.
GRANULES.NS,869.45,834.11,940.13,14,35.34,494.78,12172.3,2.0,58.8,5.19,2.53,True,34.91,2026-09-03 12:55:47,848.0,845.1,Healthcare,False,4832.4,
CHENNPETRO.NS,1438.1,1346.99,1620.33,3,91.11,273.33,4314.3,2.0,63.4,2.31,0.96,True,34.71,2026-09-03 12:55:45,1424.4,1352.16,Energy,False,518.1,
ANANTRAJ.NS,632.35,605.26,686.52,18,27.09,487.54,11382.3,2.0,60.7,27.61,3.34,True,149.63,2026-09-03 13:02:04,611.9,610.43,Real Estate,False,38617.7,
RBLBANK.NS,408.9,396.03,434.65,30,12.87,386.2,12267.0,2.0,70.8,11.12,4.13,True,63.18,2026-09-03 13:02:16,392.7,385.64,Financial Services,False,26350.7,
BRIGADE.NS,666.6,631.14,737.53,14,35.46,496.5,9332.4,2.0,68.7,3.43,0.23,True,36.92,2026-09-03 13:02:05,665.05,624.71,Real Estate,False,17018.3,⚠️ Sector Warning: You already have a signal in Real Estate today — taking this one too means doubling up on the same sector's risk.
GRANULES.NS,871.0,835.66,941.68,14,35.34,494.78,12194.0,2.0,59.2,5.16,2.71,True,34.75,2026-09-03 13:02:07,848.0,845.25,Healthcare,False,4824.3,
CHENNPETRO.NS,1439.5,1348.39,1621.73,3,91.11,273.33,4318.5,2.0,63.5,2.25,1.06,True,34.29,2026-09-03 13:02:06,1424.4,1352.3,Energy,False,505.8,
ANANTRAJ.NS,630.5,603.41,684.67,18,27.09,487.54,11349.0,2.0,60.1,27.16,3.04,True,147.4,2026-09-03 13:15:28,611.9,610.26,Real Estate,False,38651.0,
RBLBANK.NS,409.6,396.73,435.35,30,12.87,386.2,12288.0,2.0,71.1,10.68,4.3,True,60.73,2026-09-03 13:15:37,392.7,385.7,Financial Services,False,26363.0,
BRIGADE.NS,667.9,632.44,738.83,14,35.46,496.5,9350.6,2.0,68.9,3.46,0.43,True,36.76,2026-09-03 13:15:29,665.05,624.84,Real Estate,False,17012.4,⚠️ Sector Warning: You already have a signal in Real Estate today — taking this one too means doubling up on the same sector's risk.
GRANULES.NS,871.0,835.5,942.0,14,35.5,497.03,12194.0,2.0,59.2,5.02,2.71,True,34.05,2026-09-03 13:15:32,848.0,845.25,Healthcare,False,4818.4,
CHENNPETRO.NS,1440.0,1348.89,1622.23,3,91.11,273.33,4320.0,2.0,63.5,2.14,1.1,True,33.7,2026-09-03 13:15:30,1424.4,1352.34,Energy,False,498.4,
ANANTRAJ.NS,631.85,604.76,686.02,18,27.09,487.54,11373.3,2.0,60.5,26.26,3.26,True,142.88,2026-09-03 13:26:08,611.9,610.39,Real Estate,False,38626.7,
RBLBANK.NS,409.8,396.93,435.55,30,12.87,386.2,12294.0,2.0,71.2,10.59,4.35,True,60.16,2026-09-03 13:26:23,392.7,385.72,Financial Services,False,26332.7,
BRIGADE.NS,668.9,633.44,739.83,14,35.46,496.5,9364.6,2.0,69.1,3.47,0.58,True,36.59,2026-09-03 13:26:12,665.05,624.93,Real Estate,False,16968.1,⚠️ Sector Warning: You already have a signal in Real Estate today — taking this one too means doubling up on the same sector's risk.
CHENNPETRO.NS,1436.5,1345.39,1618.73,5,91.11,455.57,7182.5,2.0,63.3,2.09,0.85,True,33.79,2026-09-03 13:26:13,1424.4,1352.01,Energy,False,9785.6,
GRANULES.NS,871.4,835.9,942.4,11,35.5,390.5,9585.4,2.0,59.3,4.87,2.76,True,33.29,2026-09-03 13:26:15,848.0,845.29,Healthcare,False,200.2,
ANANTRAJ.NS,629.75,602.66,683.92,18,27.09,487.54,11335.5,2.0,59.9,25.08,2.92,True,136.99,2026-09-03 13:40:05,611.9,610.19,Real Estate,False,38664.5,
RBLBANK.NS,409.15,396.28,434.9,30,12.87,386.2,12274.5,2.0,70.9,10.23,4.19,True,58.65,2026-09-03 13:40:19,392.7,385.66,Financial Services,False,26390.0,
BRIGADE.NS,692.05,654.09,767.96,13,37.96,493.42,8996.65,2.0,73.1,4.83,4.06,True,38.73,2026-09-03 13:40:07,665.05,627.14,Real Estate,False,17393.35,⚠️ Sector Warning: You already have a signal in Real Estate today — taking this one too means doubling up on the same sector's risk.
CHENNPETRO.NS,1441.4,1350.29,1623.63,5,91.11,455.57,7207.0,2.0,63.7,2.0,1.19,True,32.87,2026-09-03 13:40:07,1424.4,1352.48,Energy,False,10186.35,
GRANULES.NS,869.95,834.45,940.95,11,35.5,390.5,9569.45,2.0,58.9,4.67,2.59,True,32.32,2026-09-03 13:40:09,848.0,845.15,Healthcare,False,616.9,
ANANTRAJ.NS,628.5,601.41,682.67,18,27.09,487.54,11313.0,2.0,59.4,23.87,2.71,True,130.96,2026-09-03 13:57:25,611.9,610.07,Real Estate,False,38687.0,
BRIGADE.NS,690.25,652.29,766.16,13,37.96,493.42,8973.25,2.0,72.9,8.35,3.79,True,56.68,2026-09-03 13:57:27,665.05,626.97,Real Estate,False,29713.75,⚠️ Sector Warning: You already have a signal in Real Estate today — taking this one too means doubling up on the same sector's risk.
RBLBANK.NS,409.5,396.63,435.25,30,12.87,386.2,12285.0,2.0,71.0,9.78,4.28,True,56.25,2026-09-03 13:57:39,392.7,385.69,Financial Services,False,17428.75,
GRANULES.NS,858.0,822.5,929.0,14,35.5,497.03,12012.0,2.0,55.5,4.7,1.18,True,32.29,2026-09-03 13:57:31,848.0,844.01,Healthcare,False,5416.75,
CHENNPETRO.NS,1442.6,1351.49,1624.83,3,91.11,273.33,4327.8,2.0,63.8,1.9,1.28,True,32.24,2026-09-03 13:57:28,1424.4,1352.59,Energy,False,1088.95,
ANANTRAJ.NS,631.3,604.21,685.47,18,27.09,487.54,11363.4,2.0,60.4,23.64,3.17,True,129.77,2026-09-03 14:12:35,611.9,610.33,Real Estate,False,38636.6,
BRIGADE.NS,689.8,649.99,769.42,12,39.81,477.71,8277.6,2.0,72.1,12.03,4.03,True,74.98,2026-09-03 14:12:38,663.1,628.62,Real Estate,False,30359.0,⚠️ Sector Warning: You already have a signal in Real Estate today — taking this one too means doubling up on the same sector's risk.
RBLBANK.NS,409.5,396.63,435.25,30,12.87,386.2,12285.0,2.0,71.0,9.45,4.28,True,54.61,2026-09-03 14:12:56,392.7,385.69,Financial Services,False,18074.0,
CHENNPETRO.NS,1442.8,1356.09,1616.22,5,86.71,433.55,7214.0,2.0,63.9,1.56,1.29,True,30.38,2026-09-03 14:12:39,1424.4,1358.72,Energy,False,10860.0,
MAHABANK.NS,86.46,82.92,93.55,125,3.54,442.5,10807.5,2.0,63.8,3.74,0.31,True,29.34,2026-09-03 14:12:37,86.19,82.24,Financial Services,False,52.5,⚠️ Sector Warning: You already have a signal in Financial Services today — taking this one too means doubling up on the same sector's risk.
ANANTRAJ.NS,631.65,604.56,685.82,18,27.09,487.54,11369.7,2.0,60.5,22.9,3.23,True,126.09,2026-09-03 14:24:19,611.9,610.37,Real Estate,False,38630.3,
BRIGADE.NS,684.15,644.34,763.77,12,39.81,477.71,8209.8,2.0,71.2,12.72,3.17,True,79.54,2026-09-03 14:24:21,663.1,628.08,Real Estate,False,30420.5,⚠️ Sector Warning: You already have a signal in Real Estate today — taking this one too means doubling up on the same sector's risk.
RBLBANK.NS,409.75,396.88,435.5,30,12.87,386.2,12292.5,2.0,71.2,9.24,4.34,True,53.47,2026-09-03 14:24:32,392.7,385.72,Financial Services,False,18128.0,
GRANULES.NS,854.0,818.5,925.0,14,35.5,497.03,11956.0,2.0,54.2,4.73,0.71,True,32.35,2026-09-03 14:24:24,848.0,843.63,Healthcare,False,6172.0,
CHENNPETRO.NS,1441.5,1354.79,1614.92,4,86.71,346.84,5766.0,2.0,63.8,1.51,1.2,True,30.27,2026-09-03 14:24:21,1424.4,1358.59,Energy,False,406.0,
ANANTRAJ.NS,629.55,602.46,683.72,18,27.09,487.54,11331.9,2.0,59.8,22.23,2.88,True,122.77,2026-09-03 14:35:31,611.9,610.17,Real Estate,False,38668.1,
BRIGADE.NS,687.5,647.69,767.12,12,39.81,477.71,8250.0,2.0,71.7,13.13,3.68,True,80.94,2026-09-03 14:35:32,663.1,628.4,Real Estate,False,30418.1,⚠️ Sector Warning: You already have a signal in Real Estate today — taking this one too means doubling up on the same sector's risk.
RBLBANK.NS,409.95,397.08,435.7,30,12.87,386.2,12298.5,2.0,71.2,9.07,4.39,True,52.5,2026-09-03 14:35:39,392.7,385.74,Financial Services,False,18119.6,
GRANULES.NS,850.15,814.65,921.15,14,35.5,497.03,11902.1,2.0,52.8,4.58,0.25,True,31.5,2026-09-03 14:35:34,848.0,843.26,Healthcare,False,6217.5,
CHENNPETRO.NS,1440.1,1353.39,1613.52,4,86.71,346.84,5760.4,2.0,63.7,1.47,1.1,True,30.21,2026-09-03 14:35:32,1424.4,1358.46,Energy,False,457.1,
ANANTRAJ.NS,629.3,602.21,683.47,18,27.09,487.54,11327.4,2.0,59.7,21.41,2.84,True,118.67,2026-09-03 14:52:43,611.9,610.14,Real Estate,False,38672.6,
BRIGADE.NS,690.0,650.19,769.62,12,39.81,477.71,8280.0,2.0,72.1,14.44,4.06,True,86.97,2026-09-03 14:52:45,663.1,628.64,Real Estate,False,30392.6,⚠️ Sector Warning: You already have a signal in Real Estate today — taking this one too means doubling up on the same sector's risk.
RBLBANK.NS,410.5,397.56,436.39,30,12.94,388.29,12315.0,2.0,71.5,8.9,4.53,True,51.45,2026-09-03 14:52:53,392.7,385.79,Financial Services,False,18077.6,
GRANULES.NS,854.1,818.6,925.1,14,35.5,497.03,11957.4,2.0,54.2,4.46,0.72,True,31.0,2026-09-03 14:52:47,848.0,843.64,Healthcare,False,6120.2,
CHENNPETRO.NS,1439.4,1352.69,1612.82,4,86.71,346.84,5757.6,2.0,63.7,1.44,1.05,True,30.1,2026-09-03 14:52:45,1424.4,1358.39,Energy,False,362.6,
ANANTRAJ.NS,627.95,600.86,682.12,18,27.09,487.54,11303.1,2.0,59.2,21.1,2.62,True,117.11,2026-09-03 15:05:39,611.9,610.02,Real Estate,False,38696.9,
BRIGADE.NS,689.75,649.94,769.37,12,39.81,477.71,8277.0,2.0,72.1,15.21,4.02,True,90.9,2026-09-03 15:05:40,663.1,628.62,Real Estate,False,30419.9,⚠️ Sector Warning: You already have a signal in Real Estate today — taking this one too means doubling up on the same sector's risk.
RBLBANK.NS,409.7,396.76,435.59,30,12.94,388.29,12291.0,2.0,71.1,8.99,4.33,True,52.19,2026-09-03 15:05:51,392.7,385.71,Financial Services,False,18128.9,
IDFCFIRSTB.NS,87.8,85.41,92.58,142,2.39,339.13,12467.6,2.0,62.7,3.36,2.13,True,30.61,2026-09-03 15:05:44,85.97,85.01,Financial Services,False,5661.3,⚠️ Sector Warning: You already have a signal in Financial Services today — taking this one too means doubling up on the same sector's risk.
GRANULES.NS,852.9,817.4,923.9,6,35.5,213.0,5117.4,2.0,53.8,4.38,0.58,True,30.56,2026-09-03 15:05:43,848.0,843.52,Healthcare,False,543.9,
ANANTRAJ.NS,628.75,601.66,682.92,18,27.09,487.54,11317.5,2.0,59.5,20.73,2.75,True,115.26,2026-09-03 15:17:53,611.9,610.09,Real Estate,False,38682.5,
RBLBANK.NS,408.2,395.25,434.1,30,12.95,388.45,12246.0,2.0,70.5,9.08,3.95,True,53.3,2026-09-03 15:18:03,392.7,385.57,Financial Services,False,26436.5,
IDFCFIRSTB.NS,87.44,85.05,92.22,142,2.39,339.13,12416.48,2.0,61.7,3.49,1.71,True,31.34,2026-09-03 15:17:59,85.97,84.98,Financial Services,False,14020.02,⚠️ Sector Warning: You already have a signal in Financial Services today — taking this one too means doubling up on the same sector's risk.
GRANULES.NS,854.1,818.6,925.1,14,35.5,497.03,11957.4,2.0,54.2,4.29,0.72,True,30.16,2026-09-03 15:17:57,848.0,843.64,Healthcare,False,2062.62,
CHENNPETRO.NS,1439.3,1352.59,1612.72,1,86.71,86.71,1439.3,2.0,63.6,1.44,1.05,True,30.14,2026-09-03 15:17:55,1424.4,1358.39,Energy,False,623.32,
ANANTRAJ.NS,628.0,600.91,682.17,18,27.09,487.54,11304.0,2.0,59.3,20.51,2.63,True,114.18,2026-09-03 15:27:14,611.9,610.02,Real Estate,False,38696.0,
RBLBANK.NS,408.2,395.25,434.1,30,12.95,388.45,12246.0,2.0,70.5,8.86,3.95,True,52.15,2026-09-03 15:27:24,392.7,385.57,Financial Services,False,26450.0,
IDFCFIRSTB.NS,87.44,85.05,92.22,142,2.39,339.13,12416.48,2.0,61.7,3.4,1.71,True,30.9,2026-09-03 15:27:19,85.97,84.98,Financial Services,False,14033.52,⚠️ Sector Warning: You already have a signal in Financial Services today — taking this one too means doubling up on the same sector's risk.
GRANULES.NS,857.0,821.5,928.0,14,35.5,497.03,11998.0,2.0,55.1,4.21,1.06,True,29.86,2026-09-03 15:27:18,848.0,843.92,Healthcare,False,2035.52,
CHENNPETRO.NS,1442.9,1356.19,1616.32,1,86.71,86.71,1442.9,2.0,64.0,1.45,1.3,True,29.85,2026-09-03 15:27:16,1424.4,1358.73,Energy,False,592.62,
ACE.NS,1178.2,1117.27,1300.06,8,60.93,487.42,9425.6,2.0,61.4,3.36,2.01,True,33.68,2026-09-04 09:22:24,1155.0,1123.98,Industrials,False,40574.4,
ACE.NS,1172.3,1111.37,1294.16,8,60.93,487.42,9378.4,2.0,60.7,6.38,1.5,True,48.94,2026-09-04 09:35:35,1155.0,1123.42,Industrials,False,40621.6,
ANANTRAJ.NS,644.9,617.01,700.68,17,27.89,474.12,10963.3,2.0,64.7,1.88,0.73,True,23.76,2026-09-04 09:35:36,640.25,613.37,Real Estate,False,29658.3,
AEGISLOG.NS,1316.9,1227.01,1496.69,5,89.89,449.46,6584.5,2.0,52.3,1.38,0.94,True,20.92,2026-09-04 09:35:35,1304.7,1300.0,Energy,False,23073.8,
KPIL.NS,1436.8,1388.25,1533.89,8,48.55,388.37,11494.4,2.0,66.8,1.49,0.51,True,20.14,2026-09-04 09:35:42,1429.5,1382.86,Industrials,False,11579.4,⚠️ Sector Warning: You already have a signal in Industrials today — taking this one too means doubling up on the same sector's risk.
EMCURE.NS,1896.0,1831.07,2025.86,6,64.93,389.58,11376.0,2.0,53.3,2.21,0.35,True,18.89,2026-09-04 09:35:38,1889.33,1878.78,Healthcare,False,203.4,
ACE.NS,1170.3,1109.37,1292.16,8,60.93,487.42,9362.4,2.0,60.4,6.55,1.32,True,49.82,2026-09-04 09:37:40,1155.0,1123.23,Industrials,False,40637.6,
ANANTRAJ.NS,643.2,615.31,698.98,17,27.89,474.12,10934.4,2.0,64.2,1.99,0.46,True,24.76,2026-09-04 09:37:41,640.25,613.21,Real Estate,False,29703.2,
AEGISLOG.NS,1325.4,1234.97,1506.26,5,90.43,452.14,6627.0,2.0,53.2,1.64,1.59,True,21.99,2026-09-04 09:37:40,1304.7,1300.81,Energy,False,23076.2,
EMCURE.NS,1906.3,1840.51,2037.88,6,65.79,394.72,11437.8,2.0,55.0,2.47,0.9,True,20.44,2026-09-04 09:37:44,1889.33,1879.77,Healthcare,False,11638.4,
KPIL.NS,1436.8,1388.25,1533.89,8,48.55,388.37,11494.4,2.0,66.8,1.55,0.51,True,20.44,2026-09-04 09:37:48,1429.5,1382.86,Industrials,False,144.0,⚠️ Sector Warning: You already have a signal in Industrials today — taking this one too means doubling up on the same sector's risk.
ANANTRAJ.NS,637.15,609.41,692.64,18,27.74,499.4,11468.7,2.0,62.2,13.04,4.13,True,76.68,2026-09-04 09:52:55,611.9,610.89,Real Estate,False,38531.3,
TITAGARH.NS,876.55,836.68,956.3,12,39.87,478.48,10518.6,2.0,60.2,6.64,2.86,True,39.68,2026-09-04 09:53:15,852.15,838.8,Industrials,False,28012.7,
RBLBANK.NS,411.3,398.12,437.67,30,13.18,395.52,12339.0,2.0,71.8,4.76,4.74,True,30.46,2026-09-04 09:53:12,392.7,385.87,Financial Services,False,15673.7,
EMCURE.NS,1907.8,1838.68,2046.04,6,69.12,414.71,11446.8,2.0,54.1,3.58,0.77,True,25.97,2026-09-04 09:53:01,1893.2,1885.68,Healthcare,False,4226.9,
IDFCFIRSTB.NS,87.26,84.89,92.0,48,2.37,113.76,4188.48,2.0,61.1,2.28,1.5,True,25.25,2026-09-04 09:53:04,85.97,84.96,Financial Services,False,38.42,⚠️ Sector Warning: You already have a signal in Financial Services today — taking this one too means doubling up on the same sector's risk.
ANANTRAJ.NS,634.3,606.56,689.79,18,27.74,499.4,11417.4,2.0,61.3,14.31,3.66,True,83.1,2026-09-04 10:05:42,611.9,610.62,Real Estate,False,38582.6,
TITAGARH.NS,876.4,835.82,957.56,12,40.58,486.96,10516.8,2.0,60.2,12.86,2.85,True,70.77,2026-09-04 10:06:00,852.15,838.78,Industrials,False,28065.8,
RBLBANK.NS,411.9,398.71,438.28,30,13.19,395.68,12357.0,2.0,72.1,6.0,4.89,True,36.4,2026-09-04 10:05:56,392.7,385.92,Financial Services,False,15708.8,
EMCURE.NS,1916.9,1846.76,2057.17,6,70.14,420.81,11501.4,2.0,55.6,4.97,1.25,True,33.04,2026-09-04 10:05:46,1893.2,1886.55,Healthcare,False,4207.4,
IDFCFIRSTB.NS,87.42,85.05,92.16,48,2.37,113.76,4196.16,2.0,61.6,2.56,1.69,True,26.68,2026-09-04 10:05:49,85.97,84.98,Financial Services,False,11.24,⚠️ Sector Warning: You already have a signal in Financial Services today — taking this one too means doubling up on the same sector's risk.
TITAGARH.NS,883.0,842.14,964.72,12,40.86,490.31,10596.0,2.0,61.5,15.15,3.62,True,82.07,2026-09-04 10:16:59,852.15,839.41,Industrials,False,39404.0,
ANANTRAJ.NS,635.0,607.26,690.49,18,27.74,499.4,11430.0,2.0,61.5,13.45,3.78,True,78.79,2026-09-04 10:16:40,611.9,610.69,Real Estate,False,27974.0,
EMCURE.NS,1915.6,1844.97,2056.86,6,70.63,423.77,11493.6,2.0,55.4,5.85,1.18,True,37.44,2026-09-04 10:16:44,1893.2,1886.42,Healthcare,False,16480.4,
BEML.NS,2114.3,2023.11,2296.68,5,91.19,455.95,10571.5,2.0,71.7,4.06,3.25,True,30.8,2026-09-04 10:16:41,2047.8,1936.18,Industrials,False,5908.9,⚠️ Sector Warning: You already have a signal in Industrials today — taking this one too means doubling up on the same sector's risk.
NIACL.NS,203.3,192.26,225.38,29,11.04,320.16,5895.7,2.0,70.5,2.98,0.94,True,28.19,2026-09-04 10:16:59,201.4,186.59,Financial Services,False,13.2,
TITAGARH.NS,881.65,840.79,963.37,12,40.86,490.31,10579.8,2.0,61.3,13.93,3.46,True,75.98,2026-09-04 10:26:02,852.15,839.28,Industrials,False,39420.2,
ANANTRAJ.NS,633.5,605.76,688.99,18,27.74,499.4,11403.0,2.0,61.1,12.2,3.53,True,72.55,2026-09-04 10:25:48,611.9,610.54,Real Estate,False,28017.2,
EMCURE.NS,1915.6,1844.97,2056.86,6,70.63,423.77,11493.6,2.0,55.4,5.43,1.18,True,35.35,2026-09-04 10:25:52,1893.2,1886.42,Healthcare,False,16523.6,
BEML.NS,2118.5,2027.31,2300.88,5,91.19,455.95,10592.5,2.0,72.0,3.81,3.45,True,29.26,2026-09-04 10:25:49,2047.8,1936.58,Industrials,False,5931.1,⚠️ Sector Warning: You already have a signal in Industrials today — taking this one too means doubling up on the same sector's risk.
JMFINANCIL.NS,134.02,128.22,145.63,44,5.8,255.2,5896.88,2.0,62.4,3.09,0.46,True,27.27,2026-09-04 10:25:56,133.4,128.78,Financial Services,False,34.22,
TITAGARH.NS,885.85,844.86,967.82,12,40.99,491.85,10630.2,2.0,62.1,13.57,3.95,True,74.09,2026-09-04 10:38:14,852.15,839.68,Industrials,False,39369.8,
ANANTRAJ.NS,632.65,604.91,688.14,18,27.74,499.4,11387.7,2.0,60.8,10.72,3.39,True,65.18,2026-09-04 10:37:54,611.9,610.46,Real Estate,False,27982.1,
EMCURE.NS,1914.9,1844.27,2056.16,6,70.63,423.77,11489.4,2.0,55.3,4.77,1.15,True,32.04,2026-09-04 10:38:00,1893.2,1886.36,Healthcare,False,16492.7,
SPLPETRO.NS,760.75,728.54,825.18,15,32.21,483.19,11411.25,2.0,64.4,4.45,2.32,True,29.72,2026-09-04 10:38:13,743.5,715.35,Basic Materials,False,5081.45,
BEML.NS,2114.2,2023.01,2296.58,2,91.19,182.38,4228.4,2.0,71.7,3.56,3.24,True,28.28,2026-09-04 10:37:55,2047.8,1936.17,Industrials,False,853.05,⚠️ Sector Warning: You already have a signal in Industrials today — taking this one too means doubling up on the same sector's risk.
TITAGARH.NS,887.0,847.7,965.6,12,39.3,471.6,10644.0,2.0,62.9,13.81,4.09,True,75.31,2026-09-04 10:51:54,852.15,840.6,Industrials,False,39356.0,
SPLPETRO.NS,768.7,736.4,833.3,15,32.3,484.47,11530.5,2.0,66.0,5.22,3.39,True,31.98,2026-09-04 10:51:52,743.5,716.11,Basic Materials,False,27825.5,
EMCURE.NS,1924.0,1856.07,2059.86,6,67.93,407.58,11544.0,2.0,57.8,4.59,1.84,True,31.3,2026-09-04 10:51:40,1889.33,1881.45,Healthcare,False,16281.5,
BEML.NS,2111.0,2023.01,2286.97,5,87.99,439.93,10555.0,2.0,71.7,2.48,1.0,True,25.71,2026-09-04 10:51:37,2090.0,1949.82,Industrials,False,5726.5,⚠️ Sector Warning: You already have a signal in Industrials today — taking this one too means doubling up on the same sector's risk.
NIACL.NS,207.92,196.29,231.18,27,11.63,314.01,5613.84,2.0,70.6,2.56,2.01,True,25.57,2026-09-04 10:51:54,203.82,187.94,Financial Services,False,112.66,
TITAGARH.NS,890.0,850.23,969.53,12,39.77,477.19,10680.0,2.0,63.4,13.96,4.44,True,75.52,2026-09-04 11:03:46,852.15,840.89,Industrials,False,39320.0,
SPLPETRO.NS,777.35,744.01,844.02,14,33.34,466.73,10882.9,2.0,67.5,6.63,4.55,True,37.37,2026-09-04 11:03:44,743.5,716.93,Basic Materials,False,28437.1,
HAL.NS,4912.1,4774.08,5188.14,2,138.02,276.04,9824.2,2.0,57.3,4.4,0.45,True,34.96,2026-09-04 11:03:30,4890.0,4849.45,Industrials,False,18612.9,⚠️ Sector Warning: You already have a signal in Industrials today — taking this one too means doubling up on the same sector's risk.
EMCURE.NS,1919.9,1851.97,2055.76,6,67.93,407.58,11519.4,2.0,57.2,4.4,1.62,True,30.31,2026-09-04 11:03:27,1889.33,1881.06,Healthcare,False,7093.5,
NIACL.NS,207.31,195.68,230.58,34,11.63,395.42,7048.54,2.0,70.3,2.5,1.71,True,25.62,2026-09-04 11:03:45,203.82,187.88,Financial Services,False,44.96,
GLAND.NS,2936.0,2816.36,3175.27,4,119.64,478.54,11744.0,2.0,67.4,20.96,0.2,True,126.5,2026-09-04 11:15:03,2930.0,2816.36,Healthcare,False,38256.0,
TITAGARH.NS,890.8,851.03,970.33,12,39.77,477.19,10689.6,2.0,63.6,13.24,4.54,True,71.77,2026-09-04 11:15:11,852.15,840.96,Industrials,False,27566.4,
SPLPETRO.NS,769.0,735.39,836.21,14,33.61,470.48,10766.0,2.0,66.0,8.07,3.43,True,46.16,2026-09-04 11:15:10,743.5,716.14,Basic Materials,False,16800.4,
EMCURE.NS,1917.9,1849.97,2053.76,6,67.93,407.58,11507.4,2.0,56.9,4.25,1.51,True,29.52,2026-09-04 11:15:02,1889.33,1880.87,Healthcare,False,5293.0,⚠️ Sector Warning: You already have a signal in Healthcare today — taking this one too means doubling up on the same sector's risk.
NIACL.NS,207.79,196.16,231.06,25,11.63,290.75,5194.75,2.0,70.6,2.37,1.95,True,24.68,2026-09-04 11:15:11,203.82,187.92,Financial Services,False,98.25,
TITAGARH.NS,893.85,853.96,973.63,12,39.89,478.67,10726.2,2.0,64.1,12.89,4.89,True,69.45,2026-09-04 11:25:04,852.15,841.25,Industrials,False,39273.8,
SPLPETRO.NS,765.4,731.79,832.61,14,33.61,470.48,10715.6,2.0,65.3,8.13,2.95,True,47.15,2026-09-04 11:25:03,743.5,715.79,Basic Materials,False,28558.2,
EMCURE.NS,1919.4,1851.47,2055.26,6,67.93,407.58,11516.4,2.0,57.1,4.15,1.59,True,29.01,2026-09-04 11:24:55,1889.33,1881.01,Healthcare,False,17041.8,
NIACL.NS,208.16,196.53,231.43,42,11.63,488.66,8742.72,2.0,70.7,2.29,2.13,True,24.04,2026-09-04 11:25:04,203.82,187.96,Financial Services,False,8299.08,
CUB.NS,242.13,229.82,266.75,34,12.31,418.54,8232.42,2.0,65.3,1.44,0.94,True,22.09,2026-09-04 11:24:54,239.88,224.85,Financial Services,False,66.66,⚠️ Sector Warning: You already have a signal in Financial Services today — taking this one too means doubling up on the same sector's risk.
SPLPETRO.NS,767.05,733.44,834.26,14,33.61,470.48,10738.7,2.0,65.7,7.66,3.17,True,44.52,2026-09-04 11:36:36,743.5,715.95,Basic Materials,False,39261.3,
HAL.NS,4906.6,4768.58,5182.64,2,138.02,276.04,9813.2,2.0,57.0,3.89,0.34,True,32.41,2026-09-04 11:36:26,4890.0,4848.93,Industrials,False,29448.1,
EMCURE.NS,1912.0,1844.07,2047.86,6,67.93,407.58,11472.0,2.0,56.0,3.92,1.2,True,27.8,2026-09-04 11:36:25,1889.33,1880.31,Healthcare,False,17976.1,
NIACL.NS,208.33,196.7,231.6,42,11.63,488.66,8749.86,2.0,70.8,2.18,2.21,True,23.37,2026-09-04 11:36:38,203.82,187.97,Financial Services,False,9226.24,
CUB.NS,242.15,229.84,266.77,38,12.31,467.78,9201.7,2.0,65.3,1.36,0.95,True,21.68,2026-09-04 11:36:24,239.88,224.85,Financial Services,False,24.54,⚠️ Sector Warning: You already have a signal in Financial Services today — taking this one too means doubling up on the same sector's risk.
GLAND.NS,2958.0,2835.29,3203.42,4,122.71,490.84,11832.0,2.0,68.7,17.81,0.96,True,109.56,2026-09-04 11:56:19,2930.0,2818.46,Healthcare,False,38168.0,
TITAGARH.NS,890.4,850.14,970.93,12,40.26,483.17,10684.8,2.0,63.5,13.15,4.49,True,71.37,2026-09-04 11:56:35,852.15,840.92,Industrials,False,27483.2,
SPLPETRO.NS,770.05,736.44,837.26,14,33.61,470.48,10780.7,2.0,66.2,7.3,3.57,True,42.1,2026-09-04 11:56:32,743.5,716.24,Basic Materials,False,16702.5,
HAL.NS,4918.2,4779.79,5195.01,2,138.41,276.81,9836.4,2.0,57.7,3.67,0.58,True,31.38,2026-09-04 11:56:20,4890.0,4850.03,Industrials,False,6866.1,⚠️ Sector Warning: You already have a signal in Industrials today — taking this one too means doubling up on the same sector's risk.
WOCKPHARMA.NS,2051.5,1946.26,2261.97,3,105.24,315.72,6154.5,2.0,62.1,3.5,0.32,True,30.01,2026-09-04 11:56:36,2045.0,1921.56,Healthcare,False,711.6,⚠️ Sector Warning: You already have a signal in Healthcare today — taking this one too means doubling up on the same sector's risk.
GLAND.NS,2960.9,2838.19,3206.32,4,122.71,490.84,11843.6,2.0,68.9,16.58,1.05,True,103.27,2026-09-04 12:12:45,2930.0,2818.73,Healthcare,False,38156.4,
TITAGARH.NS,884.0,843.74,964.53,12,40.26,483.17,10608.0,2.0,62.3,12.98,3.74,True,71.53,2026-09-04 12:12:51,852.15,840.32,Industrials,False,27548.4,
SPLPETRO.NS,779.0,745.39,846.21,14,33.61,470.48,10906.0,2.0,67.8,7.02,4.77,True,38.99,2026-09-04 12:12:50,743.5,717.09,Basic Materials,False,16642.4,
HAL.NS,4905.0,4766.59,5181.81,2,138.41,276.81,9810.0,2.0,56.8,3.45,0.31,True,30.2,2026-09-04 12:12:46,4890.0,4848.78,Industrials,False,6832.4,⚠️ Sector Warning: You already have a signal in Industrials today — taking this one too means doubling up on the same sector's risk.
WOCKPHARMA.NS,2058.2,1952.96,2268.67,3,105.24,315.72,6174.6,2.0,62.5,3.45,0.65,True,29.65,2026-09-04 12:12:52,2045.0,1922.2,Healthcare,False,657.8,⚠️ Sector Warning: You already have a signal in Healthcare today — taking this one too means doubling up on the same sector's risk.
GLAND.NS,2941.8,2819.09,3187.22,4,122.71,490.84,11767.2,2.0,67.8,15.77,0.4,True,100.24,2026-09-04 12:26:39,2930.0,2816.91,Healthcare,False,38232.8,
TITAGARH.NS,881.35,841.09,961.88,12,40.26,483.17,10576.2,2.0,61.7,12.54,3.43,True,69.38,2026-09-04 12:26:47,852.15,840.06,Industrials,False,27656.6,
SPLPETRO.NS,772.85,739.08,840.38,14,33.77,472.73,10819.9,2.0,66.7,7.24,3.95,True,41.27,2026-09-04 12:26:46,743.5,716.5,Basic Materials,False,16836.7,
WOCKPHARMA.NS,2061.8,1955.39,2274.63,4,106.41,425.66,8247.2,2.0,62.7,3.54,0.82,True,29.85,2026-09-04 12:26:48,2045.0,1922.54,Healthcare,False,8589.5,⚠️ Sector Warning: You already have a signal in Healthcare today — taking this one too means doubling up on the same sector's risk.
HAL.NS,4902.5,4764.09,5179.31,1,138.41,138.41,4902.5,2.0,56.7,3.38,0.26,True,29.83,2026-09-04 12:26:40,4890.0,4848.54,Industrials,False,3687.0,⚠️ Sector Warning: You already have a signal in Industrials today — taking this one too means doubling up on the same sector's risk.
TITAGARH.NS,881.8,841.54,962.33,12,40.26,483.17,10581.6,2.0,61.8,11.98,3.48,True,66.56,2026-09-04 12:40:25,852.15,840.11,Industrials,False,39418.4,
SPLPETRO.NS,774.65,740.88,842.18,14,33.77,472.73,10845.1,2.0,67.1,6.99,4.19,True,39.67,2026-09-04 12:40:24,743.5,716.67,Basic Materials,False,28573.3,
WOCKPHARMA.NS,2081.1,1972.93,2297.44,4,108.17,432.69,8324.4,2.0,63.8,3.82,1.77,True,29.97,2026-09-04 12:40:27,2045.0,1924.38,Healthcare,False,20248.9,
HAL.NS,4900.6,4762.19,5177.41,2,138.41,276.81,9801.2,2.0,56.6,3.31,0.22,True,29.44,2026-09-04 12:40:12,4890.0,4848.36,Industrials,False,10447.7,⚠️ Sector Warning: You already have a signal in Industrials today — taking this one too means doubling up on the same sector's risk.
EMCURE.NS,1917.2,1849.27,2053.06,5,67.93,339.65,9586.0,2.0,56.8,3.0,1.48,True,23.25,2026-09-04 12:40:10,1889.33,1880.8,Healthcare,False,861.7,⚠️ Sector Warning: You already have a signal in Healthcare today — taking this one too means doubling up on the same sector's risk.
TITAGARH.NS,882.0,841.74,962.53,12,40.26,483.17,10584.0,2.0,61.9,11.32,3.5,True,63.27,2026-09-04 12:55:06,852.15,840.12,Industrials,False,39416.0,
SPLPETRO.NS,773.0,739.23,840.53,14,33.77,472.73,10822.0,2.0,66.8,6.65,3.97,True,38.3,2026-09-04 12:55:05,743.5,716.52,Basic Materials,False,28594.0,
WOCKPHARMA.NS,2083.0,1974.83,2299.34,4,108.17,432.69,8332.0,2.0,64.0,3.79,1.86,True,29.71,2026-09-04 12:55:07,2045.0,1924.56,Healthcare,False,20262.0,
HAL.NS,4900.4,4761.99,5177.21,2,138.41,276.81,9800.8,2.0,56.5,3.15,0.21,True,28.65,2026-09-04 12:54:59,4890.0,4848.34,Industrials,False,10461.2,⚠️ Sector Warning: You already have a signal in Industrials today — taking this one too means doubling up on the same sector's risk.
EMCURE.NS,1916.8,1848.87,2052.66,5,67.93,339.65,9584.0,2.0,56.7,2.83,1.45,True,22.4,2026-09-04 12:54:57,1889.33,1880.77,Healthcare,False,877.2,⚠️ Sector Warning: You already have a signal in Healthcare today — taking this one too means doubling up on the same sector's risk.
TITAGARH.NS,873.85,833.59,954.38,12,40.26,483.17,10486.2,2.0,60.2,11.18,2.55,True,62.71,2026-09-04 13:08:03,852.15,839.35,Industrials,False,39513.8,
SPLPETRO.NS,773.45,739.68,840.98,14,33.77,472.73,10828.3,2.0,66.8,6.35,4.03,True,36.71,2026-09-04 13:08:02,743.5,716.56,Basic Materials,False,28685.5,
WOCKPHARMA.NS,2078.9,1970.73,2295.24,4,108.17,432.69,8315.6,2.0,63.7,3.71,1.66,True,29.54,2026-09-04 13:08:05,2045.0,1924.17,Healthcare,False,20369.9,
HAL.NS,4921.8,4783.39,5198.61,2,138.41,276.81,9843.6,2.0,57.9,3.13,0.65,True,28.73,2026-09-04 13:07:53,4890.0,4850.38,Industrials,False,10526.3,⚠️ Sector Warning: You already have a signal in Industrials today — taking this one too means doubling up on the same sector's risk.
ACMESOLAR.NS,414.0,387.81,466.38,19,26.19,497.63,7866.0,2.0,65.2,1.8,0.69,True,25.93,2026-09-04 13:07:48,411.15,392.2,Utilities,False,2660.3,
TITAGARH.NS,874.95,834.69,955.48,12,40.26,483.17,10499.4,2.0,60.4,10.86,2.68,True,61.1,2026-09-04 13:19:39,852.15,839.45,Industrials,False,39500.6,
SPLPETRO.NS,774.05,740.28,841.58,14,33.77,472.73,10836.7,2.0,67.0,6.14,4.11,True,35.53,2026-09-04 13:19:38,743.5,716.62,Basic Materials,False,28663.9,
WOCKPHARMA.NS,2079.8,1971.63,2296.14,4,108.17,432.69,8319.2,2.0,63.8,3.64,1.7,True,29.13,2026-09-04 13:19:40,2045.0,1924.26,Healthcare,False,20344.7,
HAL.NS,4917.0,4777.39,5196.21,2,139.61,279.21,9834.0,2.0,57.6,3.19,0.55,True,28.97,2026-09-04 13:19:30,4890.0,4849.92,Industrials,False,10510.7,⚠️ Sector Warning: You already have a signal in Industrials today — taking this one too means doubling up on the same sector's risk.
ACMESOLAR.NS,416.75,390.37,469.52,18,26.38,474.91,7501.5,2.0,66.2,1.99,1.36,True,25.9,2026-09-04 13:19:24,411.15,392.46,Utilities,False,3009.2,
GLAND.NS,2944.2,2821.49,3189.62,4,122.71,490.84,11776.8,2.0,67.9,13.08,0.48,True,86.67,2026-09-04 13:28:17,2930.0,2817.14,Healthcare,False,38223.2,
TITAGARH.NS,873.45,833.19,953.98,12,40.26,483.17,10481.4,2.0,60.1,10.55,2.5,True,59.57,2026-09-04 13:28:27,852.15,839.31,Industrials,False,27741.8,
SPLPETRO.NS,772.9,739.13,840.43,14,33.77,472.73,10820.6,2.0,66.7,6.05,3.95,True,35.34,2026-09-04 13:28:26,743.5,716.51,Basic Materials,False,16921.2,
WOCKPHARMA.NS,2082.0,1973.83,2298.34,4,108.17,432.69,8328.0,2.0,63.9,3.57,1.81,True,28.67,2026-09-04 13:28:28,2045.0,1924.47,Healthcare,False,8593.2,⚠️ Sector Warning: You already have a signal in Healthcare today — taking this one too means doubling up on the same sector's risk.
HAL.NS,4918.8,4779.19,5198.01,1,139.61,139.61,4918.8,2.0,57.7,3.13,0.59,True,28.66,2026-09-04 13:28:18,4890.0,4850.09,Industrials,False,3674.4,⚠️ Sector Warning: You already have a signal in Industrials today — taking this one too means doubling up on the same sector's risk.
GLAND.NS,2939.0,2816.29,3184.42,4,122.71,490.84,11756.0,2.0,67.6,12.4,0.31,True,83.53,2026-09-04 13:44:36,2930.0,2816.65,Healthcare,False,38244.0,
TITAGARH.NS,871.0,830.74,951.53,12,40.26,483.17,10452.0,2.0,59.5,10.17,2.21,True,57.7,2026-09-04 13:44:48,852.15,839.08,Industrials,False,27792.0,
SPLPETRO.NS,773.9,740.13,841.43,14,33.77,472.73,10834.6,2.0,66.9,5.84,4.09,True,34.09,2026-09-04 13:44:47,743.5,716.6,Basic Materials,False,16957.4,
HAL.NS,4919.5,4779.89,5198.71,2,139.61,279.21,9839.0,2.0,57.8,3.08,0.6,True,28.45,2026-09-04 13:44:37,4890.0,4850.16,Industrials,False,7118.4,⚠️ Sector Warning: You already have a signal in Industrials today — taking this one too means doubling up on the same sector's risk.
WOCKPHARMA.NS,2084.0,1975.83,2300.34,3,108.17,324.51,6252.0,2.0,64.0,3.52,1.91,True,28.27,2026-09-04 13:44:49,2045.0,1924.66,Healthcare,False,866.4,⚠️ Sector Warning: You already have a signal in Healthcare today — taking this one too means doubling up on the same sector's risk.
GLAND.NS,2940.6,2817.89,3186.02,4,122.71,490.84,11762.4,2.0,67.7,11.83,0.36,True,80.59,2026-09-04 14:00:38,2930.0,2816.8,Healthcare,False,38237.6,
TITAGARH.NS,867.45,827.19,947.98,12,40.26,483.17,10409.4,2.0,58.7,9.88,1.8,True,56.3,2026-09-04 14:00:56,852.15,838.74,Industrials,False,27828.2,
SPLPETRO.NS,774.3,740.53,841.83,14,33.77,472.73,10840.2,2.0,67.0,5.61,4.14,True,32.85,2026-09-04 14:00:54,743.5,716.64,Basic Materials,False,16988.0,
ACMESOLAR.NS,422.0,394.36,477.28,18,27.64,497.48,7596.0,2.0,68.0,3.4,2.64,True,31.14,2026-09-04 14:00:31,411.15,392.96,Utilities,False,9392.0,
HAL.NS,4909.0,4769.39,5188.21,1,139.61,139.61,4909.0,2.0,57.1,3.02,0.39,True,28.04,2026-09-04 14:00:40,4890.0,4849.16,Industrials,False,4483.0,⚠️ Sector Warning: You already have a signal in Industrials today — taking this one too means doubling up on the same sector's risk.
GLAND.NS,2955.9,2833.19,3201.32,4,122.71,490.84,11823.6,2.0,68.6,11.34,0.88,True,77.29,2026-09-04 14:15:43,2930.0,2818.26,Healthcare,False,38176.4,
TITAGARH.NS,865.25,824.99,945.78,12,40.26,483.17,10383.0,2.0,58.2,9.53,1.54,True,54.55,2026-09-04 14:15:55,852.15,838.53,Industrials,False,27793.4,
SPLPETRO.NS,773.85,740.08,841.38,14,33.77,472.73,10833.9,2.0,66.9,5.41,4.08,True,31.95,2026-09-04 14:15:54,743.5,716.6,Basic Materials,False,16959.5,
ACMESOLAR.NS,420.85,393.17,476.21,18,27.68,498.25,7575.3,2.0,67.6,3.44,2.36,True,31.72,2026-09-04 14:15:35,411.15,392.85,Utilities,False,9384.2,
WOCKPHARMA.NS,2086.2,1975.66,2307.28,4,110.54,442.16,8344.8,2.0,64.1,3.77,2.01,True,29.4,2026-09-04 14:15:57,2045.0,1924.87,Healthcare,False,1039.4,⚠️ Sector Warning: You already have a signal in Healthcare today — taking this one too means doubling up on the same sector's risk.
GLAND.NS,2959.9,2837.19,3205.32,4,122.71,490.84,11839.6,2.0,68.9,11.05,1.02,True,75.65,2026-09-04 14:26:35,2930.0,2818.64,Healthcare,False,38160.4,
TITAGARH.NS,866.0,825.74,946.53,12,40.26,483.17,10392.0,2.0,58.3,9.29,1.63,True,53.35,2026-09-04 14:26:46,852.15,838.6,Industrials,False,27768.4,
ACMESOLAR.NS,420.9,393.22,476.26,18,27.68,498.25,7576.2,2.0,67.6,3.45,2.37,True,31.76,2026-09-04 14:26:30,411.15,392.85,Utilities,False,20192.2,
SPLPETRO.NS,773.55,739.78,841.08,14,33.77,472.73,10829.7,2.0,66.9,5.27,4.04,True,31.31,2026-09-04 14:26:45,743.5,716.57,Basic Materials,False,9362.5,
WOCKPHARMA.NS,2090.8,1980.26,2311.88,4,110.54,442.16,8363.2,2.0,64.4,3.75,2.24,True,28.96,2026-09-04 14:26:47,2045.0,1925.31,Healthcare,False,999.3,⚠️ Sector Warning: You already have a signal in Healthcare today — taking this one too means doubling up on the same sector's risk.
GLAND.NS,2943.0,2820.29,3188.42,4,122.71,490.84,11772.0,2.0,67.8,10.71,0.44,True,74.89,2026-09-04 14:39:56,2930.0,2817.03,Healthcare,False,38228.0,
TITAGARH.NS,866.95,826.69,947.48,12,40.26,483.17,10403.4,2.0,58.6,8.99,1.74,True,51.83,2026-09-04 14:40:05,852.15,838.69,Industrials,False,27824.6,
ACMESOLAR.NS,418.85,391.17,474.21,18,27.68,498.25,7539.3,2.0,66.9,3.47,1.87,True,32.59,2026-09-04 14:39:51,411.15,392.66,Utilities,False,20285.3,
SPLPETRO.NS,773.75,739.98,841.28,14,33.77,472.73,10832.5,2.0,66.9,5.07,4.07,True,30.23,2026-09-04 14:40:04,743.5,716.59,Basic Materials,False,9452.8,
WOCKPHARMA.NS,2093.0,1982.46,2314.08,4,110.54,442.16,8372.0,2.0,64.5,3.69,2.35,True,28.53,2026-09-04 14:40:06,2045.0,1925.52,Healthcare,False,1080.8,⚠️ Sector Warning: You already have a signal in Healthcare today — taking this one too means doubling up on the same sector's risk.
TITAGARH.NS,866.35,826.09,946.88,12,40.26,483.17,10396.2,2.0,58.4,8.68,1.67,True,50.34,2026-09-04 14:55:43,852.15,838.63,Industrials,False,39603.8,
ACMESOLAR.NS,416.85,389.17,472.21,18,27.68,498.25,7503.3,2.0,66.2,3.46,1.39,True,33.21,2026-09-04 14:55:25,411.15,392.47,Utilities,False,32100.5,
SPLPETRO.NS,771.7,737.93,839.23,14,33.77,472.73,10803.8,2.0,66.5,4.97,3.79,True,30.12,2026-09-04 14:55:41,743.5,716.39,Basic Materials,False,21296.7,
WOCKPHARMA.NS,2081.6,1971.06,2302.68,4,110.54,442.16,8326.4,2.0,63.9,3.72,1.79,True,29.43,2026-09-04 14:55:44,2045.0,1924.43,Healthcare,False,12970.3,
PFOCUS.NS,304.35,283.83,345.39,24,20.52,492.43,7304.4,2.0,59.3,2.97,1.64,True,28.48,2026-09-04 14:55:39,299.45,289.59,Communication Services,False,5665.9,
TITAGARH.NS,868.95,828.69,949.48,12,40.26,483.17,10427.4,2.0,59.0,8.67,1.97,True,50.23,2026-09-04 15:09:11,852.15,838.88,Industrials,False,39572.6,
ACMESOLAR.NS,417.55,389.87,472.91,18,27.68,498.25,7515.9,2.0,66.5,3.44,1.56,True,32.86,2026-09-04 15:08:54,411.15,392.53,Utilities,False,32056.7,
SPLPETRO.NS,771.35,739.24,835.56,15,32.11,481.58,11570.25,2.0,67.1,5.07,3.75,True,30.68,2026-09-04 15:09:10,743.5,717.67,Basic Materials,False,20486.45,
PFOCUS.NS,305.3,284.59,346.71,24,20.71,496.93,7327.2,2.0,59.7,3.28,1.95,True,29.9,2026-09-04 15:09:08,299.45,289.69,Communication Services,False,13159.25,
WOCKPHARMA.NS,2083.0,1972.46,2304.08,4,110.54,442.16,8332.0,2.0,64.0,3.73,1.86,True,29.38,2026-09-04 15:09:12,2045.0,1924.56,Healthcare,False,4827.25,
TITAGARH.NS,872.5,832.24,953.03,12,40.26,483.17,10470.0,2.0,59.9,8.54,2.39,True,49.55,2026-09-04 15:21:11,852.15,839.22,Industrials,False,39530.0,
ACMESOLAR.NS,417.9,390.22,473.26,18,27.68,498.25,7522.2,2.0,66.6,3.43,1.64,True,32.71,2026-09-04 15:20:53,411.15,392.57,Utilities,False,32007.8,
PFOCUS.NS,307.2,286.15,349.3,23,21.05,484.11,7065.6,2.0,60.5,3.65,2.59,True,31.48,2026-09-04 15:21:08,299.45,289.87,Communication Services,False,24942.2,
SPLPETRO.NS,772.0,739.89,836.21,15,32.11,481.58,11580.0,2.0,67.2,5.1,3.83,True,30.71,2026-09-04 15:21:10,743.5,717.73,Basic Materials,False,13362.2,
WOCKPHARMA.NS,2094.3,1983.76,2315.38,4,110.54,442.16,8377.2,2.0,64.6,3.75,2.41,True,28.73,2026-09-04 15:21:12,2045.0,1925.64,Healthcare,False,4985.0,
TITAGARH.NS,872.3,832.04,952.83,12,40.26,483.17,10467.6,2.0,59.8,8.45,2.36,True,49.08,2026-09-04 15:29:51,852.15,839.2,Industrials,False,39532.4,
PFOCUS.NS,307.55,286.5,349.65,23,21.05,484.11,7073.65,2.0,60.6,3.74,2.7,True,31.86,2026-09-04 15:29:49,299.45,289.9,Communication Services,False,32458.75,
ACMESOLAR.NS,421.0,393.32,476.36,18,27.68,498.25,7578.0,2.0,67.6,3.46,2.4,True,31.78,2026-09-04 15:29:39,411.15,392.86,Utilities,False,24880.75,
SPLPETRO.NS,769.0,735.23,836.53,14,33.77,472.73,10766.0,2.0,66.0,4.96,3.43,True,30.64,2026-09-04 15:29:51,743.5,716.14,Basic Materials,False,14114.75,
WOCKPHARMA.NS,2096.0,1985.46,2317.08,4,110.54,442.16,8384.0,2.0,64.7,3.8,2.49,True,28.87,2026-09-04 15:29:52,2045.0,1925.8,Healthcare,False,5730.75,
SYRMA.NS,1495.9,1431.55,1624.6,7,64.35,450.45,10471.3,2.0,59.4,3.17,1.47,True,30.92,2026-09-07 09:24:20,1474.3,1454.0,Technology,False,39528.7,
ELGIEQUIP.NS,648.0,620.19,703.62,17,27.81,472.75,11016.0,2.0,62.9,1.52,0.4,True,22.68,2026-09-07 09:24:07,645.4,619.1,Industrials,False,28512.7,
ANANDRATHI.NS,2249.5,2192.52,2363.46,5,56.98,284.89,11247.5,2.0,71.8,1.33,0.47,True,20.2,2026-09-07 09:24:01,2239.0,2180.36,Financial Services,False,17265.2,
SYRMA.NS,1501.1,1435.41,1632.48,7,65.69,459.83,10507.7,2.0,60.1,6.46,1.82,True,47.32,2026-09-07 09:37:40,1474.3,1454.5,Technology,False,39492.3,
ELGIEQUIP.NS,651.8,623.43,708.53,17,28.37,482.22,11080.6,2.0,63.9,4.17,0.99,True,35.03,2026-09-07 09:37:32,645.4,619.46,Industrials,False,28411.7,
HOMEFIRST.NS,1239.6,1194.77,1329.26,10,44.83,448.29,12396.0,2.0,65.0,2.68,0.86,True,23.62,2026-09-07 09:37:33,1229.0,1195.48,Financial Services,False,16015.7,
SYRMA.NS,1504.8,1439.11,1636.18,7,65.69,459.83,10533.6,2.0,60.6,6.6,2.07,True,48.01,2026-09-07 09:38:55,1474.3,1454.85,Technology,False,39466.4,
ELGIEQUIP.NS,650.6,622.21,707.38,17,28.39,482.59,11060.2,2.0,63.6,4.21,0.81,True,35.53,2026-09-07 09:38:45,645.4,619.35,Industrials,False,28406.2,
HOMEFIRST.NS,1240.0,1195.17,1329.66,10,44.83,448.29,12400.0,2.0,65.1,2.73,0.9,True,23.79,2026-09-07 09:38:47,1229.0,1195.52,Financial Services,False,16006.2,
SYRMA.NS,1527.4,1459.73,1662.74,7,67.67,473.7,10691.8,2.0,63.3,10.83,3.6,True,68.27,2026-09-07 09:53:55,1474.3,1457.0,Technology,False,39308.2,
CARTRADE.NS,3120.1,2930.26,3499.77,2,189.84,379.67,6240.2,2.0,64.3,4.42,1.16,True,41.96,2026-09-07 09:53:38,3084.3,2963.33,Consumer Cyclical,False,33068.0,
ELGIEQUIP.NS,648.95,620.56,705.73,17,28.39,482.59,11032.15,2.0,63.2,4.92,0.55,True,39.48,2026-09-07 09:53:40,645.4,619.19,Industrials,False,22035.85,
HOMEFIRST.NS,1234.8,1189.97,1324.46,10,44.83,448.29,12348.0,2.0,64.0,3.64,0.47,True,29.16,2026-09-07 09:53:45,1229.0,1195.02,Financial Services,False,9687.85,
GLAND.NS,2994.3,2874.47,3233.96,3,119.83,359.49,8982.9,2.0,71.3,1.41,0.85,True,26.45,2026-09-07 09:53:42,2969.0,2841.12,Healthcare,False,704.95,
CARTRADE.NS,3121.9,2931.35,3503.01,2,190.55,381.11,6243.8,2.0,64.4,5.53,1.22,True,47.39,2026-09-07 10:08:13,3084.3,2963.5,Consumer Cyclical,False,43756.2,
ELGIEQUIP.NS,649.8,621.41,706.58,17,28.39,482.59,11046.6,2.0,63.4,5.36,0.68,True,41.44,2026-09-07 10:08:15,645.4,619.27,Industrials,False,32709.6,
CDSL.NS,1426.8,1376.0,1528.39,8,50.8,406.37,11414.4,2.0,61.7,5.46,0.63,True,40.55,2026-09-07 10:08:13,1417.9,1382.84,Financial Services,False,21295.2,
GLAND.NS,2993.2,2873.37,3232.86,4,119.83,479.31,11972.8,2.0,71.3,1.8,0.82,True,28.45,2026-09-07 10:08:17,2969.0,2841.01,Healthcare,False,9322.4,
EMMVEE.NS,334.3,320.09,362.71,27,14.21,383.67,9026.1,2.0,57.7,3.69,1.03,True,27.12,2026-09-07 10:08:15,330.9,325.55,Technology,False,296.3,
CARTRADE.NS,3141.6,2947.78,3529.24,2,193.82,387.64,6283.2,2.0,65.4,6.02,1.86,True,48.89,2026-09-07 10:20:39,3084.3,2965.37,Consumer Cyclical,False,43716.8,
CDSL.NS,1429.2,1377.66,1532.27,8,51.54,412.29,11433.6,2.0,62.1,6.09,0.8,True,43.74,2026-09-07 10:20:39,1417.9,1383.07,Financial Services,False,32283.2,
ELGIEQUIP.NS,648.3,619.91,705.08,17,28.39,482.59,11021.1,2.0,63.0,4.99,0.45,True,39.98,2026-09-07 10:20:42,645.4,619.13,Industrials,False,21262.1,
PFOCUS.NS,313.05,293.61,351.93,25,19.44,486.03,7826.25,2.0,62.8,4.51,1.0,True,38.68,2026-09-07 10:20:53,309.95,292.06,Communication Services,False,13435.85,
WOCKPHARMA.NS,2147.8,2034.42,2374.56,4,113.38,453.51,8591.2,2.0,67.5,3.77,1.86,True,29.36,2026-09-07 10:20:59,2108.5,1946.32,Healthcare,False,4844.65,
CARTRADE.NS,3144.0,2950.18,3531.64,2,193.82,387.64,6288.0,2.0,65.5,5.72,1.94,True,47.32,2026-09-07 10:29:16,3084.3,2965.6,Consumer Cyclical,False,43712.0,
CDSL.NS,1429.9,1378.36,1532.97,8,51.54,412.29,11439.2,2.0,62.2,6.0,0.85,True,43.25,2026-09-07 10:29:16,1417.9,1383.14,Financial Services,False,32272.8,
ELGIEQUIP.NS,647.6,619.21,704.38,17,28.39,482.59,11009.2,2.0,62.8,4.58,0.34,True,38.08,2026-09-07 10:29:17,645.4,619.06,Industrials,False,21263.6,
WOCKPHARMA.NS,2157.4,2042.85,2386.49,4,114.55,458.19,8629.6,2.0,68.0,4.18,2.32,True,30.82,2026-09-07 10:29:32,2108.5,1947.23,Healthcare,False,12634.0,
MOTILALOFS.NS,1051.9,1007.48,1140.74,11,44.42,488.64,11570.9,2.0,70.7,2.29,0.38,True,26.87,2026-09-07 10:29:26,1047.9,993.11,Financial Services,False,1063.1,⚠️ Sector Warning: You already have a signal in Financial Services today — taking this one too means doubling up on the same sector's risk.
CARTRADE.NS,3151.0,2956.57,3539.86,2,194.43,388.86,6302.0,2.0,65.8,5.41,2.16,True,45.4,2026-09-07 10:44:54,3084.3,2966.27,Consumer Cyclical,False,43698.0,
CDSL.NS,1432.1,1380.23,1535.84,8,51.87,414.94,11456.8,2.0,62.6,6.21,1.0,True,44.27,2026-09-07 10:44:54,1417.9,1383.35,Financial Services,False,32241.2,
PPLPHARMA.NS,221.06,211.34,240.5,51,9.72,495.61,11274.06,2.0,66.3,3.61,1.12,True,37.61,2026-09-07 10:45:08,218.61,211.28,Healthcare,False,20967.14,
ELGIEQUIP.NS,647.25,618.86,704.03,17,28.39,482.59,11003.25,2.0,62.7,3.93,0.29,True,34.9,2026-09-07 10:44:56,645.4,619.03,Industrials,False,9963.89,
WOCKPHARMA.NS,2189.0,2070.18,2426.64,4,118.82,475.29,8756.0,2.0,69.5,5.16,3.82,True,33.83,2026-09-07 10:45:14,2108.5,1950.24,Healthcare,False,1207.89,⚠️ Sector Warning: You already have a signal in Healthcare today — taking this one too means doubling up on the same sector's risk.
CARTRADE.NS,3166.3,2970.88,3557.14,2,195.42,390.84,6332.6,2.0,66.5,5.15,2.66,True,43.42,2026-09-07 10:58:53,3084.3,2967.73,Consumer Cyclical,False,43667.4,
CDSL.NS,1423.9,1372.03,1527.64,8,51.87,414.94,11391.2,2.0,61.3,5.85,0.42,True,42.53,2026-09-07 10:58:53,1417.9,1382.57,Financial Services,False,32276.2,
MOTILALOFS.NS,1050.7,1005.87,1140.36,11,44.83,493.11,11557.7,2.0,70.5,4.24,0.27,True,36.79,2026-09-07 10:59:06,1047.9,993.0,Financial Services,False,20718.5,⚠️ Sector Warning: You already have a signal in Financial Services today — taking this one too means doubling up on the same sector's risk.
WOCKPHARMA.NS,2182.4,2063.58,2420.04,4,118.82,475.29,8729.6,2.0,69.2,5.06,3.5,True,33.72,2026-09-07 10:59:14,2108.5,1949.61,Healthcare,False,11988.9,
GLAND.NS,3005.8,2881.28,3254.84,3,124.52,373.56,9017.4,2.0,72.0,1.96,1.24,True,28.6,2026-09-07 10:58:55,2969.0,2842.21,Healthcare,False,2971.5,⚠️ Sector Warning: You already have a signal in Healthcare today — taking this one too means doubling up on the same sector's risk.
CARTRADE.NS,3170.4,2974.98,3561.24,2,195.42,390.84,6340.8,2.0,66.7,4.92,2.79,True,42.08,2026-09-07 11:12:46,3084.3,2968.12,Consumer Cyclical,False,43659.2,
PPLPHARMA.NS,220.77,211.03,240.25,51,9.74,496.81,11259.27,2.0,66.0,4.13,0.99,True,40.42,2026-09-07 11:12:58,218.61,211.25,Healthcare,False,32399.93,
MOTILALOFS.NS,1053.0,1008.17,1142.66,11,44.83,493.11,11583.0,2.0,70.9,4.05,0.49,True,35.48,2026-09-07 11:12:56,1047.9,993.22,Financial Services,False,20816.93,
WOCKPHARMA.NS,2185.0,2066.18,2422.64,4,118.82,475.29,8740.0,2.0,69.3,4.72,3.63,True,31.84,2026-09-07 11:13:04,2108.5,1949.86,Healthcare,False,12076.93,⚠️ Sector Warning: You already have a signal in Healthcare today — taking this one too means doubling up on the same sector's risk.
GLAND.NS,2996.4,2871.88,3245.44,4,124.52,498.09,11985.6,2.0,71.5,1.88,0.92,True,28.69,2026-09-07 11:12:49,2969.0,2841.32,Healthcare,False,91.33,⚠️ Sector Warning: You already have a signal in Healthcare today — taking this one too means doubling up on the same sector's risk.
CARTRADE.NS,3159.2,2963.01,3551.58,2,196.19,392.38,6318.4,2.0,66.2,4.99,2.43,True,42.93,2026-09-07 11:24:19,3084.3,2967.05,Consumer Cyclical,False,43681.6,
PPLPHARMA.NS,219.97,210.23,239.45,51,9.74,496.81,11218.47,2.0,65.4,3.96,0.62,True,40.18,2026-09-07 11:24:31,218.61,211.17,Healthcare,False,32463.13,
CDSL.NS,1428.1,1376.23,1531.84,8,51.87,414.94,11424.8,2.0,61.9,5.23,0.72,True,39.44,2026-09-07 11:24:19,1417.9,1382.97,Financial Services,False,21038.33,
MOTILALOFS.NS,1055.3,1010.47,1144.96,11,44.83,493.11,11608.3,2.0,71.2,3.84,0.71,True,34.11,2026-09-07 11:24:29,1047.9,993.44,Financial Services,False,9430.03,⚠️ Sector Warning: You already have a signal in Financial Services today — taking this one too means doubling up on the same sector's risk.
WOCKPHARMA.NS,2201.0,2081.53,2439.95,4,119.47,477.9,8804.0,2.0,70.0,4.74,4.39,True,31.0,2026-09-07 11:24:37,2108.5,1951.38,Healthcare,False,626.03,⚠️ Sector Warning: You already have a signal in Healthcare today — taking this one too means doubling up on the same sector's risk.
CARTRADE.NS,3150.6,2954.41,3542.98,2,196.19,392.38,6301.2,2.0,65.8,4.69,2.15,True,41.86,2026-09-07 11:37:23,3084.3,2966.23,Consumer Cyclical,False,43698.8,
CDSL.NS,1430.5,1378.63,1534.24,8,51.87,414.94,11444.0,2.0,62.3,5.01,0.89,True,38.34,2026-09-07 11:37:23,1417.9,1383.19,Financial Services,False,32254.8,
MOTILALOFS.NS,1054.6,1009.65,1144.49,11,44.95,494.41,11600.6,2.0,71.1,3.62,0.64,True,33.11,2026-09-07 11:37:30,1047.9,993.37,Financial Services,False,20654.2,⚠️ Sector Warning: You already have a signal in Financial Services today — taking this one too means doubling up on the same sector's risk.
ELGIEQUIP.NS,647.15,618.76,703.93,17,28.39,482.59,11001.55,2.0,62.7,2.95,0.27,True,30.07,2026-09-07 11:37:25,645.4,619.02,Industrials,False,9652.65,
GLAND.NS,2988.5,2863.98,3237.54,3,124.52,373.56,8965.5,2.0,71.0,1.72,0.66,True,28.28,2026-09-07 11:37:25,2969.0,2840.56,Healthcare,False,687.15,
CARTRADE.NS,3154.5,2958.31,3546.88,2,196.19,392.38,6309.0,2.0,66.0,4.24,2.28,True,39.44,2026-09-07 12:00:52,3084.3,2966.6,Consumer Cyclical,False,43691.0,
CDSL.NS,1432.1,1380.23,1535.84,8,51.87,414.94,11456.8,2.0,62.6,4.63,1.0,True,36.36,2026-09-07 12:00:53,1417.9,1383.35,Financial Services,False,32234.2,
WOCKPHARMA.NS,2213.9,2091.09,2459.51,4,122.81,491.23,8855.6,2.0,70.5,4.92,5.0,True,31.17,2026-09-07 12:01:11,2108.5,1952.61,Healthcare,False,23378.6,
MOTILALOFS.NS,1053.8,1008.85,1143.69,11,44.95,494.41,11591.8,2.0,71.0,3.16,0.56,True,30.91,2026-09-07 12:01:03,1047.9,993.29,Financial Services,False,11786.8,⚠️ Sector Warning: You already have a signal in Financial Services today — taking this one too means doubling up on the same sector's risk.
ELGIEQUIP.NS,648.1,619.71,704.88,17,28.39,482.59,11017.7,2.0,62.9,2.58,0.42,True,27.99,2026-09-07 12:00:55,645.4,619.11,Industrials,False,769.1,
CARTRADE.NS,3177.0,2980.81,3569.38,2,196.19,392.38,6354.0,2.0,67.0,4.01,3.01,True,37.24,2026-09-07 12:20:34,3084.3,2968.75,Consumer Cyclical,False,43646.0,
CDSL.NS,1422.0,1370.13,1525.74,8,51.87,414.94,11376.0,2.0,60.9,4.33,0.29,True,34.92,2026-09-07 12:20:34,1417.9,1382.39,Financial Services,False,32270.0,
MOTILALOFS.NS,1053.5,1008.52,1143.46,11,44.98,494.76,11588.5,2.0,71.0,2.93,0.53,True,29.81,2026-09-07 12:20:40,1047.9,993.26,Financial Services,False,20681.5,⚠️ Sector Warning: You already have a signal in Financial Services today — taking this one too means doubling up on the same sector's risk.
WOCKPHARMA.NS,2211.6,2088.79,2457.21,4,122.81,491.23,8846.4,2.0,70.4,4.58,4.89,True,29.58,2026-09-07 12:20:44,2108.5,1952.39,Healthcare,False,11835.1,
GLAND.NS,2982.3,2857.78,3231.34,3,124.52,373.56,8946.9,2.0,70.6,1.47,0.45,True,27.39,2026-09-07 12:20:36,2969.0,2839.97,Healthcare,False,2888.2,⚠️ Sector Warning: You already have a signal in Healthcare today — taking this one too means doubling up on the same sector's risk.
CARTRADE.NS,3182.5,2985.78,3575.95,2,196.72,393.45,6365.0,2.0,67.2,4.01,3.18,True,36.97,2026-09-07 12:32:32,3084.3,2969.27,Consumer Cyclical,False,43635.0,
CDSL.NS,1421.5,1369.63,1525.24,8,51.87,414.94,11372.0,2.0,60.9,4.13,0.25,True,33.92,2026-09-07 12:32:32,1417.9,1382.34,Financial Services,False,32263.0,
WOCKPHARMA.NS,2204.0,2081.19,2449.61,4,122.81,491.23,8816.0,2.0,70.1,4.44,4.53,True,29.36,2026-09-07 12:32:43,2108.5,1951.67,Healthcare,False,23447.0,
MOTILALOFS.NS,1053.3,1008.32,1143.26,11,44.98,494.76,11586.3,2.0,70.9,2.81,0.52,True,29.24,2026-09-07 12:32:38,1047.9,993.25,Financial Services,False,11860.7,⚠️ Sector Warning: You already have a signal in Financial Services today — taking this one too means doubling up on the same sector's risk.
GLAND.NS,2979.8,2855.28,3228.84,3,124.52,373.56,8939.4,2.0,70.5,1.42,0.36,True,27.25,2026-09-07 12:32:34,2969.0,2839.73,Healthcare,False,2921.3,⚠️ Sector Warning: You already have a signal in Healthcare today — taking this one too means doubling up on the same sector's risk.
CARTRADE.NS,3192.0,2992.81,3590.38,2,199.19,398.38,6384.0,2.0,67.6,4.23,3.49,True,37.62,2026-09-07 12:51:29,3084.3,2970.17,Consumer Cyclical,False,43616.0,
MOTILALOFS.NS,1053.0,1008.02,1142.96,11,44.98,494.76,11583.0,2.0,70.9,2.6,0.49,True,28.22,2026-09-07 12:51:37,1047.9,993.22,Financial Services,False,32033.0,
WOCKPHARMA.NS,2202.7,2079.89,2448.31,4,122.81,491.23,8810.8,2.0,70.1,4.15,4.47,True,27.98,2026-09-07 12:51:47,2108.5,1951.54,Healthcare,False,23222.2,
SPLPETRO.NS,800.45,767.2,866.95,15,33.25,498.78,12006.75,2.0,72.1,1.56,2.23,True,13.81,2026-09-07 12:51:43,783.0,725.53,Basic Materials,False,11215.45,
CARTRADE.NS,3195.6,2996.41,3593.98,2,199.19,398.38,6391.2,2.0,67.7,4.17,3.61,True,37.18,2026-09-07 13:05:52,3084.3,2970.52,Consumer Cyclical,False,43608.8,
MOTILALOFS.NS,1050.5,1005.52,1140.46,11,44.98,494.76,11555.5,2.0,70.5,2.52,0.25,True,28.22,2026-09-07 13:05:59,1047.9,992.98,Financial Services,False,32053.3,
WOCKPHARMA.NS,2202.9,2080.09,2448.51,4,122.81,491.23,8811.6,2.0,70.1,4.09,4.48,True,27.66,2026-09-07 13:06:04,2108.5,1951.56,Healthcare,False,23241.7,
SPLPETRO.NS,800.9,767.65,867.4,15,33.25,498.78,12013.5,2.0,72.2,1.52,2.29,True,13.56,2026-09-07 13:06:02,783.0,725.57,Basic Materials,False,11228.2,
CARTRADE.NS,3218.5,3018.24,3619.02,2,200.26,400.52,6437.0,2.0,68.6,4.29,4.35,True,36.76,2026-09-07 13:19:47,3084.3,2972.7,Consumer Cyclical,False,43563.0,
WOCKPHARMA.NS,2195.0,2072.19,2440.61,4,122.81,491.23,8780.0,2.0,69.7,4.0,4.1,True,27.66,2026-09-07 13:20:11,2108.5,1950.81,Healthcare,False,34783.0,
SPLPETRO.NS,801.95,768.67,868.51,15,33.28,499.18,12029.25,2.0,72.4,1.54,2.42,True,13.45,2026-09-07 13:20:06,783.0,725.67,Basic Materials,False,22753.75,
WOCKPHARMA.NS,2187.0,2064.19,2432.61,4,122.81,491.23,8748.0,2.0,69.4,3.92,3.72,True,27.76,2026-09-07 13:30:00,2108.5,1950.05,Healthcare,False,41252.0,
MOTILALOFS.NS,1053.0,1008.02,1142.96,11,44.98,494.76,11583.0,2.0,70.9,2.44,0.49,True,27.42,2026-09-07 13:29:55,1047.9,993.22,Financial Services,False,29669.0,
SPLPETRO.NS,802.9,769.62,869.46,15,33.28,499.18,12043.5,2.0,72.5,1.5,2.54,True,13.09,2026-09-07 13:29:58,783.0,725.76,Basic Materials,False,17625.5,
CARTRADE.NS,3204.0,3000.53,3610.95,2,203.47,406.95,6408.0,2.0,68.1,5.02,3.88,True,41.06,2026-09-07 13:48:43,3084.3,2971.32,Consumer Cyclical,False,43592.0,
MOTILALOFS.NS,1052.4,1007.42,1142.36,11,44.98,494.76,11576.4,2.0,70.8,2.35,0.43,True,27.06,2026-09-07 13:48:50,1047.9,993.16,Financial Services,False,32015.6,
WOCKPHARMA.NS,2200.0,2077.19,2445.61,4,122.81,491.23,8800.0,2.0,69.9,3.77,4.34,True,26.23,2026-09-07 13:48:56,2108.5,1951.29,Healthcare,False,23215.6,
SPLPETRO.NS,801.65,768.37,868.21,15,33.28,499.18,12024.75,2.0,72.3,1.44,2.38,True,13.01,2026-09-07 13:48:54,783.0,725.64,Basic Materials,False,11190.85,
CEMPRO.NS,1341.6,1272.5,1479.79,7,69.1,483.68,9391.2,2.0,56.4,1.24,2.05,True,12.29,2026-09-07 13:48:43,1314.7,1289.89,Industrials,False,1799.65,
CARTRADE.NS,3188.2,2984.72,3595.15,2,203.47,406.95,6376.4,2.0,67.4,5.04,3.37,True,41.86,2026-09-07 14:05:31,3084.3,2969.81,Consumer Cyclical,False,43623.6,
MOTILALOFS.NS,1055.1,1010.12,1145.06,11,44.98,494.76,11606.1,2.0,71.2,2.26,0.69,True,26.23,2026-09-07 14:05:37,1047.9,993.42,Financial Services,False,32017.5,
WOCKPHARMA.NS,2196.1,2073.29,2441.71,4,122.81,491.23,8784.4,2.0,69.8,3.62,4.15,True,25.73,2026-09-07 14:05:42,2108.5,1950.92,Healthcare,False,23233.1,
NCC.NS,152.76,145.18,167.93,65,7.58,493.0,9929.4,2.0,62.6,1.52,0.71,True,18.55,2026-09-07 14:05:37,151.69,146.05,Industrials,False,13303.7,
SPLPETRO.NS,804.35,771.07,870.92,15,33.28,499.26,12065.25,2.0,72.7,1.41,2.73,True,12.41,2026-09-07 14:05:40,783.0,725.9,Basic Materials,False,1238.45,
CARTRADE.NS,3196.8,2993.33,3603.75,2,203.47,406.95,6393.6,2.0,67.8,4.99,3.65,True,41.22,2026-09-07 14:19:38,3084.3,2970.63,Consumer Cyclical,False,43606.4,
MOTILALOFS.NS,1055.1,1009.96,1145.38,11,45.14,496.53,11606.1,2.0,71.2,2.23,0.69,True,26.07,2026-09-07 14:19:44,1047.9,993.42,Financial Services,False,32000.3,
WOCKPHARMA.NS,2187.9,2065.09,2433.51,4,122.81,491.23,8751.6,2.0,69.4,3.5,3.77,True,25.61,2026-09-07 14:19:52,2108.5,1950.13,Healthcare,False,23248.7,
HOMEFIRST.NS,1242.6,1197.77,1332.26,10,44.83,448.29,12426.0,2.0,65.6,2.09,1.11,True,20.18,2026-09-07 14:19:41,1229.0,1195.77,Financial Services,False,10822.7,⚠️ Sector Warning: You already have a signal in Financial Services today — taking this one too means doubling up on the same sector's risk.
SPLPETRO.NS,803.3,770.02,869.87,13,33.28,432.64,10442.9,2.0,72.5,1.38,2.59,True,12.45,2026-09-07 14:19:49,783.0,725.8,Basic Materials,False,379.8,
CARTRADE.NS,3195.0,2991.53,3601.95,2,203.47,406.95,6390.0,2.0,67.7,4.91,3.59,True,40.89,2026-09-07 14:29:50,3084.3,2970.46,Consumer Cyclical,False,43610.0,
CDSL.NS,1422.0,1370.13,1525.74,8,51.87,414.94,11376.0,2.0,60.9,3.02,0.29,True,28.35,2026-09-07 14:29:50,1417.9,1382.39,Financial Services,False,32234.0,
MOTILALOFS.NS,1055.0,1009.86,1145.28,11,45.14,496.53,11605.0,2.0,71.2,2.18,0.68,True,25.86,2026-09-07 14:30:03,1047.9,993.41,Financial Services,False,20629.0,⚠️ Sector Warning: You already have a signal in Financial Services today — taking this one too means doubling up on the same sector's risk.
WOCKPHARMA.NS,2196.6,2073.79,2442.21,4,122.81,491.23,8786.4,2.0,69.8,3.43,4.18,True,24.72,2026-09-07 14:30:15,2108.5,1950.96,Healthcare,False,11842.6,
HOMEFIRST.NS,1237.8,1192.97,1327.46,9,44.83,403.47,11140.2,2.0,64.6,2.13,0.72,True,21.14,2026-09-07 14:29:55,1229.0,1195.31,Financial Services,False,702.4,⚠️ Sector Warning: You already have a signal in Financial Services today — taking this one too means doubling up on the same sector's risk.
CARTRADE.NS,3186.6,2983.13,3593.55,2,203.47,406.95,6373.2,2.0,67.4,4.72,3.32,True,40.34,2026-09-07 14:48:30,3084.3,2969.66,Consumer Cyclical,False,43626.8,
MOTILALOFS.NS,1055.6,1010.46,1145.88,11,45.14,496.53,11611.6,2.0,71.3,2.3,0.73,True,26.36,2026-09-07 14:48:37,1047.9,993.46,Financial Services,False,32015.2,
WOCKPHARMA.NS,2191.3,2068.49,2436.91,4,122.81,491.23,8765.2,2.0,69.6,3.28,3.93,True,24.29,2026-09-07 14:48:42,2108.5,1950.46,Healthcare,False,23250.0,
HOMEFIRST.NS,1240.0,1195.17,1329.66,10,44.83,448.29,12400.0,2.0,65.1,2.11,0.9,True,20.7,2026-09-07 14:48:34,1229.0,1195.52,Financial Services,False,10850.0,⚠️ Sector Warning: You already have a signal in Financial Services today — taking this one too means doubling up on the same sector's risk.
CEMPRO.NS,1337.6,1268.5,1475.79,7,69.1,483.68,9363.2,2.0,55.9,1.26,1.74,True,12.45,2026-09-07 14:48:31,1314.7,1289.51,Industrials,False,1486.8,
CARTRADE.NS,3186.5,2983.03,3593.45,2,203.47,406.95,6373.0,2.0,67.4,4.65,3.31,True,40.0,2026-09-07 15:04:58,3084.3,2969.65,Consumer Cyclical,False,43627.0,
PPLPHARMA.NS,219.81,210.07,239.29,51,9.74,496.81,11210.31,2.0,65.2,2.18,0.55,True,31.38,2026-09-07 15:05:10,218.61,211.16,Healthcare,False,32416.69,
MOTILALOFS.NS,1056.1,1010.96,1146.38,11,45.14,496.53,11617.1,2.0,71.4,2.29,0.78,True,26.22,2026-09-07 15:05:08,1047.9,993.51,Financial Services,False,20799.59,
WOCKPHARMA.NS,2200.1,2077.29,2445.71,4,122.81,491.23,8800.4,2.0,70.0,3.24,4.34,True,23.55,2026-09-07 15:05:14,2108.5,1951.3,Healthcare,False,11999.19,⚠️ Sector Warning: You already have a signal in Healthcare today — taking this one too means doubling up on the same sector's risk.
HOMEFIRST.NS,1239.3,1194.47,1328.96,9,44.83,403.47,11153.7,2.0,64.9,2.14,0.84,True,20.97,2026-09-07 15:05:01,1229.0,1195.45,Financial Services,False,845.49,⚠️ Sector Warning: You already have a signal in Financial Services today — taking this one too means doubling up on the same sector's risk.
CARTRADE.NS,3176.0,2972.53,3582.95,2,203.47,406.95,6352.0,2.0,66.9,4.67,2.97,True,40.56,2026-09-07 15:19:06,3084.3,2968.65,Consumer Cyclical,False,43648.0,
PPLPHARMA.NS,220.15,210.41,239.63,51,9.74,496.81,11227.65,2.0,65.5,2.23,0.7,True,31.37,2026-09-07 15:19:19,218.61,211.19,Healthcare,False,32420.35,
MOTILALOFS.NS,1055.0,1009.86,1145.28,11,45.14,496.53,11605.0,2.0,71.2,2.31,0.68,True,26.48,2026-09-07 15:19:18,1047.9,993.41,Financial Services,False,20815.35,
PFOCUS.NS,311.7,291.83,351.44,25,19.87,496.74,7792.5,2.0,62.3,1.83,0.56,True,25.7,2026-09-07 15:19:20,309.95,291.93,Communication Services,False,13022.85,
HOMEFIRST.NS,1239.8,1194.97,1329.46,10,44.83,448.29,12398.0,2.0,65.0,2.15,0.88,True,20.92,2026-09-07 15:19:09,1229.0,1195.5,Financial Services,False,624.85,⚠️ Sector Warning: You already have a signal in Financial Services today — taking this one too means doubling up on the same sector's risk.
CARTRADE.NS,3168.0,2964.53,3574.95,2,203.47,406.95,6336.0,2.0,66.6,4.63,2.71,True,40.75,2026-09-07 15:29:23,3084.3,2967.89,Consumer Cyclical,False,43664.0,
PPLPHARMA.NS,219.64,209.9,239.12,51,9.74,496.81,11201.64,2.0,65.1,2.27,0.47,True,31.96,2026-09-07 15:29:34,218.61,211.14,Healthcare,False,32462.36,
MOTILALOFS.NS,1055.0,1009.86,1145.28,11,45.14,496.53,11605.0,2.0,71.2,2.24,0.68,True,26.17,2026-09-07 15:29:32,1047.9,993.41,Financial Services,False,20857.36,
PFOCUS.NS,314.1,294.23,353.84,25,19.87,496.74,7852.5,2.0,63.2,1.95,1.34,True,25.42,2026-09-07 15:29:35,309.95,292.16,Communication Services,False,13004.86,
WOCKPHARMA.NS,2212.9,2090.09,2458.51,4,122.81,491.23,8851.6,2.0,70.5,3.24,4.95,True,22.82,2026-09-07 15:29:40,2108.5,1952.52,Healthcare,False,4153.26,⚠️ Sector Warning: You already have a signal in Healthcare today — taking this one too means doubling up on the same sector's risk.
PCBL.NS,328.8,315.78,354.84,38,13.02,494.68,12494.4,2.0,57.5,14.51,1.89,True,81.36,2026-09-08 09:24:17,322.7,320.01,Basic Materials,False,37505.6,
HFCL.NS,254.0,237.86,286.28,30,16.14,484.17,7620.0,2.0,63.6,3.62,0.43,True,41.55,2026-09-08 09:24:13,252.9,232.39,Technology,False,29885.6,
PPLPHARMA.NS,223.21,213.26,243.12,50,9.95,497.73,11160.5,2.0,67.9,2.87,2.1,True,32.41,2026-09-08 09:24:18,218.61,211.48,Healthcare,False,18725.1,
DATAPATTNS.NS,4749.0,4490.72,5265.56,1,258.28,258.28,4749.0,2.0,57.6,4.08,1.78,True,31.18,2026-09-08 09:24:11,4666.0,4593.24,Industrials,False,13976.1,
HAL.NS,4972.0,4827.89,5260.21,2,144.11,288.21,9944.0,2.0,61.4,2.47,0.73,True,26.62,2026-09-08 09:24:13,4936.0,4856.29,Industrials,False,4032.1,⚠️ Sector Warning: You already have a signal in Industrials today — taking this one too means doubling up on the same sector's risk.
PCBL.NS,326.5,313.48,352.54,38,13.02,494.68,12407.0,2.0,56.0,24.01,1.18,True,128.89,2026-09-08 09:37:59,322.7,319.79,Basic Materials,False,37593.0,
PPLPHARMA.NS,224.4,214.45,244.31,50,9.95,497.73,11220.0,2.0,68.7,10.06,2.65,True,67.51,2026-09-08 09:38:00,218.61,211.59,Healthcare,False,26373.0,
DATAPATTNS.NS,4796.7,4534.35,5321.4,1,262.35,262.35,4796.7,2.0,59.1,9.82,2.8,True,59.6,2026-09-08 09:37:47,4666.0,4597.78,Industrials,False,21576.3,
HAL.NS,5008.0,4860.79,5302.43,2,147.21,294.43,10016.0,2.0,63.3,5.37,1.46,True,40.56,2026-09-08 09:37:49,4936.0,4859.72,Industrials,False,11560.3,⚠️ Sector Warning: You already have a signal in Industrials today — taking this one too means doubling up on the same sector's risk.
BEML.NS,2185.0,2092.9,2369.2,5,92.1,460.5,10925.0,2.0,74.5,5.21,2.73,True,37.76,2026-09-08 09:37:44,2127.0,1980.77,Industrials,False,635.3,⚠️ Sector Warning: You already have a signal in Industrials today — taking this one too means doubling up on the same sector's risk.
PCBL.NS,325.55,312.53,351.59,38,13.02,494.68,12370.9,2.0,55.3,24.97,0.88,True,133.67,2026-09-08 09:39:23,322.7,319.7,Basic Materials,False,37629.1,
PPLPHARMA.NS,224.1,214.15,244.01,50,9.95,497.73,11205.0,2.0,68.5,10.32,2.51,True,69.06,2026-09-08 09:39:24,218.61,211.57,Healthcare,False,26424.1,
DATAPATTNS.NS,4830.0,4563.96,5362.07,1,266.04,266.04,4830.0,2.0,60.1,11.39,3.51,True,67.25,2026-09-08 09:39:14,4666.0,4600.96,Industrials,False,21594.1,
HAL.NS,4999.5,4852.14,5294.23,2,147.36,294.73,9999.0,2.0,62.9,5.68,1.29,True,42.45,2026-09-08 09:39:15,4936.0,4858.91,Industrials,False,11595.1,⚠️ Sector Warning: You already have a signal in Industrials today — taking this one too means doubling up on the same sector's risk.
BEML.NS,2185.1,2092.85,2369.6,5,92.25,461.25,10925.5,2.0,74.5,5.39,2.73,True,38.66,2026-09-08 09:39:11,2127.0,1980.78,Industrials,False,669.6,⚠️ Sector Warning: You already have a signal in Industrials today — taking this one too means doubling up on the same sector's risk.
PCBL.NS,325.15,312.13,351.19,38,13.02,494.68,12355.7,2.0,55.0,30.18,0.76,True,159.73,2026-09-08 09:54:08,322.7,319.66,Basic Materials,False,37644.3,
DATAPATTNS.NS,4808.0,4540.61,5342.77,1,267.39,267.39,4808.0,2.0,59.5,16.05,3.04,True,90.68,2026-09-08 09:54:00,4666.0,4598.86,Industrials,False,32836.3,
PPLPHARMA.NS,226.15,215.99,246.47,49,10.16,497.8,11081.35,2.0,69.9,14.25,3.45,True,87.31,2026-09-08 09:54:08,218.61,211.76,Healthcare,False,21754.95,
BEML.NS,2182.9,2088.87,2370.96,5,94.03,470.14,10914.5,2.0,74.3,8.37,2.63,True,53.69,2026-09-08 09:53:57,2127.0,1980.57,Industrials,False,10840.45,⚠️ Sector Warning: You already have a signal in Industrials today — taking this one too means doubling up on the same sector's risk.
HAL.NS,5014.7,4866.63,5310.84,2,148.07,296.14,10029.4,2.0,63.7,7.21,1.59,True,49.55,2026-09-08 09:54:01,4936.0,4860.36,Industrials,False,811.05,⚠️ Sector Warning: You already have a signal in Industrials today — taking this one too means doubling up on the same sector's risk.
PCBL.NS,325.6,312.58,351.64,38,13.02,494.68,12372.8,2.0,55.3,32.65,0.9,True,172.08,2026-09-08 10:08:42,322.7,319.7,Basic Materials,False,37627.2,
PPLPHARMA.NS,222.79,212.62,243.13,49,10.17,498.33,10916.71,2.0,67.6,17.62,1.91,True,106.42,2026-09-08 10:08:43,218.61,211.44,Healthcare,False,26710.49,
DATAPATTNS.NS,4803.5,4536.11,5338.27,1,267.39,267.39,4803.5,2.0,59.3,17.79,2.95,True,99.39,2026-09-08 10:08:37,4666.0,4598.43,Industrials,False,21906.99,
HAL.NS,5030.4,4878.74,5333.72,2,151.66,303.32,10060.8,2.0,64.4,9.85,1.91,True,62.15,2026-09-08 10:08:38,4936.0,4861.85,Industrials,False,11846.19,⚠️ Sector Warning: You already have a signal in Industrials today — taking this one too means doubling up on the same sector's risk.
BEML.NS,2177.6,2083.57,2365.66,5,94.03,470.14,10888.0,2.0,74.1,9.11,2.38,True,57.71,2026-09-08 10:08:35,2127.0,1980.07,Industrials,False,958.19,⚠️ Sector Warning: You already have a signal in Industrials today — taking this one too means doubling up on the same sector's risk.
PCBL.NS,325.75,312.73,351.79,38,13.02,494.68,12378.5,2.0,55.4,28.56,0.95,True,151.62,2026-09-08 10:21:33,322.7,319.72,Basic Materials,False,37621.5,
DATAPATTNS.NS,4875.0,4603.23,5418.54,1,271.77,271.77,4875.0,2.0,61.4,18.06,4.48,True,100.26,2026-09-08 10:21:22,4666.0,4605.24,Industrials,False,32746.5,
PPLPHARMA.NS,221.77,211.6,242.11,49,10.17,498.33,10866.73,2.0,66.8,16.16,1.45,True,99.87,2026-09-08 10:21:35,218.61,211.34,Healthcare,False,21879.77,
HAL.NS,5044.8,4893.14,5348.12,2,151.66,303.32,10089.6,2.0,65.1,9.17,2.2,True,58.21,2026-09-08 10:21:25,4936.0,4863.22,Industrials,False,11790.17,⚠️ Sector Warning: You already have a signal in Industrials today — taking this one too means doubling up on the same sector's risk.
PARADEEP.NS,165.4,156.29,183.61,54,9.11,491.73,8931.6,2.0,65.1,7.4,0.69,True,55.19,2026-09-08 10:21:34,164.26,153.84,Basic Materials,False,2858.57,⚠️ Sector Warning: You already have a signal in Basic Materials today — taking this one too means doubling up on the same sector's risk.
PCBL.NS,325.3,312.28,351.34,38,13.02,494.68,12361.4,2.0,55.1,25.62,0.81,True,136.94,2026-09-08 10:30:05,322.7,319.67,Basic Materials,False,37638.6,
DATAPATTNS.NS,4893.0,4620.04,5438.91,1,272.96,272.96,4893.0,2.0,61.9,17.68,4.86,True,98.18,2026-09-08 10:29:59,4666.0,4606.96,Industrials,False,32745.6,
PPLPHARMA.NS,222.2,212.03,242.54,49,10.17,498.33,10887.8,2.0,67.1,14.94,1.64,True,93.43,2026-09-08 10:30:05,218.61,211.39,Healthcare,False,21857.8,
HAL.NS,5043.0,4891.34,5346.32,2,151.66,303.32,10086.0,2.0,65.0,8.42,2.17,True,54.51,2026-09-08 10:30:01,4936.0,4863.05,Industrials,False,11771.8,⚠️ Sector Warning: You already have a signal in Industrials today — taking this one too means doubling up on the same sector's risk.
PARADEEP.NS,164.6,155.49,182.81,54,9.11,491.73,8888.4,2.0,64.5,6.83,0.21,True,53.03,2026-09-08 10:30:05,164.26,153.77,Basic Materials,False,2883.4,⚠️ Sector Warning: You already have a signal in Basic Materials today — taking this one too means doubling up on the same sector's risk.
PCBL.NS,326.05,313.03,352.09,38,13.02,494.68,12389.9,2.0,55.6,21.31,1.04,True,115.35,2026-09-08 10:46:54,322.7,319.75,Basic Materials,False,37610.1,
PPLPHARMA.NS,227.66,217.21,248.56,47,10.45,491.13,10700.02,2.0,70.8,16.37,4.14,True,96.94,2026-09-08 10:46:55,218.61,211.91,Healthcare,False,26910.08,
DATAPATTNS.NS,4887.6,4614.64,5433.51,1,272.96,272.96,4887.6,2.0,61.8,15.61,4.75,True,87.91,2026-09-08 10:46:43,4666.0,4606.44,Industrials,False,22022.48,
HAL.NS,5038.4,4886.74,5341.72,2,151.66,303.32,10076.8,2.0,64.8,7.36,2.07,True,49.39,2026-09-08 10:46:45,4936.0,4862.61,Industrials,False,11945.68,⚠️ Sector Warning: You already have a signal in Industrials today — taking this one too means doubling up on the same sector's risk.
PARADEEP.NS,164.74,155.63,182.95,54,9.11,491.73,8895.96,2.0,64.6,5.82,0.29,True,47.87,2026-09-08 10:46:55,164.26,153.78,Basic Materials,False,3049.72,⚠️ Sector Warning: You already have a signal in Basic Materials today — taking this one too means doubling up on the same sector's risk.
PCBL.NS,324.85,311.83,350.89,38,13.02,494.68,12344.3,2.0,54.8,19.15,0.67,True,104.56,2026-09-08 11:01:32,322.7,319.63,Basic Materials,False,37655.7,
PPLPHARMA.NS,229.0,218.55,249.9,47,10.45,491.13,10763.0,2.0,71.6,15.73,4.75,True,92.87,2026-09-08 11:01:32,218.61,212.03,Healthcare,False,26892.7,
HAL.NS,5056.9,4903.9,5362.9,2,153.0,306.0,10113.8,2.0,65.7,7.0,2.45,True,46.92,2026-09-08 11:01:29,4936.0,4864.38,Industrials,False,16778.9,
BEML.NS,2145.9,2051.87,2333.96,5,94.03,470.14,10729.5,2.0,72.3,5.75,0.89,True,42.9,2026-09-08 11:01:25,2127.0,1977.05,Industrials,False,6049.4,⚠️ Sector Warning: You already have a signal in Industrials today — taking this one too means doubling up on the same sector's risk.
PFOCUS.NS,323.25,302.96,363.83,18,20.29,365.22,5818.5,2.0,66.2,5.07,4.29,True,37.25,2026-09-08 11:01:33,309.95,293.03,Communication Services,False,230.9,
PCBL.NS,325.9,312.88,351.94,38,13.02,494.68,12384.2,2.0,55.5,17.17,0.99,True,94.68,2026-09-08 11:15:29,322.7,319.73,Basic Materials,False,37615.8,
DATAPATTNS.NS,4879.2,4603.89,5429.83,1,275.31,275.31,4879.2,2.0,61.5,13.7,4.57,True,78.42,2026-09-08 11:15:23,4666.0,4605.64,Industrials,False,32736.6,
HAL.NS,5046.7,4893.7,5352.7,2,153.0,306.0,10093.4,2.0,65.2,6.45,2.24,True,44.55,2026-09-08 11:15:25,4936.0,4863.41,Industrials,False,22643.2,⚠️ Sector Warning: You already have a signal in Industrials today — taking this one too means doubling up on the same sector's risk.
BEML.NS,2142.7,2048.67,2330.76,5,94.03,470.14,10713.5,2.0,72.2,5.27,0.74,True,40.73,2026-09-08 11:15:21,2127.0,1976.74,Industrials,False,11929.7,⚠️ Sector Warning: You already have a signal in Industrials today — taking this one too means doubling up on the same sector's risk.
PFOCUS.NS,322.45,302.16,363.03,24,20.29,486.9,7738.8,2.0,66.0,4.81,4.03,True,36.25,2026-09-08 11:15:29,309.95,292.95,Communication Services,False,4190.9,
PCBL.NS,326.25,313.23,352.29,38,13.02,494.68,12397.5,2.0,55.8,16.0,1.1,True,88.82,2026-09-08 11:25:56,322.7,319.76,Basic Materials,False,37602.5,
DATAPATTNS.NS,4885.0,4609.69,5435.63,1,275.31,275.31,4885.0,2.0,61.7,12.95,4.69,True,74.61,2026-09-08 11:25:45,4666.0,4606.19,Industrials,False,32717.5,
HAL.NS,5046.0,4893.0,5352.0,2,153.0,306.0,10092.0,2.0,65.2,6.03,2.23,True,42.46,2026-09-08 11:25:48,4936.0,4863.34,Industrials,False,22625.5,⚠️ Sector Warning: You already have a signal in Industrials today — taking this one too means doubling up on the same sector's risk.
BEML.NS,2137.4,2043.37,2325.46,5,94.03,470.14,10687.0,2.0,71.8,4.91,0.49,True,39.29,2026-09-08 11:25:41,2127.0,1976.24,Industrials,False,11938.5,⚠️ Sector Warning: You already have a signal in Industrials today — taking this one too means doubling up on the same sector's risk.
PFOCUS.NS,322.25,301.96,362.83,24,20.29,486.9,7734.0,2.0,65.9,4.61,3.97,True,35.33,2026-09-08 11:25:57,309.95,292.93,Communication Services,False,4204.5,
PPLPHARMA.NS,228.13,217.42,249.55,46,10.71,492.61,10493.98,2.0,71.1,15.02,4.35,True,89.88,2026-09-08 11:41:00,218.61,211.95,Healthcare,False,39506.02,
PCBL.NS,326.25,313.23,352.29,38,13.02,494.68,12397.5,2.0,55.8,14.52,1.1,True,81.43,2026-09-08 11:40:59,322.7,319.76,Basic Materials,False,27108.52,
DATAPATTNS.NS,4895.4,4620.09,5446.03,1,275.31,275.31,4895.4,2.0,62.0,11.94,4.92,True,69.46,2026-09-08 11:40:52,4666.0,4607.18,Industrials,False,22213.12,
HAL.NS,5068.0,4913.93,5376.14,2,154.07,308.14,10136.0,2.0,66.2,5.7,2.67,True,40.03,2026-09-08 11:40:54,4936.0,4865.43,Industrials,False,12077.12,⚠️ Sector Warning: You already have a signal in Industrials today — taking this one too means doubling up on the same sector's risk.
BEML.NS,2134.1,2040.07,2322.16,5,94.03,470.14,10670.5,2.0,71.6,4.49,0.33,True,37.38,2026-09-08 11:40:49,2127.0,1975.92,Industrials,False,1406.62,⚠️ Sector Warning: You already have a signal in Industrials today — taking this one too means doubling up on the same sector's risk.
PPLPHARMA.NS,227.49,216.78,248.91,46,10.71,492.61,10464.54,2.0,70.7,13.61,4.06,True,83.26,2026-09-08 12:01:36,218.61,211.89,Healthcare,False,39535.46,
PCBL.NS,326.6,313.58,352.64,38,13.02,494.68,12410.8,2.0,56.0,13.12,1.21,True,74.45,2026-09-08 12:01:35,322.7,319.8,Basic Materials,False,27124.66,
HAL.NS,5060.0,4905.93,5368.14,2,154.07,308.14,10120.0,2.0,65.8,5.22,2.51,True,37.89,2026-09-08 12:01:31,4936.0,4864.67,Industrials,False,17004.66,
BEML.NS,2132.3,2038.27,2320.36,5,94.03,470.14,10661.5,2.0,71.5,4.0,0.25,True,35.06,2026-09-08 12:01:27,2127.0,1975.75,Industrials,False,6343.16,⚠️ Sector Warning: You already have a signal in Industrials today — taking this one too means doubling up on the same sector's risk.
DIVISLAB.NS,9512.0,9200.21,10135.57,0,311.79,0,0,2.0,72.7,2.75,2.11,True,33.98,2026-09-08 12:01:30,9315.0,8911.62,Healthcare,True,6343.16,⚠️ Sector Warning: You already have a signal in Healthcare today — taking this one too means doubling up on the same sector's risk.
PPLPHARMA.NS,227.74,217.03,249.16,46,10.71,492.61,10476.04,2.0,70.9,12.56,4.18,True,77.85,2026-09-08 12:20:22,218.61,211.91,Healthcare,False,39523.96,
PCBL.NS,328.25,315.23,354.29,38,13.02,494.68,12473.5,2.0,57.1,13.07,1.72,True,74.15,2026-09-08 12:20:22,322.7,319.96,Basic Materials,False,27050.46,
HAL.NS,5038.0,4883.93,5346.14,2,154.07,308.14,10076.0,2.0,64.8,5.21,2.07,True,38.66,2026-09-08 12:20:16,4936.0,4862.58,Industrials,False,16974.46,
DIVISLAB.NS,9511.5,9199.71,10135.07,1,311.79,311.79,9511.5,2.0,72.7,2.64,2.11,True,33.41,2026-09-08 12:20:14,9315.0,8911.57,Healthcare,False,7462.96,⚠️ Sector Warning: You already have a signal in Healthcare today — taking this one too means doubling up on the same sector's risk.
LTFOODS.NS,461.45,434.74,514.86,16,26.71,427.36,7383.2,2.0,67.5,3.63,1.43,True,33.38,2026-09-08 12:20:20,454.95,437.08,Consumer Defensive,False,79.76,
PPLPHARMA.NS,227.9,217.19,249.32,46,10.71,492.61,10483.4,2.0,71.0,11.9,4.25,True,74.42,2026-09-08 12:31:45,218.61,211.93,Healthcare,False,39516.6,
PCBL.NS,327.55,314.53,353.59,38,13.02,494.68,12446.9,2.0,56.7,12.51,1.5,True,71.37,2026-09-08 12:31:44,322.7,319.89,Basic Materials,False,27069.7,
DATAPATTNS.NS,4897.6,4621.23,5450.35,1,276.37,276.37,4897.6,2.0,62.0,10.01,4.96,True,59.81,2026-09-08 12:31:38,4666.0,4607.39,Industrials,False,22172.1,
HAL.NS,5038.0,4883.93,5346.14,2,154.07,308.14,10076.0,2.0,64.8,5.11,2.07,True,38.16,2026-09-08 12:31:40,4936.0,4862.58,Industrials,False,12096.1,⚠️ Sector Warning: You already have a signal in Industrials today — taking this one too means doubling up on the same sector's risk.
DIVISLAB.NS,9507.5,9195.71,10131.07,1,311.79,311.79,9507.5,2.0,72.6,2.59,2.07,True,33.23,2026-09-08 12:31:38,9315.0,8911.19,Healthcare,False,2588.6,⚠️ Sector Warning: You already have a signal in Healthcare today — taking this one too means doubling up on the same sector's risk.
PPLPHARMA.NS,228.16,217.45,249.58,46,10.71,492.61,10495.36,2.0,71.1,11.22,4.37,True,70.86,2026-09-08 12:50:18,218.61,211.95,Healthcare,False,39504.64,
PCBL.NS,327.5,314.48,353.54,38,13.02,494.68,12445.0,2.0,56.6,11.56,1.49,True,66.6,2026-09-08 12:50:17,322.7,319.88,Basic Materials,False,27059.64,
HAL.NS,5045.0,4890.93,5353.14,2,154.07,308.14,10090.0,2.0,65.1,4.84,2.21,True,36.54,2026-09-08 12:50:13,4936.0,4863.24,Industrials,False,16969.64,
DIVISLAB.NS,9509.5,9197.71,10133.07,1,311.79,311.79,9509.5,2.0,72.6,2.43,2.09,True,32.42,2026-09-08 12:50:11,9315.0,8911.38,Healthcare,False,7460.14,⚠️ Sector Warning: You already have a signal in Healthcare today — taking this one too means doubling up on the same sector's risk.
LTFOODS.NS,459.95,433.24,513.36,16,26.71,427.36,7359.2,2.0,67.0,3.24,1.1,True,31.92,2026-09-08 12:50:15,454.95,436.94,Consumer Defensive,False,100.94,
PPLPHARMA.NS,227.3,216.59,248.72,46,10.71,492.61,10455.8,2.0,70.6,10.71,3.98,True,68.86,2026-09-08 13:04:50,218.61,211.87,Healthcare,False,39544.2,
PCBL.NS,327.0,313.98,353.04,38,13.02,494.68,12426.0,2.0,56.3,10.95,1.33,True,63.58,2026-09-08 13:04:50,322.7,319.84,Basic Materials,False,27118.2,
HAL.NS,5050.0,4895.93,5358.14,2,154.07,308.14,10100.0,2.0,65.4,4.59,2.31,True,35.13,2026-09-08 13:04:41,4936.0,4863.72,Industrials,False,17018.2,
DIVISLAB.NS,9511.0,9199.21,10134.57,1,311.79,311.79,9511.0,2.0,72.7,2.3,2.1,True,31.73,2026-09-08 13:04:39,9315.0,8911.52,Healthcare,False,7507.2,⚠️ Sector Warning: You already have a signal in Healthcare today — taking this one too means doubling up on the same sector's risk.
LTFOODS.NS,460.0,433.29,513.41,16,26.71,427.36,7360.0,2.0,67.0,3.07,1.11,True,31.08,2026-09-08 13:04:44,454.95,436.95,Consumer Defensive,False,147.2,
PPLPHARMA.NS,226.77,216.06,248.19,46,10.71,492.61,10431.42,2.0,70.3,10.2,3.73,True,66.65,2026-09-08 13:18:56,218.61,211.82,Healthcare,False,39568.58,
PCBL.NS,326.6,313.58,352.64,38,13.02,494.68,12410.8,2.0,56.0,10.47,1.21,True,61.2,2026-09-08 13:18:55,322.7,319.8,Basic Materials,False,27157.78,
HAL.NS,5044.0,4889.93,5352.14,2,154.07,308.14,10088.0,2.0,65.1,4.38,2.19,True,34.27,2026-09-08 13:18:47,4936.0,4863.15,Industrials,False,17069.78,
PFOCUS.NS,317.05,296.76,357.62,24,20.29,486.9,7609.2,2.0,64.2,3.4,2.29,True,31.45,2026-09-08 13:18:56,309.95,292.44,Communication Services,False,9460.58,
DIVISLAB.NS,9502.5,9190.71,10126.07,0,311.79,0,0,2.0,72.5,2.19,2.01,True,31.34,2026-09-08 13:18:42,9315.0,8910.71,Healthcare,True,9460.58,⚠️ Sector Warning: You already have a signal in Healthcare today — taking this one too means doubling up on the same sector's risk.
PPLPHARMA.NS,226.45,215.74,247.87,46,10.71,492.61,10416.7,2.0,70.1,9.87,3.59,True,65.22,2026-09-08 13:28:55,218.61,211.79,Healthcare,False,39583.3,
PCBL.NS,326.0,312.98,352.04,38,13.02,494.68,12388.0,2.0,55.6,10.12,1.02,True,59.41,2026-09-08 13:28:55,322.7,319.74,Basic Materials,False,27195.3,
HAL.NS,5040.1,4886.03,5348.24,2,154.07,308.14,10080.2,2.0,64.9,4.22,2.11,True,33.64,2026-09-08 13:28:51,4936.0,4862.78,Industrials,False,17115.1,
PFOCUS.NS,315.55,295.26,356.12,24,20.29,486.9,7573.2,2.0,63.7,3.32,1.81,True,31.68,2026-09-08 13:28:55,309.95,292.3,Communication Services,False,9541.9,
DIVISLAB.NS,9504.0,9192.21,10127.57,1,311.79,311.79,9504.0,2.0,72.5,2.2,2.03,True,31.36,2026-09-08 13:28:49,9315.0,8910.86,Healthcare,False,37.9,⚠️ Sector Warning: You already have a signal in Healthcare today — taking this one too means doubling up on the same sector's risk.
PPLPHARMA.NS,226.0,215.29,247.42,46,10.71,492.61,10396.0,2.0,69.8,9.36,3.38,True,62.96,2026-09-08 13:46:49,218.61,211.75,Healthcare,False,39604.0,
PCBL.NS,323.9,310.88,349.94,38,13.02,494.68,12308.2,2.0,54.1,9.77,0.37,True,57.63,2026-09-08 13:46:49,322.7,319.54,Basic Materials,False,27295.8,
HAL.NS,5050.0,4895.93,5358.14,2,154.07,308.14,10100.0,2.0,65.4,4.01,2.31,True,32.2,2026-09-08 13:46:46,4936.0,4863.72,Industrials,False,17195.8,
PFOCUS.NS,315.45,295.16,356.03,24,20.29,486.9,7570.8,2.0,63.6,3.16,1.77,True,30.92,2026-09-08 13:46:50,309.95,292.29,Communication Services,False,9625.0,
DIVISLAB.NS,9502.0,9190.21,10125.57,1,311.79,311.79,9502.0,2.0,72.5,2.11,2.01,True,30.9,2026-09-08 13:46:45,9315.0,8910.67,Healthcare,False,123.0,⚠️ Sector Warning: You already have a signal in Healthcare today — taking this one too means doubling up on the same sector's risk.
PPLPHARMA.NS,226.2,215.49,247.62,46,10.71,492.61,10405.2,2.0,69.9,8.87,3.47,True,60.38,2026-09-08 14:04:03,218.61,211.77,Healthcare,False,39594.8,
PCBL.NS,323.7,310.68,349.74,38,13.02,494.68,12300.6,2.0,54.0,9.46,0.31,True,56.1,2026-09-08 14:04:02,322.7,319.52,Basic Materials,False,27294.2,
HAL.NS,5047.0,4892.93,5355.14,2,154.07,308.14,10094.0,2.0,65.2,3.85,2.25,True,31.5,2026-09-08 14:03:56,4936.0,4863.43,Industrials,False,17200.2,
PFOCUS.NS,314.25,293.96,354.83,24,20.29,486.9,7542.0,2.0,63.2,3.09,1.39,True,31.06,2026-09-08 14:04:04,309.95,292.17,Communication Services,False,9658.2,
DIVISLAB.NS,9515.0,9203.21,10138.57,1,311.79,311.79,9515.0,2.0,72.7,2.01,2.15,True,30.23,2026-09-08 14:03:54,9315.0,8911.91,Healthcare,False,143.2,⚠️ Sector Warning: You already have a signal in Healthcare today — taking this one too means doubling up on the same sector's risk.
PPLPHARMA.NS,225.03,214.32,246.45,46,10.71,492.61,10351.38,2.0,69.2,8.56,2.94,True,59.61,2026-09-08 14:18:30,218.61,211.65,Healthcare,False,39648.62,
PCBL.NS,323.85,310.83,349.89,38,13.02,494.68,12306.3,2.0,54.1,9.1,0.36,True,54.3,2026-09-08 14:18:30,322.7,319.54,Basic Materials,False,27342.32,
PFOCUS.NS,312.5,292.21,353.08,24,20.29,486.9,7500.0,2.0,62.6,2.98,0.82,True,31.26,2026-09-08 14:18:30,309.95,292.0,Communication Services,False,19842.32,
HAL.NS,5051.2,4897.13,5359.34,2,154.07,308.14,10102.4,2.0,65.4,3.71,2.33,True,30.65,2026-09-08 14:18:25,4936.0,4863.83,Industrials,False,9739.92,
DIVISLAB.NS,9528.0,9216.21,10151.57,1,311.79,311.79,9528.0,2.0,72.9,1.95,2.29,True,29.72,2026-09-08 14:18:23,9315.0,8913.14,Healthcare,False,211.92,⚠️ Sector Warning: You already have a signal in Healthcare today — taking this one too means doubling up on the same sector's risk.
PPLPHARMA.NS,225.87,215.16,247.29,46,10.71,492.61,10390.02,2.0,69.7,8.32,3.32,True,57.82,2026-09-08 14:29:30,218.61,211.73,Healthcare,False,39609.98,
PCBL.NS,324.4,311.38,350.44,38,13.02,494.68,12327.2,2.0,54.5,8.99,0.53,True,53.75,2026-09-08 14:29:29,322.7,319.59,Basic Materials,False,27282.78,
PFOCUS.NS,311.5,291.21,352.08,24,20.29,486.9,7476.0,2.0,62.2,2.92,0.5,True,31.15,2026-09-08 14:29:30,309.95,291.91,Communication Services,False,19806.78,
HAL.NS,5058.1,4904.03,5366.24,2,154.07,308.14,10116.2,2.0,65.7,3.65,2.47,True,30.1,2026-09-08 14:29:23,4936.0,4864.49,Industrials,False,9690.58,
HOMEFIRST.NS,1232.8,1188.06,1322.29,7,44.74,313.18,8629.6,2.0,63.5,3.75,0.31,True,30.05,2026-09-08 14:29:23,1229.0,1194.83,Financial Services,False,1060.98,
PPLPHARMA.NS,227.27,216.56,248.69,46,10.71,492.61,10454.42,2.0,70.6,8.05,3.96,True,55.59,2026-09-08 14:45:49,218.61,211.87,Healthcare,False,39545.58,
PCBL.NS,326.55,313.53,352.59,38,13.02,494.68,12408.9,2.0,56.0,8.76,1.19,True,52.63,2026-09-08 14:45:48,322.7,319.79,Basic Materials,False,27136.68,
HOMEFIRST.NS,1235.2,1190.46,1324.69,10,44.74,447.43,12352.0,2.0,64.0,4.3,0.5,True,32.38,2026-09-08 14:45:41,1229.0,1195.06,Financial Services,False,14784.68,
HAL.NS,5042.4,4888.33,5350.54,2,154.07,308.14,10084.8,2.0,65.0,3.6,2.16,True,30.43,2026-09-08 14:45:41,4936.0,4863.0,Industrials,False,4699.88,
PFOCUS.NS,314.8,294.51,355.37,14,20.29,284.06,4407.2,2.0,63.4,2.89,1.56,True,29.82,2026-09-08 14:45:49,309.95,292.22,Communication Services,False,292.68,
PPLPHARMA.NS,226.64,215.93,248.06,46,10.71,492.61,10425.44,2.0,70.2,7.78,3.67,True,54.64,2026-09-08 15:01:29,218.61,211.81,Healthcare,False,39574.56,
PCBL.NS,326.15,313.13,352.19,38,13.02,494.68,12393.7,2.0,55.7,9.15,1.07,True,54.6,2026-09-08 15:01:28,322.7,319.76,Basic Materials,False,27180.86,
HOMEFIRST.NS,1237.9,1193.16,1327.39,10,44.74,447.43,12379.0,2.0,64.6,4.23,0.72,True,31.61,2026-09-08 15:01:23,1229.0,1195.32,Financial Services,False,14801.86,
HAL.NS,5034.0,4879.93,5342.14,2,154.07,308.14,10068.0,2.0,64.6,3.66,1.99,True,31.07,2026-09-08 15:01:23,4936.0,4862.2,Industrials,False,4733.86,
PFOCUS.NS,314.55,294.26,355.12,15,20.29,304.35,4718.25,2.0,63.3,2.8,1.48,True,29.51,2026-09-08 15:01:29,309.95,292.2,Communication Services,False,15.61,
PCBL.NS,328.45,315.43,354.49,38,13.02,494.68,12481.1,2.0,57.2,9.28,1.78,True,55.19,2026-09-08 15:16:49,322.7,319.97,Basic Materials,False,37518.9,
PPLPHARMA.NS,227.01,216.3,248.43,46,10.71,492.61,10442.46,2.0,70.4,7.57,3.84,True,53.36,2026-09-08 15:16:49,218.61,211.84,Healthcare,False,27076.44,
HAL.NS,5039.0,4884.93,5347.14,2,154.07,308.14,10078.0,2.0,64.8,3.73,2.09,True,31.21,2026-09-08 15:16:43,4936.0,4862.67,Industrials,False,16998.44,
HOMEFIRST.NS,1238.3,1193.56,1327.79,10,44.74,447.43,12383.0,2.0,64.7,4.11,0.76,True,30.94,2026-09-08 15:16:43,1229.0,1195.36,Financial Services,False,4615.44,
PFOCUS.NS,313.9,293.61,354.47,14,20.29,284.06,4394.6,2.0,63.1,2.77,1.27,True,29.62,2026-09-08 15:16:49,309.95,292.14,Communication Services,False,220.84,
PCBL.NS,329.75,316.73,355.79,37,13.02,481.66,12200.75,2.0,58.1,9.68,2.18,True,57.17,2026-09-08 15:28:08,322.7,320.1,Basic Materials,False,37799.25,
PPLPHARMA.NS,226.04,215.33,247.46,46,10.71,492.61,10397.84,2.0,69.8,7.48,3.4,True,53.54,2026-09-08 15:28:08,218.61,211.75,Healthcare,False,27401.41,
HOMEFIRST.NS,1235.9,1191.16,1325.39,10,44.74,447.43,12359.0,2.0,64.2,4.01,0.56,True,30.82,2026-09-08 15:28:03,1229.0,1195.13,Financial Services,False,15042.41,
HAL.NS,5039.0,4884.93,5347.14,2,154.07,308.14,10078.0,2.0,64.8,3.62,2.09,True,30.65,2026-09-08 15:28:03,4936.0,4862.67,Industrials,False,4964.41,
PFOCUS.NS,313.55,293.26,354.12,15,20.29,304.35,4703.25,2.0,63.0,2.76,1.16,True,29.72,2026-09-08 15:28:09,309.95,292.1,Communication Services,False,261.16,
VIJAYA.NS,1565.0,1501.67,1691.66,7,63.33,443.33,10955.0,2.0,67.3,4.55,2.29,True,36.97,2026-09-09 09:24:06,1530.0,1483.93,Healthcare,False,39045.0,
CHENNPETRO.NS,1496.7,1423.04,1644.02,6,73.66,441.96,8980.2,2.0,67.4,2.92,1.47,True,36.18,2026-09-09 09:23:51,1475.0,1392.39,Energy,False,30064.8,
FINCABLES.NS,1338.6,1261.65,1492.49,6,76.95,461.68,8031.6,2.0,63.8,1.8,2.04,True,28.69,2026-09-09 09:23:53,1311.8,1237.3,Industrials,False,22033.2,
NAVINFLUOR.NS,8824.0,8498.88,9474.25,1,325.12,325.12,8824.0,2.0,66.0,1.38,0.8,True,23.84,2026-09-09 09:24:01,8754.0,8460.17,Basic Materials,False,13209.2,
IKS.NS,1820.2,1742.71,1975.17,6,77.49,464.91,10921.2,2.0,56.6,2.42,1.13,True,19.22,2026-09-09 09:23:56,1799.8,1777.78,Healthcare,False,2288.0,⚠️ Sector Warning: You already have a signal in Healthcare today — taking this one too means doubling up on the same sector's risk.
VIJAYA.NS,1536.9,1472.39,1665.92,7,64.51,451.58,10758.3,2.0,63.9,16.91,0.45,True,101.77,2026-09-09 09:38:12,1530.0,1481.25,Healthcare,False,39241.7,
PAYTM.NS,1738.0,1652.98,1908.04,5,85.02,425.09,8690.0,2.0,67.1,5.02,2.32,True,49.29,2026-09-09 09:38:08,1698.6,1622.32,Technology,False,30551.7,
CHENNPETRO.NS,1523.8,1450.14,1671.12,6,73.66,441.96,9142.8,2.0,69.5,5.6,3.31,True,47.14,2026-09-09 09:37:59,1475.0,1394.97,Energy,False,21408.9,
FINCABLES.NS,1344.2,1266.5,1499.59,6,77.7,466.18,8065.2,2.0,64.3,3.43,2.47,True,36.31,2026-09-09 09:38:01,1311.8,1237.83,Industrials,False,13343.7,
NAVINFLUOR.NS,8903.0,8572.95,9563.11,1,330.05,330.05,8903.0,2.0,67.7,3.02,1.7,True,30.61,2026-09-09 09:38:07,8754.0,8467.69,Basic Materials,False,4440.7,
VIJAYA.NS,1538.0,1473.49,1667.02,7,64.51,451.58,10766.0,2.0,64.0,20.17,0.52,True,117.94,2026-09-09 09:54:15,1530.0,1481.36,Healthcare,False,39234.0,
PAYTM.NS,1735.9,1649.36,1908.98,5,86.54,432.7,8679.5,2.0,67.0,7.3,2.2,True,60.85,2026-09-09 09:54:10,1698.6,1622.12,Technology,False,30554.5,
CHENNPETRO.NS,1518.5,1444.16,1667.17,6,74.34,446.01,9111.0,2.0,69.1,7.84,2.95,True,58.82,2026-09-09 09:54:00,1475.0,1394.46,Energy,False,21443.5,
PCBL.NS,336.3,322.96,362.99,37,13.34,493.75,12443.1,2.0,62.1,7.53,0.48,True,50.18,2026-09-09 09:54:10,334.7,321.56,Basic Materials,False,9000.4,
FINCABLES.NS,1353.4,1274.72,1510.77,6,78.68,472.1,8120.4,2.0,64.9,4.76,3.17,True,42.06,2026-09-09 09:54:02,1311.8,1238.71,Industrials,False,880.0,
CHENNPETRO.NS,1506.4,1432.06,1655.07,6,74.34,446.01,9038.4,2.0,68.2,9.05,2.13,True,65.94,2026-09-09 10:08:32,1475.0,1393.31,Energy,False,40961.6,
PAYTM.NS,1736.6,1650.06,1909.68,5,86.54,432.7,8683.0,2.0,67.0,8.02,2.24,True,64.42,2026-09-09 10:08:43,1698.6,1622.19,Technology,False,32278.6,
FINCABLES.NS,1358.0,1277.28,1519.44,6,80.72,484.31,8148.0,2.0,65.3,7.24,3.52,True,54.03,2026-09-09 10:08:34,1311.8,1239.15,Industrials,False,24130.6,
NAVINFLUOR.NS,8940.0,8607.43,9605.14,1,332.57,332.57,8940.0,2.0,68.4,4.95,2.12,True,39.59,2026-09-09 10:08:42,8754.0,8471.22,Basic Materials,False,15190.6,
ADANIENT.NS,3070.0,2941.58,3326.84,3,128.42,385.26,9210.0,2.0,55.7,6.59,3.54,True,37.23,2026-09-09 10:08:29,2965.0,2997.89,Energy,False,5980.6,⚠️ Sector Warning: You already have a signal in Energy today — taking this one too means doubling up on the same sector's risk.
CHENNPETRO.NS,1529.9,1455.14,1679.43,6,74.76,448.59,9179.4,2.0,69.9,9.07,3.72,True,63.96,2026-09-09 10:20:50,1475.0,1395.55,Energy,False,40820.6,
PAYTM.NS,1748.4,1661.86,1921.48,5,86.54,432.7,8742.0,2.0,67.8,7.18,2.93,True,59.28,2026-09-09 10:20:58,1698.6,1623.31,Technology,False,32078.6,
PCBL.NS,335.7,322.36,362.39,37,13.34,493.75,12420.9,2.0,61.7,8.96,0.3,True,57.32,2026-09-09 10:20:58,334.7,321.5,Basic Materials,False,19657.7,
FINCABLES.NS,1353.1,1272.38,1514.54,6,80.72,484.31,8118.6,2.0,64.9,6.66,3.15,True,51.61,2026-09-09 10:20:52,1311.8,1238.68,Industrials,False,11539.1,
AEGISLOG.NS,1340.2,1248.75,1523.09,5,91.45,457.23,6701.0,2.0,55.0,6.35,0.97,True,45.78,2026-09-09 10:20:48,1327.3,1296.2,Energy,False,4838.1,⚠️ Sector Warning: You already have a signal in Energy today — taking this one too means doubling up on the same sector's risk.
CHENNPETRO.NS,1530.0,1455.24,1679.53,6,74.76,448.59,9180.0,2.0,69.9,8.66,3.73,True,61.88,2026-09-09 10:29:49,1475.0,1395.56,Energy,False,40820.0,
PAYTM.NS,1741.6,1655.06,1914.68,5,86.54,432.7,8708.0,2.0,67.3,6.51,2.53,True,56.45,2026-09-09 10:29:57,1698.6,1622.66,Technology,False,32112.0,
PCBL.NS,336.5,323.16,363.19,37,13.34,493.75,12450.5,2.0,62.2,8.16,0.54,True,53.31,2026-09-09 10:29:57,334.7,321.58,Basic Materials,False,19661.5,
FINCABLES.NS,1352.6,1271.88,1514.04,6,80.72,484.31,8115.6,2.0,64.9,6.06,3.11,True,48.66,2026-09-09 10:29:51,1311.8,1238.63,Industrials,False,11545.9,
AEGISLOG.NS,1339.1,1247.65,1521.99,5,91.45,457.23,6695.5,2.0,54.9,5.9,0.89,True,43.55,2026-09-09 10:29:46,1327.3,1296.1,Energy,False,4850.4,⚠️ Sector Warning: You already have a signal in Energy today — taking this one too means doubling up on the same sector's risk.
CHENNPETRO.NS,1531.0,1455.94,1681.13,6,75.06,450.39,9186.0,2.0,70.0,7.89,3.8,True,57.96,2026-09-09 10:45:55,1475.0,1395.65,Energy,False,40814.0,
PAYTM.NS,1741.3,1654.76,1914.38,5,86.54,432.7,8706.5,2.0,67.3,5.67,2.51,True,52.27,2026-09-09 10:46:05,1698.6,1622.63,Technology,False,32107.5,
FINCABLES.NS,1351.0,1270.28,1512.44,6,80.72,484.31,8106.0,2.0,64.8,5.18,2.99,True,44.4,2026-09-09 10:45:56,1311.8,1238.48,Industrials,False,24001.5,
AEGISLOG.NS,1332.4,1240.95,1515.29,5,91.45,457.23,6662.0,2.0,54.3,5.28,0.38,True,40.64,2026-09-09 10:45:52,1327.3,1295.46,Energy,False,17339.5,⚠️ Sector Warning: You already have a signal in Energy today — taking this one too means doubling up on the same sector's risk.
NAVINFLUOR.NS,8860.5,8527.77,9525.96,1,332.73,332.73,8860.5,2.0,66.8,4.52,1.22,True,38.88,2026-09-09 10:46:04,8754.0,8463.64,Basic Materials,False,8479.0,
CHENNPETRO.NS,1530.3,1455.24,1680.43,6,75.06,450.39,9181.8,2.0,69.9,7.05,3.75,True,53.83,2026-09-09 11:00:11,1475.0,1395.59,Energy,False,40818.2,
PAYTM.NS,1739.2,1652.66,1912.28,5,86.54,432.7,8696.0,2.0,67.2,5.15,2.39,True,49.84,2026-09-09 11:00:22,1698.6,1622.43,Technology,False,32122.2,
PCBL.NS,337.25,323.9,363.95,37,13.35,493.95,12478.25,2.0,62.6,6.92,0.76,True,46.99,2026-09-09 11:00:22,334.7,321.65,Basic Materials,False,19643.95,
FINCABLES.NS,1366.5,1285.78,1527.94,6,80.72,484.31,8199.0,2.0,65.8,4.93,4.17,True,41.68,2026-09-09 11:00:13,1311.8,1239.96,Industrials,False,11444.95,
AEGISLOG.NS,1341.0,1249.55,1523.89,5,91.45,457.23,6705.0,2.0,55.1,4.77,1.03,True,37.87,2026-09-09 11:00:07,1327.3,1296.28,Energy,False,4739.95,⚠️ Sector Warning: You already have a signal in Energy today — taking this one too means doubling up on the same sector's risk.
CHENNPETRO.NS,1536.0,1460.81,1686.39,6,75.19,451.16,9216.0,2.0,70.3,6.52,4.14,True,50.69,2026-09-09 11:14:16,1475.0,1396.13,Energy,False,40784.0,
PAYTM.NS,1729.7,1643.16,1902.78,5,86.54,432.7,8648.5,2.0,66.5,4.77,1.83,True,48.73,2026-09-09 11:14:27,1698.6,1621.53,Technology,False,32135.5,
PCBL.NS,335.8,322.45,362.5,37,13.35,493.95,12424.6,2.0,61.8,6.21,0.33,True,43.59,2026-09-09 11:14:27,334.7,321.51,Basic Materials,False,19710.9,
FINCABLES.NS,1363.6,1282.88,1525.04,6,80.72,484.31,8181.6,2.0,65.6,4.76,3.95,True,41.1,2026-09-09 11:14:18,1311.8,1239.68,Industrials,False,11529.3,
AEGISLOG.NS,1347.0,1254.43,1532.14,5,92.57,462.86,6735.0,2.0,55.6,5.21,1.48,True,39.85,2026-09-09 11:14:11,1327.3,1296.85,Energy,False,4794.3,⚠️ Sector Warning: You already have a signal in Energy today — taking this one too means doubling up on the same sector's risk.
PAYTM.NS,1729.4,1642.86,1902.48,5,86.54,432.7,8647.0,2.0,66.5,4.52,1.81,True,47.47,2026-09-09 11:24:48,1698.6,1621.5,Technology,False,41353.0,
MRPL.NS,181.26,173.34,197.1,63,7.92,498.82,11419.38,2.0,61.3,6.32,0.71,True,44.73,2026-09-09 11:24:47,179.99,173.47,Energy,False,29933.62,
FINCABLES.NS,1363.2,1282.48,1524.64,6,80.72,484.31,8179.2,2.0,65.6,4.48,3.92,True,39.74,2026-09-09 11:24:43,1311.8,1239.64,Industrials,False,21754.42,
AEGISLOG.NS,1341.0,1248.43,1526.14,5,92.57,462.86,6705.0,2.0,55.1,5.14,1.03,True,39.68,2026-09-09 11:24:39,1327.3,1296.28,Energy,False,15049.42,⚠️ Sector Warning: You already have a signal in Energy today — taking this one too means doubling up on the same sector's risk.
ADANIENT.NS,3091.0,2955.63,3361.75,3,135.37,406.12,9273.0,2.0,57.1,6.65,4.25,True,37.47,2026-09-09 11:24:39,2965.0,2999.89,Energy,False,5776.42,⚠️ Sector Warning: You already have a signal in Energy today — taking this one too means doubling up on the same sector's risk.
MRPL.NS,182.66,174.58,198.83,61,8.08,493.12,11142.26,2.0,62.5,7.03,1.48,True,48.05,2026-09-09 11:38:21,179.99,173.61,Energy,False,38857.74,
PAYTM.NS,1742.7,1656.16,1915.78,5,86.54,432.7,8713.5,2.0,67.4,4.24,2.6,True,45.03,2026-09-09 11:38:23,1698.6,1622.77,Technology,False,30144.24,
AEGISLOG.NS,1331.6,1239.03,1516.74,5,92.57,462.86,6658.0,2.0,54.2,4.87,0.32,True,38.64,2026-09-09 11:38:12,1327.3,1295.38,Energy,False,23486.24,⚠️ Sector Warning: You already have a signal in Energy today — taking this one too means doubling up on the same sector's risk.
FINCABLES.NS,1367.1,1286.38,1528.54,6,80.72,484.31,8202.6,2.0,65.9,4.14,4.22,True,37.69,2026-09-09 11:38:16,1311.8,1240.01,Industrials,False,15283.64,
ADANIENT.NS,3102.4,2967.02,3373.15,3,135.37,406.12,9307.2,2.0,57.9,6.36,4.63,True,36.0,2026-09-09 11:38:12,2965.0,3000.98,Energy,False,5976.44,⚠️ Sector Warning: You already have a signal in Energy today — taking this one too means doubling up on the same sector's risk.
MRPL.NS,182.73,174.65,198.9,61,8.08,493.12,11146.53,2.0,62.6,7.08,1.52,True,48.26,2026-09-09 11:59:44,179.99,173.61,Energy,False,38853.47,
PAYTM.NS,1741.0,1654.46,1914.08,5,86.54,432.7,8705.0,2.0,67.3,3.83,2.5,True,43.11,2026-09-09 11:59:45,1698.6,1622.6,Technology,False,30148.47,
AEGISLOG.NS,1331.0,1238.43,1516.14,5,92.57,462.86,6655.0,2.0,54.1,4.42,0.28,True,36.42,2026-09-09 11:59:32,1327.3,1295.33,Energy,False,23493.47,⚠️ Sector Warning: You already have a signal in Energy today — taking this one too means doubling up on the same sector's risk.
FINCABLES.NS,1367.5,1286.78,1528.94,6,80.72,484.31,8205.0,2.0,65.9,3.75,4.25,True,35.68,2026-09-09 11:59:38,1311.8,1240.05,Industrials,False,15288.47,
ADANIENT.NS,3098.6,2963.23,3369.35,3,135.37,406.12,9295.8,2.0,57.6,5.67,4.51,True,32.54,2026-09-09 11:59:31,2965.0,3000.62,Energy,False,5992.67,⚠️ Sector Warning: You already have a signal in Energy today — taking this one too means doubling up on the same sector's risk.
MRPL.NS,184.2,175.98,200.65,60,8.22,493.39,11052.0,2.0,63.8,7.74,2.34,True,50.32,2026-09-09 12:18:33,179.99,173.75,Energy,False,38948.0,
PAYTM.NS,1735.4,1648.86,1908.48,5,86.54,432.7,8677.0,2.0,66.9,3.51,2.17,True,41.94,2026-09-09 12:18:34,1698.6,1622.07,Technology,False,30271.0,
FINCABLES.NS,1365.2,1284.37,1526.85,6,80.83,484.95,8191.2,2.0,65.8,3.56,4.07,True,34.92,2026-09-09 12:18:29,1311.8,1239.83,Industrials,False,22079.8,
NAVINFLUOR.NS,8867.0,8534.27,9532.46,1,332.73,332.73,8867.0,2.0,66.9,2.97,1.29,True,31.03,2026-09-09 12:18:33,8754.0,8464.26,Basic Materials,False,13212.8,
ADANIENT.NS,3093.5,2958.13,3364.25,3,135.37,406.12,9280.5,2.0,57.3,5.16,4.33,True,30.0,2026-09-09 12:18:25,2965.0,3000.13,Energy,False,3932.3,⚠️ Sector Warning: You already have a signal in Energy today — taking this one too means doubling up on the same sector's risk.
MRPL.NS,184.95,176.6,201.66,59,8.35,492.82,10912.05,2.0,64.4,8.23,2.76,True,52.17,2026-09-09 12:30:33,179.99,173.83,Energy,False,39087.95,
PAYTM.NS,1740.3,1653.76,1913.38,5,86.54,432.7,8701.5,2.0,67.3,3.34,2.45,True,40.71,2026-09-09 12:30:34,1698.6,1622.54,Technology,False,30386.45,
FINCABLES.NS,1365.6,1284.77,1527.25,6,80.83,484.95,8193.6,2.0,65.8,3.38,4.1,True,34.0,2026-09-09 12:30:28,1311.8,1239.87,Industrials,False,22192.85,
AEGISLOG.NS,1332.0,1239.43,1517.14,5,92.57,462.86,6660.0,2.0,54.2,3.88,0.35,True,33.66,2026-09-09 12:30:24,1327.3,1295.42,Energy,False,15532.85,⚠️ Sector Warning: You already have a signal in Energy today — taking this one too means doubling up on the same sector's risk.
NAVINFLUOR.NS,8874.0,8541.27,9539.46,1,332.73,332.73,8874.0,2.0,67.1,2.9,1.37,True,30.55,2026-09-09 12:30:34,8754.0,8464.93,Basic Materials,False,6658.85,
MRPL.NS,185.25,176.73,202.29,58,8.52,494.28,10744.5,2.0,64.7,9.47,2.92,True,58.12,2026-09-09 12:49:30,179.99,173.85,Energy,False,39255.5,
PAYTM.NS,1743.3,1656.76,1916.38,5,86.54,432.7,8716.5,2.0,67.5,3.1,2.63,True,39.29,2026-09-09 12:49:31,1698.6,1622.82,Technology,False,30539.0,
FINCABLES.NS,1364.1,1283.27,1525.75,6,80.83,484.95,8184.6,2.0,65.7,3.16,3.99,True,33.07,2026-09-09 12:49:22,1311.8,1239.73,Industrials,False,22354.4,
PCBL.NS,335.4,322.05,362.1,37,13.35,493.95,12409.8,2.0,61.6,3.95,0.21,True,32.28,2026-09-09 12:49:32,334.7,321.47,Basic Materials,False,9944.6,
AEGISLOG.NS,1331.4,1238.83,1516.54,5,92.57,462.86,6657.0,2.0,54.2,3.6,0.31,True,32.27,2026-09-09 12:49:18,1327.3,1295.36,Energy,False,3287.6,⚠️ Sector Warning: You already have a signal in Energy today — taking this one too means doubling up on the same sector's risk.
MRPL.NS,184.1,175.58,201.14,58,8.52,494.28,10677.8,2.0,63.8,9.26,2.28,True,58.01,2026-09-09 13:04:20,179.99,173.75,Energy,False,39322.2,
PAYTM.NS,1748.1,1661.56,1921.18,5,86.54,432.7,8740.5,2.0,67.8,2.98,2.91,True,38.3,2026-09-09 13:04:21,1698.6,1623.28,Technology,False,30581.7,
FINCABLES.NS,1367.7,1286.87,1529.35,6,80.83,484.95,8206.2,2.0,65.9,3.0,4.26,True,31.91,2026-09-09 13:04:13,1311.8,1240.07,Industrials,False,22375.5,
PCBL.NS,335.85,322.5,362.55,37,13.35,493.95,12426.45,2.0,61.8,3.76,0.34,True,31.33,2026-09-09 13:04:22,334.7,321.52,Basic Materials,False,9949.05,
AEGISLOG.NS,1330.9,1238.33,1516.04,5,92.57,462.86,6654.5,2.0,54.1,3.39,0.27,True,31.23,2026-09-09 13:04:07,1327.3,1295.32,Energy,False,3294.55,⚠️ Sector Warning: You already have a signal in Energy today — taking this one too means doubling up on the same sector's risk.
MRPL.NS,183.5,174.98,200.54,58,8.52,494.28,10643.0,2.0,63.3,9.19,1.95,True,58.18,2026-09-09 13:18:11,179.99,173.69,Energy,False,39357.0,
PAYTM.NS,1747.7,1660.73,1921.64,5,86.97,434.84,8738.5,2.0,67.8,2.98,2.89,True,38.32,2026-09-09 13:18:13,1698.6,1623.24,Technology,False,30618.5,
FINCABLES.NS,1362.1,1281.27,1523.75,6,80.83,484.95,8172.6,2.0,65.5,2.88,3.83,True,31.84,2026-09-09 13:18:06,1311.8,1239.54,Industrials,False,22445.9,
NAVINFLUOR.NS,8810.0,8477.27,9475.46,1,332.73,332.73,8810.0,2.0,65.7,2.7,0.64,True,30.71,2026-09-09 13:18:12,8754.0,8458.83,Basic Materials,False,13635.9,
AEGISLOG.NS,1331.9,1239.33,1517.04,5,92.57,462.86,6659.5,2.0,54.2,3.24,0.35,True,30.45,2026-09-09 13:18:01,1327.3,1295.41,Energy,False,6976.4,⚠️ Sector Warning: You already have a signal in Energy today — taking this one too means doubling up on the same sector's risk.
MRPL.NS,183.31,174.79,200.35,58,8.52,494.28,10631.98,2.0,63.1,9.0,1.84,True,57.37,2026-09-09 13:27:52,179.99,173.67,Energy,False,39368.02,
PAYTM.NS,1746.8,1659.83,1920.74,5,86.97,434.84,8734.0,2.0,67.7,2.89,2.84,True,37.95,2026-09-09 13:27:53,1698.6,1623.16,Technology,False,30634.02,
FINCABLES.NS,1362.1,1281.27,1523.75,6,80.83,484.95,8172.6,2.0,65.5,2.78,3.83,True,31.35,2026-09-09 13:27:48,1311.8,1239.54,Industrials,False,22461.42,
NAVINFLUOR.NS,8823.5,8490.77,9488.96,1,332.73,332.73,8823.5,2.0,66.0,2.62,0.79,True,30.09,2026-09-09 13:27:53,8754.0,8460.12,Basic Materials,False,13637.92,
PCBL.NS,335.8,322.45,362.5,37,13.35,493.95,12424.6,2.0,61.8,3.48,0.33,True,29.92,2026-09-09 13:27:53,334.7,321.51,Basic Materials,False,1213.32,⚠️ Sector Warning: You already have a signal in Basic Materials today — taking this one too means doubling up on the same sector's risk.
MRPL.NS,183.5,174.98,200.54,58,8.52,494.28,10643.0,2.0,63.3,8.69,1.95,True,55.65,2026-09-09 13:43:53,179.99,173.69,Energy,False,39357.0,
PAYTM.NS,1746.5,1659.53,1920.44,5,86.97,434.84,8732.5,2.0,67.7,2.76,2.82,True,37.31,2026-09-09 13:43:55,1698.6,1623.13,Technology,False,30624.5,
FINCABLES.NS,1359.5,1278.67,1521.15,6,80.83,484.95,8157.0,2.0,65.4,2.68,3.64,True,31.08,2026-09-09 13:43:43,1311.8,1239.29,Industrials,False,22467.5,
NAVINFLUOR.NS,8814.5,8481.77,9479.96,1,332.73,332.73,8814.5,2.0,65.8,2.52,0.69,True,29.72,2026-09-09 13:43:54,8754.0,8459.26,Basic Materials,False,13653.0,
PCBL.NS,336.35,323.0,363.05,37,13.35,493.95,12444.95,2.0,62.1,3.33,0.49,True,29.18,2026-09-09 13:43:55,334.7,321.56,Basic Materials,False,1208.05,⚠️ Sector Warning: You already have a signal in Basic Materials today — taking this one too means doubling up on the same sector's risk.
MRPL.NS,183.7,175.18,200.74,58,8.52,494.28,10654.6,2.0,63.4,8.33,2.06,True,53.67,2026-09-09 14:00:05,179.99,173.71,Energy,False,39345.4,
PAYTM.NS,1748.6,1661.63,1922.54,5,86.97,434.84,8743.0,2.0,67.8,2.64,2.94,True,36.57,2026-09-09 14:00:06,1698.6,1623.33,Technology,False,30602.4,
PCBL.NS,337.15,323.53,364.39,36,13.62,490.24,12137.4,2.0,62.5,3.77,0.73,True,31.3,2026-09-09 14:00:06,334.7,321.64,Basic Materials,False,18465.0,
FINCABLES.NS,1362.5,1281.67,1524.15,6,80.83,484.95,8175.0,2.0,65.6,2.55,3.86,True,30.15,2026-09-09 14:00:01,1311.8,1239.57,Industrials,False,10290.0,
NAVINFLUOR.NS,8829.5,8496.77,9494.96,1,332.73,332.73,8829.5,2.0,66.2,2.41,0.86,True,28.9,2026-09-09 14:00:06,8754.0,8460.69,Basic Materials,False,1460.5,⚠️ Sector Warning: You already have a signal in Basic Materials today — taking this one too means doubling up on the same sector's risk.
MRPL.NS,184.86,176.34,201.9,58,8.52,494.28,10721.88,2.0,64.4,8.31,2.71,True,52.66,2026-09-09 14:15:18,179.99,173.82,Energy,False,39278.12,
PAYTM.NS,1746.1,1659.13,1920.04,5,86.97,434.84,8730.5,2.0,67.7,2.55,2.8,True,36.33,2026-09-09 14:15:19,1698.6,1623.09,Technology,False,30547.62,
PCBL.NS,337.7,324.08,364.94,36,13.62,490.24,12157.2,2.0,62.8,3.79,0.9,True,31.13,2026-09-09 14:15:19,334.7,321.69,Basic Materials,False,18390.42,
FINCABLES.NS,1365.0,1284.17,1526.65,6,80.83,484.95,8190.0,2.0,65.7,2.45,4.06,True,29.42,2026-09-09 14:15:14,1311.8,1239.81,Industrials,False,10200.42,
NAVINFLUOR.NS,8824.0,8491.27,9489.46,1,332.73,332.73,8824.0,2.0,66.0,2.32,0.8,True,28.56,2026-09-09 14:15:18,8754.0,8460.17,Basic Materials,False,1376.42,⚠️ Sector Warning: You already have a signal in Basic Materials today — taking this one too means doubling up on the same sector's risk.
MRPL.NS,184.4,175.88,201.44,58,8.52,494.28,10695.2,2.0,64.0,8.15,2.45,True,52.21,2026-09-09 14:26:39,179.99,173.77,Energy,False,39304.8,
PAYTM.NS,1754.2,1667.23,1928.14,5,86.97,434.84,8771.0,2.0,68.2,2.59,3.27,True,35.88,2026-09-09 14:26:41,1698.6,1623.86,Technology,False,30533.8,
AEGISLOG.NS,1338.0,1247.41,1519.18,5,90.59,452.95,6690.0,2.0,55.3,3.76,0.81,True,32.6,2026-09-09 14:26:28,1327.3,1293.97,Energy,False,23843.8,⚠️ Sector Warning: You already have a signal in Energy today — taking this one too means doubling up on the same sector's risk.
PCBL.NS,336.3,322.68,363.54,36,13.62,490.24,12106.8,2.0,62.1,3.69,0.48,True,30.95,2026-09-09 14:26:41,334.7,321.56,Basic Materials,False,11737.0,
ADANIENT.NS,3102.7,2964.13,3379.84,3,138.57,415.7,9308.1,2.0,58.6,5.28,4.51,True,30.88,2026-09-09 14:26:28,2968.8,2997.8,Energy,False,2428.9,⚠️ Sector Warning: You already have a signal in Energy today — taking this one too means doubling up on the same sector's risk.
MRPL.NS,184.48,175.96,201.52,58,8.52,494.28,10699.84,2.0,64.1,8.05,2.49,True,51.64,2026-09-09 14:40:08,179.99,173.78,Energy,False,39300.16,
PAYTM.NS,1749.5,1662.33,1923.84,5,87.17,435.86,8747.5,2.0,67.9,2.59,3.0,True,36.24,2026-09-09 14:40:09,1698.6,1623.41,Technology,False,30552.66,
AEGISLOG.NS,1341.0,1250.41,1522.18,5,90.59,452.95,6705.0,2.0,55.5,3.8,1.03,True,32.71,2026-09-09 14:40:00,1327.3,1294.26,Energy,False,23847.66,⚠️ Sector Warning: You already have a signal in Energy today — taking this one too means doubling up on the same sector's risk.
ADANIENT.NS,3100.0,2961.43,3377.14,3,138.57,415.7,9300.0,2.0,58.5,5.15,4.42,True,30.22,2026-09-09 14:40:00,2968.8,2997.55,Energy,False,14547.66,⚠️ Sector Warning: You already have a signal in Energy today — taking this one too means doubling up on the same sector's risk.
FINCABLES.NS,1362.1,1281.27,1523.75,6,80.83,484.95,8172.6,2.0,65.5,2.31,3.83,True,28.97,2026-09-09 14:40:04,1311.8,1239.54,Industrials,False,6375.06,
MRPL.NS,184.58,176.06,201.62,58,8.52,494.28,10705.64,2.0,64.1,7.86,2.55,True,50.65,2026-09-09 14:57:29,179.99,173.79,Energy,False,39294.36,
PAYTM.NS,1753.4,1666.23,1927.74,5,87.17,435.86,8767.0,2.0,68.1,2.61,3.23,True,36.02,2026-09-09 14:57:31,1698.6,1623.79,Technology,False,30527.36,
AEGISLOG.NS,1342.8,1252.21,1523.98,5,90.59,452.95,6714.0,2.0,55.7,3.71,1.17,True,32.19,2026-09-09 14:57:21,1327.3,1294.43,Energy,False,23813.36,⚠️ Sector Warning: You already have a signal in Energy today — taking this one too means doubling up on the same sector's risk.
ADANIENT.NS,3101.0,2962.43,3378.14,3,138.57,415.7,9303.0,2.0,58.5,5.01,4.45,True,29.51,2026-09-09 14:57:21,2968.8,2997.64,Energy,False,14510.36,⚠️ Sector Warning: You already have a signal in Energy today — taking this one too means doubling up on the same sector's risk.
FINCABLES.NS,1363.0,1282.17,1524.65,6,80.83,484.95,8178.0,2.0,65.6,2.24,3.9,True,28.55,2026-09-09 14:57:24,1311.8,1239.62,Industrials,False,6332.36,
MRPL.NS,184.55,176.03,201.59,58,8.52,494.28,10703.9,2.0,64.1,7.94,2.53,True,51.03,2026-09-09 15:12:09,179.99,173.79,Energy,False,39296.1,
PAYTM.NS,1754.1,1666.93,1928.44,5,87.17,435.86,8770.5,2.0,68.2,2.67,3.27,True,36.27,2026-09-09 15:12:10,1698.6,1623.85,Technology,False,30525.6,
AEGISLOG.NS,1343.0,1252.41,1524.18,5,90.59,452.95,6715.0,2.0,55.7,3.67,1.18,True,31.99,2026-09-09 15:12:00,1327.3,1294.45,Energy,False,23810.6,⚠️ Sector Warning: You already have a signal in Energy today — taking this one too means doubling up on the same sector's risk.
PCBL.NS,335.5,321.88,362.74,36,13.62,490.24,12078.0,2.0,61.6,3.46,0.24,True,29.85,2026-09-09 15:12:10,334.7,321.48,Basic Materials,False,11732.6,
FINCABLES.NS,1352.0,1271.17,1513.65,6,80.83,484.95,8112.0,2.0,64.8,2.24,3.06,True,29.59,2026-09-09 15:12:05,1311.8,1238.57,Industrials,False,3620.6,
MRPL.NS,184.35,175.83,201.39,58,8.52,494.28,10692.3,2.0,64.0,7.88,2.42,True,50.92,2026-09-09 15:23:55,179.99,173.77,Energy,False,39307.7,
PAYTM.NS,1753.0,1665.83,1927.34,5,87.17,435.86,8765.0,2.0,68.1,2.64,3.2,True,36.2,2026-09-09 15:23:57,1698.6,1623.75,Technology,False,30542.7,
AEGISLOG.NS,1342.0,1251.41,1523.18,5,90.59,452.95,6710.0,2.0,55.6,3.73,1.11,True,32.33,2026-09-09 15:23:47,1327.3,1294.35,Energy,False,23832.7,⚠️ Sector Warning: You already have a signal in Energy today — taking this one too means doubling up on the same sector's risk.
FINCABLES.NS,1352.9,1272.07,1514.55,6,80.83,484.95,8117.4,2.0,64.9,2.21,3.13,True,29.39,2026-09-09 15:23:51,1311.8,1238.66,Industrials,False,15715.3,
ADANIENT.NS,3104.2,2965.63,3381.34,3,138.57,415.7,9312.6,2.0,58.7,4.9,4.56,True,28.98,2026-09-09 15:23:47,2968.8,2997.95,Energy,False,6402.7,⚠️ Sector Warning: You already have a signal in Energy today — taking this one too means doubling up on the same sector's risk.
REDINGTON.NS,383.7,362.49,426.12,23,21.21,487.81,8825.1,2.0,68.0,5.37,0.26,True,52.98,2026-09-10 09:24:00,382.7,359.48,Technology,False,41174.9,
MRPL.NS,188.32,179.37,206.22,55,8.95,492.35,10357.6,2.0,67.1,2.58,0.71,True,25.64,2026-09-10 09:23:57,186.99,175.16,Energy,False,30817.3,
AEGISLOG.NS,1362.5,1280.2,1527.09,6,82.3,493.78,8175.0,2.0,57.6,1.64,0.28,True,23.81,2026-09-10 09:23:45,1358.7,1300.96,Energy,False,22642.3,⚠️ Sector Warning: You already have a signal in Energy today — taking this one too means doubling up on the same sector's risk.
OIL.NS,510.9,492.19,548.33,24,18.71,449.14,12261.6,2.0,71.3,1.89,1.19,True,21.09,2026-09-10 09:23:58,504.9,483.22,Energy,False,10380.7,⚠️ Sector Warning: You already have a signal in Energy today — taking this one too means doubling up on the same sector's risk.
ASAHIINDIA.NS,982.3,952.84,1041.22,10,29.46,294.6,9823.0,2.0,68.3,1.49,1.29,True,19.36,2026-09-10 09:23:46,969.8,947.16,Consumer Cyclical,False,557.7,
JINDALSAW.NS,317.6,300.68,351.44,29,16.92,490.62,9210.4,2.0,71.0,2.41,0.73,True,30.94,2026-09-10 09:37:35,315.3,298.5,Basic Materials,False,40789.6,
OIL.NS,511.25,492.54,548.68,24,18.71,449.14,12270.0,2.0,71.4,3.02,1.26,True,26.63,2026-09-10 09:37:39,504.9,483.25,Energy,False,28519.6,
PCBL.NS,343.75,329.96,371.33,36,13.79,496.41,12375.0,2.0,66.0,2.68,0.66,True,25.11,2026-09-10 09:37:39,341.5,323.56,Basic Materials,False,16144.6,⚠️ Sector Warning: You already have a signal in Basic Materials today — taking this one too means doubling up on the same sector's risk.
ASAHIINDIA.NS,986.05,956.59,1044.97,12,29.46,353.51,11832.6,2.0,69.2,2.53,1.68,True,23.85,2026-09-10 09:37:24,969.8,947.52,Consumer Cyclical,False,4312.0,
JINDALSAW.NS,317.65,300.72,351.51,29,16.93,490.93,9211.85,2.0,71.0,2.51,0.75,True,31.42,2026-09-10 09:38:31,315.3,298.51,Basic Materials,False,40788.15,
OIL.NS,510.6,491.89,548.03,24,18.71,449.14,12254.4,2.0,71.2,3.05,1.13,True,26.99,2026-09-10 09:38:35,504.9,483.19,Energy,False,28533.75,
PCBL.NS,343.2,329.41,370.78,36,13.79,496.41,12355.2,2.0,65.8,2.74,0.5,True,25.62,2026-09-10 09:38:35,341.5,323.5,Basic Materials,False,16178.55,⚠️ Sector Warning: You already have a signal in Basic Materials today — taking this one too means doubling up on the same sector's risk.
ASAHIINDIA.NS,986.95,957.49,1045.87,12,29.46,353.51,11843.4,2.0,69.5,2.6,1.77,True,24.0,2026-09-10 09:38:24,969.8,947.6,Consumer Cyclical,False,4335.15,
REDINGTON.NS,386.45,365.24,428.87,23,21.21,487.81,8888.35,2.0,68.9,8.74,0.98,True,68.83,2026-09-10 09:54:02,382.7,359.75,Technology,False,41111.65,
OIL.NS,509.0,490.29,546.43,24,18.71,449.14,12216.0,2.0,70.6,4.05,0.81,True,32.5,2026-09-10 09:54:00,504.9,483.04,Energy,False,28895.65,
ASAHIINDIA.NS,986.8,956.76,1046.87,12,30.04,360.45,11841.6,2.0,69.4,4.11,1.75,True,31.62,2026-09-10 09:53:45,969.8,947.59,Consumer Cyclical,False,17054.05,
PCBL.NS,345.15,331.36,372.73,36,13.79,496.41,12425.4,2.0,66.7,3.59,1.07,True,29.0,2026-09-10 09:54:00,341.5,323.69,Basic Materials,False,4628.65,
FINCABLES.NS,1353.3,1274.96,1509.98,3,78.34,235.02,4059.9,2.0,64.9,1.2,3.16,True,24.32,2026-09-10 09:53:51,1311.8,1238.7,Industrials,False,568.75,
REDINGTON.NS,387.75,366.54,430.17,23,21.21,487.81,8918.25,2.0,69.3,9.78,1.32,True,73.6,2026-09-10 10:08:19,382.7,359.87,Technology,False,41081.75,
OIL.NS,510.45,491.74,547.88,24,18.71,449.14,12250.8,2.0,71.1,4.76,1.1,True,35.57,2026-09-10 10:08:16,504.9,483.18,Energy,False,28830.95,
ASAHIINDIA.NS,989.55,959.51,1049.62,12,30.04,360.45,11874.6,2.0,70.1,4.8,2.04,True,34.54,2026-09-10 10:08:03,969.8,947.85,Consumer Cyclical,False,16956.35,
PCBL.NS,343.85,330.06,371.43,36,13.79,496.41,12378.6,2.0,66.1,4.24,0.69,True,32.82,2026-09-10 10:08:16,341.5,323.57,Basic Materials,False,4577.75,
FINCABLES.NS,1351.5,1273.16,1508.18,3,78.34,235.02,4054.5,2.0,64.8,1.33,3.03,True,25.15,2026-09-10 10:08:06,1311.8,1238.53,Industrials,False,523.25,
REDINGTON.NS,385.05,363.84,427.47,23,21.21,487.81,8856.15,2.0,68.4,9.17,0.61,True,71.49,2026-09-10 10:21:10,382.7,359.61,Technology,False,41143.85,
OIL.NS,510.25,491.54,547.68,24,18.71,449.14,12246.0,2.0,71.0,4.51,1.06,True,34.4,2026-09-10 10:21:07,504.9,483.16,Energy,False,28897.85,
ASAHIINDIA.NS,984.2,954.16,1044.28,12,30.04,360.45,11810.4,2.0,68.8,4.36,1.48,True,33.32,2026-09-10 10:20:44,969.8,947.34,Consumer Cyclical,False,17087.45,
FINCABLES.NS,1343.0,1264.66,1499.68,6,78.34,470.04,8058.0,2.0,64.2,1.23,2.38,True,25.46,2026-09-10 10:20:53,1311.8,1237.72,Industrials,False,9029.45,
JSWINFRA.NS,339.95,327.59,364.67,26,12.36,321.36,8838.7,2.0,55.4,2.01,0.38,True,21.03,2026-09-10 10:21:00,338.65,335.33,Industrials,False,190.75,⚠️ Sector Warning: You already have a signal in Industrials today — taking this one too means doubling up on the same sector's risk.
REDINGTON.NS,383.95,362.74,426.37,23,21.21,487.81,8830.85,2.0,68.0,8.5,0.33,True,68.57,2026-09-10 10:30:01,382.7,359.51,Technology,False,41169.15,
OIL.NS,510.5,491.79,547.93,24,18.71,449.14,12252.0,2.0,71.1,4.09,1.11,True,32.23,2026-09-10 10:30:00,504.9,483.18,Energy,False,28917.15,
ASAHIINDIA.NS,983.9,953.86,1043.98,12,30.04,360.45,11806.8,2.0,68.7,3.93,1.45,True,31.26,2026-09-10 10:29:48,969.8,947.31,Consumer Cyclical,False,17110.35,
JSWINFRA.NS,340.3,327.94,365.02,36,12.36,444.92,12250.8,2.0,55.7,1.81,0.49,True,20.03,2026-09-10 10:29:56,338.65,335.36,Industrials,False,4859.55,
REDINGTON.NS,384.95,363.74,427.37,23,21.21,487.81,8853.85,2.0,68.4,7.36,0.59,True,62.51,2026-09-10 10:46:07,382.7,359.6,Technology,False,41146.15,
OIL.NS,507.9,489.19,545.33,24,18.71,449.14,12189.6,2.0,70.2,3.81,0.59,True,31.63,2026-09-10 10:46:03,504.9,482.93,Energy,False,28956.55,
ASAHIINDIA.NS,985.15,955.11,1045.23,12,30.04,360.45,11821.8,2.0,69.0,3.34,1.58,True,28.06,2026-09-10 10:45:50,969.8,947.43,Consumer Cyclical,False,17134.75,
JSWINFRA.NS,341.45,329.09,366.17,36,12.36,444.92,12292.2,2.0,56.6,1.54,0.83,True,18.73,2026-09-10 10:45:59,338.65,335.47,Industrials,False,4842.55,
OIL.NS,507.9,489.19,545.33,24,18.71,449.14,12189.6,2.0,70.2,3.48,0.59,True,30.02,2026-09-10 10:59:53,504.9,482.93,Energy,False,37810.4,
ASAHIINDIA.NS,977.95,947.91,1038.03,12,30.04,360.45,11735.4,2.0,67.2,3.14,0.84,True,28.48,2026-09-10 10:59:41,969.8,946.75,Consumer Cyclical,False,26075.0,
JSWINFRA.NS,342.05,329.69,366.77,36,12.36,444.92,12313.8,2.0,57.0,1.5,1.0,True,18.58,2026-09-10 10:59:49,338.65,335.53,Industrials,False,13761.2,
OIL.NS,507.5,488.79,544.93,24,18.71,449.14,12180.0,2.0,70.0,3.27,0.51,True,29.07,2026-09-10 11:13:46,504.9,482.9,Energy,False,37820.0,
ASAHIINDIA.NS,977.0,946.96,1037.08,12,30.04,360.45,11724.0,2.0,66.9,2.83,0.74,True,27.09,2026-09-10 11:13:34,969.8,946.66,Consumer Cyclical,False,26096.0,
JSWINFRA.NS,341.75,329.39,366.47,36,12.36,444.92,12303.0,2.0,56.8,1.41,0.92,True,18.08,2026-09-10 11:13:41,338.65,335.5,Industrials,False,13793.0,
REDINGTON.NS,384.15,362.94,426.57,23,21.21,487.81,8835.45,2.0,68.1,5.74,0.38,True,54.68,2026-09-10 11:24:15,382.7,359.53,Technology,False,41164.55,
OIL.NS,507.15,488.44,544.58,24,18.71,449.14,12171.6,2.0,69.9,3.06,0.45,True,28.16,2026-09-10 11:24:13,504.9,482.86,Energy,False,28992.95,
ASAHIINDIA.NS,976.2,946.16,1036.28,12,30.04,360.45,11714.4,2.0,66.7,2.65,0.66,True,26.34,2026-09-10 11:23:58,969.8,946.58,Consumer Cyclical,False,17278.55,
JSWINFRA.NS,342.4,329.94,367.31,36,12.46,448.39,12326.4,2.0,57.3,1.5,1.11,True,18.57,2026-09-10 11:24:08,338.65,335.56,Industrials,False,4952.15,
REDINGTON.NS,389.7,368.49,432.12,23,21.21,487.81,8963.1,2.0,69.8,5.79,1.83,True,52.96,2026-09-10 11:36:18,382.7,360.06,Technology,False,41036.9,
OIL.NS,506.9,488.19,544.33,24,18.71,449.14,12165.6,2.0,69.8,2.85,0.4,True,27.15,2026-09-10 11:36:15,504.9,482.84,Energy,False,28871.3,
ASAHIINDIA.NS,976.05,946.01,1036.12,12,30.04,360.45,11712.6,2.0,66.6,2.48,0.64,True,25.53,2026-09-10 11:35:59,969.8,946.56,Consumer Cyclical,False,17158.7,
EMCURE.NS,1978.0,1906.29,2121.41,6,71.71,430.23,11868.0,2.0,64.9,2.17,0.91,True,21.78,2026-09-10 11:36:03,1960.1,1900.37,Healthcare,False,5290.7,
JSWINFRA.NS,344.7,332.16,369.78,15,12.54,188.1,5170.5,2.0,58.9,1.46,1.79,True,18.44,2026-09-10 11:36:09,338.65,335.78,Industrials,False,120.2,
REDINGTON.NS,397.3,375.58,440.75,23,21.72,499.63,9137.9,2.0,71.9,7.29,3.81,True,57.9,2026-09-10 11:58:08,382.7,360.78,Technology,False,40862.1,
SONACOMS.NS,809.45,778.54,871.27,15,30.91,463.66,12141.75,2.0,57.1,1.48,0.38,True,25.2,2026-09-10 11:58:09,806.4,798.08,Consumer Cyclical,False,28720.35,
ASAHIINDIA.NS,976.3,946.26,1036.37,12,30.04,360.45,11715.6,2.0,66.7,2.25,0.67,True,24.34,2026-09-10 11:57:56,969.8,946.59,Consumer Cyclical,False,17004.75,⚠️ Sector Warning: You already have a signal in Consumer Cyclical today — taking this one too means doubling up on the same sector's risk.
EMCURE.NS,1978.0,1906.29,2121.41,6,71.71,430.23,11868.0,2.0,64.9,2.23,0.91,True,22.07,2026-09-10 11:57:59,1960.1,1900.37,Healthcare,False,5136.75,
JSWINFRA.NS,344.1,331.53,369.24,14,12.57,175.98,4817.4,2.0,58.5,1.4,1.61,True,18.13,2026-09-10 11:58:02,338.65,335.72,Industrials,False,319.35,
REDINGTON.NS,398.7,376.98,442.15,23,21.72,499.63,9170.1,2.0,72.3,7.03,4.18,True,56.09,2026-09-10 12:16:27,382.7,360.91,Technology,False,40829.9,
SONACOMS.NS,811.85,780.66,874.23,15,31.19,467.84,12177.75,2.0,57.8,1.7,0.68,True,26.34,2026-09-10 12:16:28,806.4,798.31,Consumer Cyclical,False,28652.15,
ASAHIINDIA.NS,977.85,947.81,1037.92,12,30.04,360.45,11734.2,2.0,67.1,2.05,0.83,True,23.02,2026-09-10 12:16:12,969.8,946.74,Consumer Cyclical,False,16917.95,⚠️ Sector Warning: You already have a signal in Consumer Cyclical today — taking this one too means doubling up on the same sector's risk.
EMCURE.NS,1979.9,1908.19,2123.31,6,71.71,430.23,11879.4,2.0,65.1,2.11,1.01,True,21.34,2026-09-10 12:16:16,1960.1,1900.55,Healthcare,False,5038.55,
EMMVEE.NS,336.25,322.78,363.19,14,13.47,188.58,4707.5,2.0,59.7,1.88,0.46,True,19.61,2026-09-10 12:16:16,334.7,326.35,Technology,False,331.05,⚠️ Sector Warning: You already have a signal in Technology today — taking this one too means doubling up on the same sector's risk.
REDINGTON.NS,397.15,375.43,440.6,23,21.72,499.63,9134.45,2.0,71.9,6.73,3.78,True,55.13,2026-09-10 12:29:35,382.7,360.76,Technology,False,40865.55,
SONACOMS.NS,810.65,779.39,873.17,15,31.26,468.88,12159.75,2.0,57.5,1.7,0.53,True,26.31,2026-09-10 12:29:38,806.4,798.2,Consumer Cyclical,False,28705.8,
ASAHIINDIA.NS,976.0,945.96,1036.08,12,30.04,360.45,11712.0,2.0,66.6,1.93,0.64,True,22.79,2026-09-10 12:29:14,969.8,946.56,Consumer Cyclical,False,16993.8,⚠️ Sector Warning: You already have a signal in Consumer Cyclical today — taking this one too means doubling up on the same sector's risk.
EMCURE.NS,1977.1,1905.39,2120.51,6,71.71,430.23,11862.6,2.0,64.8,2.06,0.87,True,21.31,2026-09-10 12:29:17,1960.1,1900.29,Healthcare,False,5131.2,
EMMVEE.NS,337.0,323.53,363.94,15,13.47,202.05,5055.0,2.0,60.3,1.98,0.69,True,20.12,2026-09-10 12:29:18,334.7,326.42,Technology,False,76.2,⚠️ Sector Warning: You already have a signal in Technology today — taking this one too means doubling up on the same sector's risk.
REDINGTON.NS,394.5,372.78,437.95,23,21.72,499.63,9073.5,2.0,71.2,6.65,3.08,True,55.62,2026-09-10 12:47:18,382.7,360.51,Technology,False,40926.5,
SONACOMS.NS,809.75,778.49,872.27,15,31.26,468.88,12146.25,2.0,57.2,1.65,0.42,True,26.09,2026-09-10 12:47:18,806.4,798.11,Consumer Cyclical,False,28780.25,
ASAHIINDIA.NS,972.15,942.11,1032.23,12,30.04,360.45,11665.8,2.0,65.5,1.9,0.24,True,23.44,2026-09-10 12:47:07,969.8,946.19,Consumer Cyclical,False,17114.45,⚠️ Sector Warning: You already have a signal in Consumer Cyclical today — taking this one too means doubling up on the same sector's risk.
CHOLAFIN.NS,1864.2,1799.28,1994.04,6,64.92,389.51,11185.2,2.0,53.3,2.6,0.23,True,22.81,2026-09-10 12:47:09,1859.9,1850.27,Financial Services,False,5929.25,
EMCURE.NS,1976.0,1904.29,2119.41,3,71.71,215.13,5928.0,2.0,64.7,1.95,0.81,True,20.88,2026-09-10 12:47:11,1960.1,1900.18,Healthcare,False,1.25,
REDINGTON.NS,392.7,370.98,436.15,23,21.72,499.63,9032.1,2.0,70.7,6.33,2.61,True,54.61,2026-09-10 13:03:08,382.7,360.34,Technology,False,40967.9,
SONACOMS.NS,809.5,778.24,872.02,15,31.26,468.88,12142.5,2.0,57.1,1.61,0.38,True,25.86,2026-09-10 13:03:09,806.4,798.09,Consumer Cyclical,False,28825.4,
CHOLAFIN.NS,1864.9,1799.98,1994.74,6,64.92,389.51,11189.4,2.0,53.4,2.76,0.27,True,23.63,2026-09-10 13:02:50,1859.9,1850.33,Financial Services,False,17636.0,
EMMVEE.NS,339.4,325.69,366.83,36,13.71,493.71,12218.4,2.0,61.9,2.66,1.4,True,23.52,2026-09-10 13:02:51,334.7,326.65,Technology,False,5417.6,⚠️ Sector Warning: You already have a signal in Technology today — taking this one too means doubling up on the same sector's risk.
ASAHIINDIA.NS,979.5,949.46,1039.58,5,30.04,150.2,4897.5,2.0,67.6,1.9,1.0,True,21.95,2026-09-10 13:02:47,969.8,946.89,Consumer Cyclical,False,520.1,⚠️ Sector Warning: You already have a signal in Consumer Cyclical today — taking this one too means doubling up on the same sector's risk.
REDINGTON.NS,393.0,371.28,436.45,23,21.72,499.63,9039.0,2.0,70.8,6.04,2.69,True,53.1,2026-09-10 13:17:12,382.7,360.37,Technology,False,40961.0,
EMMVEE.NS,340.7,326.91,368.28,36,13.79,496.41,12265.2,2.0,62.7,3.17,1.79,True,25.91,2026-09-10 13:17:05,334.7,326.77,Technology,False,28695.8,⚠️ Sector Warning: You already have a signal in Technology today — taking this one too means doubling up on the same sector's risk.
CHOLAFIN.NS,1863.9,1798.98,1993.74,6,64.92,389.51,11183.4,2.0,53.3,2.7,0.22,True,23.28,2026-09-10 13:17:04,1859.9,1850.24,Financial Services,False,17512.4,
EMCURE.NS,1971.9,1900.19,2115.31,6,71.71,430.23,11831.4,2.0,64.2,1.99,0.6,True,21.48,2026-09-10 13:17:05,1960.1,1899.79,Healthcare,False,5681.0,
ASAHIINDIA.NS,979.45,949.41,1039.53,5,30.04,150.2,4897.25,2.0,67.6,1.8,1.0,True,21.46,2026-09-10 13:17:02,969.8,946.89,Consumer Cyclical,False,783.75,
REDINGTON.NS,393.7,371.98,437.15,23,21.72,499.63,9055.1,2.0,71.0,5.87,2.87,True,52.0,2026-09-10 13:27:17,382.7,360.44,Technology,False,40944.9,
EMMVEE.NS,342.2,328.22,370.15,35,13.98,489.19,11977.0,2.0,63.6,3.5,2.24,True,26.78,2026-09-10 13:27:10,334.7,326.92,Technology,False,28967.9,⚠️ Sector Warning: You already have a signal in Technology today — taking this one too means doubling up on the same sector's risk.
EMCURE.NS,1973.6,1901.89,2117.01,6,71.71,430.23,11841.6,2.0,64.4,1.95,0.69,True,21.12,2026-09-10 13:27:10,1960.1,1899.95,Healthcare,False,17126.3,
ASAHIINDIA.NS,980.2,950.16,1040.28,12,30.04,360.45,11762.4,2.0,67.8,1.74,1.07,True,21.03,2026-09-10 13:27:07,969.8,946.96,Consumer Cyclical,False,5363.9,
JSWINFRA.NS,344.3,331.73,369.45,15,12.57,188.55,5164.5,2.0,58.6,1.2,1.67,True,17.13,2026-09-10 13:27:13,338.65,335.74,Industrials,False,199.4,
REDINGTON.NS,394.45,372.73,437.9,23,21.72,499.63,9072.35,2.0,71.2,5.64,3.07,True,50.57,2026-09-10 13:42:29,382.7,360.51,Technology,False,40927.65,
EMMVEE.NS,344.25,330.15,372.45,35,14.1,493.5,12048.75,2.0,64.7,4.07,2.85,True,28.65,2026-09-10 13:42:18,334.7,327.11,Technology,False,28878.9,⚠️ Sector Warning: You already have a signal in Technology today — taking this one too means doubling up on the same sector's risk.
ASAHIINDIA.NS,976.45,946.41,1036.53,12,30.04,360.45,11717.4,2.0,66.8,1.75,0.69,True,21.82,2026-09-10 13:42:15,969.8,946.6,Consumer Cyclical,False,17161.5,
EMCURE.NS,1978.1,1906.39,2121.51,6,71.71,430.23,11868.6,2.0,64.9,1.9,0.92,True,20.46,2026-09-10 13:42:18,1960.1,1900.38,Healthcare,False,5292.9,
REDINGTON.NS,394.85,373.13,438.3,23,21.72,499.63,9081.55,2.0,71.3,5.34,3.17,True,48.95,2026-09-10 14:00:15,382.7,360.55,Technology,False,40918.45,
EMMVEE.NS,341.3,327.2,369.5,35,14.1,493.5,11945.5,2.0,63.0,4.27,1.97,True,31.12,2026-09-10 14:00:02,334.7,326.83,Technology,False,28972.95,⚠️ Sector Warning: You already have a signal in Technology today — taking this one too means doubling up on the same sector's risk.
ASAHIINDIA.NS,977.0,946.96,1037.08,12,30.04,360.45,11724.0,2.0,66.9,1.65,0.74,True,21.22,2026-09-10 13:59:56,969.8,946.66,Consumer Cyclical,False,17248.95,
EMCURE.NS,1978.6,1906.89,2122.01,6,71.71,430.23,11871.6,2.0,65.0,1.84,0.94,True,20.09,2026-09-10 14:00:02,1960.1,1900.43,Healthcare,False,5377.35,
REDINGTON.NS,394.5,372.78,437.95,23,21.72,499.63,9073.5,2.0,71.2,5.18,3.08,True,48.26,2026-09-10 14:15:59,382.7,360.51,Technology,False,40926.5,
EMMVEE.NS,342.1,328.0,370.3,35,14.1,493.5,11973.5,2.0,63.5,4.28,2.21,True,30.76,2026-09-10 14:15:49,334.7,326.91,Technology,False,28953.0,⚠️ Sector Warning: You already have a signal in Technology today — taking this one too means doubling up on the same sector's risk.
ASAHIINDIA.NS,976.7,946.66,1036.78,12,30.04,360.45,11720.4,2.0,66.8,1.58,0.71,True,20.93,2026-09-10 14:15:46,969.8,946.63,Consumer Cyclical,False,17232.6,
EMCURE.NS,1983.3,1911.12,2127.65,6,72.18,433.06,11899.8,2.0,65.5,1.8,1.18,True,19.48,2026-09-10 14:15:49,1960.1,1900.88,Healthcare,False,5332.8,
REDINGTON.NS,393.7,371.98,437.15,23,21.72,499.63,9055.1,2.0,71.0,5.03,2.87,True,47.79,2026-09-10 14:27:17,382.7,360.44,Technology,False,40944.9,
EMMVEE.NS,341.3,327.2,369.5,35,14.1,493.5,11945.5,2.0,63.0,4.23,1.97,True,30.92,2026-09-10 14:27:02,334.7,326.83,Technology,False,28999.4,⚠️ Sector Warning: You already have a signal in Technology today — taking this one too means doubling up on the same sector's risk.
CHOLAFIN.NS,1864.7,1799.78,1994.54,6,64.92,389.51,11188.2,2.0,53.4,2.47,0.26,True,22.16,2026-09-10 14:27:01,1859.9,1850.31,Financial Services,False,17811.2,
ASAHIINDIA.NS,976.05,946.01,1036.12,12,30.04,360.45,11712.6,2.0,66.6,1.54,0.64,True,20.82,2026-09-10 14:26:58,969.8,946.56,Consumer Cyclical,False,6098.6,
EMCURE.NS,1984.0,1911.76,2128.48,3,72.24,216.72,5952.0,2.0,65.6,1.79,1.22,True,19.33,2026-09-10 14:27:02,1960.1,1900.94,Healthcare,False,146.6,
REDINGTON.NS,392.7,370.98,436.15,23,21.72,499.63,9032.1,2.0,70.7,4.85,2.61,True,47.25,2026-09-10 14:41:31,382.7,360.34,Technology,False,40967.9,
EMMVEE.NS,342.2,328.1,370.4,35,14.1,493.5,11977.0,2.0,63.6,4.2,2.24,True,30.28,2026-09-10 14:41:17,334.7,326.92,Technology,False,28990.9,⚠️ Sector Warning: You already have a signal in Technology today — taking this one too means doubling up on the same sector's risk.
ASAHIINDIA.NS,976.55,946.51,1036.62,12,30.04,360.45,11718.6,2.0,66.8,1.48,0.7,True,20.44,2026-09-10 14:41:13,969.8,946.61,Consumer Cyclical,False,17272.3,
EMCURE.NS,1986.7,1914.22,2131.65,6,72.48,434.86,11920.2,2.0,65.9,1.84,1.36,True,19.36,2026-09-10 14:41:18,1960.1,1901.2,Healthcare,False,5352.1,
STARHEALTH.NS,580.15,559.45,621.55,9,20.7,186.3,5221.35,2.0,53.1,1.31,1.09,True,12.17,2026-09-10 14:41:33,573.9,574.14,Financial Services,False,130.75,
REDINGTON.NS,392.35,370.63,435.8,23,21.72,499.63,9024.05,2.0,70.6,4.69,2.52,True,46.54,2026-09-10 14:57:44,382.7,360.31,Technology,False,40975.95,
EMMVEE.NS,342.65,328.55,370.85,35,14.1,493.5,11992.75,2.0,63.8,4.19,2.38,True,30.04,2026-09-10 14:57:32,334.7,326.96,Technology,False,28983.2,⚠️ Sector Warning: You already have a signal in Technology today — taking this one too means doubling up on the same sector's risk.
JINDALSAW.NS,318.5,301.12,353.26,28,17.38,486.6,8918.0,2.0,71.4,1.51,1.01,True,26.05,2026-09-10 14:57:37,315.3,298.59,Basic Materials,False,20065.2,
EMCURE.NS,1971.0,1898.44,2116.12,6,72.56,435.37,11826.0,2.0,64.0,1.88,0.56,True,21.0,2026-09-10 14:57:32,1960.1,1899.7,Healthcare,False,8239.2,
ASAHIINDIA.NS,976.25,946.21,1036.33,8,30.04,240.32,7810.0,2.0,66.7,1.42,0.67,True,20.23,2026-09-10 14:57:27,969.8,946.58,Consumer Cyclical,False,429.2,
REDINGTON.NS,390.95,369.23,434.4,23,21.72,499.63,8991.85,2.0,70.2,4.65,2.16,True,46.81,2026-09-10 15:12:26,382.7,360.17,Technology,False,41008.15,
EMMVEE.NS,341.8,327.3,370.79,34,14.5,492.88,11621.2,2.0,62.9,3.78,1.12,True,29.63,2026-09-10 15:12:15,338.0,327.19,Technology,False,29386.95,⚠️ Sector Warning: You already have a signal in Technology today — taking this one too means doubling up on the same sector's risk.
JINDALSAW.NS,317.25,299.87,352.01,28,17.38,486.6,8883.0,2.0,70.8,1.71,0.62,True,27.62,2026-09-10 15:12:20,315.3,298.47,Basic Materials,False,20503.95,
FINCABLES.NS,1417.7,1332.38,1588.33,5,85.32,426.58,7088.5,2.0,69.3,1.31,3.03,True,24.35,2026-09-10 15:12:15,1376.0,1255.75,Industrials,False,13415.45,
REDINGTON.NS,391.3,369.58,434.75,23,21.72,499.63,8999.9,2.0,70.3,4.59,2.25,True,46.4,2026-09-10 15:24:20,382.7,360.21,Technology,False,41000.1,
EMMVEE.NS,343.1,328.6,372.09,34,14.5,492.88,11665.4,2.0,63.7,3.85,1.51,True,29.34,2026-09-10 15:24:13,338.0,327.31,Technology,False,29334.7,⚠️ Sector Warning: You already have a signal in Technology today — taking this one too means doubling up on the same sector's risk.
JINDALSAW.NS,318.2,300.82,352.96,28,17.38,486.6,8909.6,2.0,71.3,1.8,0.92,True,27.65,2026-09-10 15:24:16,315.3,298.56,Basic Materials,False,20425.1,
FINCABLES.NS,1418.5,1332.33,1590.84,5,86.17,430.86,7092.5,2.0,69.3,1.34,3.09,True,24.47,2026-09-10 15:24:13,1376.0,1255.83,Industrials,False,13332.6,
EMCURE.NS,1965.7,1893.14,2110.82,6,72.56,435.37,11794.2,2.0,63.4,1.9,0.29,True,21.61,2026-09-10 15:24:13,1960.1,1899.2,Healthcare,False,1538.4,
AIIL.NS,548.2,516.21,612.19,15,31.99,479.89,8223.0,2.0,52.2,26.33,3.51,True,134.22,2026-09-11 09:37:49,529.6,538.61,Financial Services,False,41777.0,
PINELABS.NS,179.1,167.77,201.77,44,11.33,498.72,7880.4,2.0,64.6,2.48,1.36,True,26.11,2026-09-11 09:38:02,176.7,165.7,Technology,False,33896.6,
PAYTM.NS,1768.4,1680.19,1944.82,5,88.21,441.05,8842.0,2.0,68.3,1.9,0.54,True,35.28,2026-09-11 09:54:30,1758.9,1647.34,Technology,False,41158.0,
PINELABS.NS,178.79,167.38,201.61,43,11.41,490.66,7687.97,2.0,64.4,3.94,1.18,True,33.61,2026-09-11 09:54:31,176.7,165.67,Technology,False,33470.03,⚠️ Sector Warning: You already have a signal in Technology today — taking this one too means doubling up on the same sector's risk.
PAYTM.NS,1794.0,1703.51,1974.99,5,90.49,452.46,8970.0,2.0,70.0,4.17,2.0,True,44.64,2026-09-11 10:08:15,1758.9,1649.78,Technology,False,41030.0,
EMCURE.NS,1967.0,1896.38,2108.25,6,70.62,423.74,11802.0,2.0,63.5,1.2,0.35,True,18.01,2026-09-11 10:08:09,1960.1,1899.32,Healthcare,False,29228.0,
FIVESTAR.NS,540.45,512.98,595.38,18,27.47,494.39,9728.1,2.0,54.1,1.75,0.46,True,17.1,2026-09-11 10:08:10,538.0,531.53,Financial Services,False,19499.9,
PAYTM.NS,1797.0,1706.18,1978.65,5,90.82,454.12,8985.0,2.0,70.2,5.14,2.17,True,49.31,2026-09-11 10:19:53,1758.9,1650.06,Technology,False,41015.0,
FIVESTAR.NS,546.15,518.05,602.36,17,28.1,477.76,9284.55,2.0,56.3,3.35,1.51,True,25.05,2026-09-11 10:19:49,538.0,532.07,Financial Services,False,31730.45,
EMCURE.NS,1971.4,1900.44,2113.31,6,70.96,425.73,11828.4,2.0,64.1,1.33,0.58,True,18.24,2026-09-11 10:19:48,1960.1,1899.74,Healthcare,False,19902.05,
PAYTM.NS,1787.5,1696.68,1969.15,5,90.82,454.12,8937.5,2.0,69.6,4.95,1.63,True,49.07,2026-09-11 10:29:10,1758.9,1649.16,Technology,False,41062.5,
FIVESTAR.NS,545.85,517.22,603.11,17,28.63,486.69,9279.45,2.0,56.2,5.26,1.46,True,34.59,2026-09-11 10:29:04,538.0,532.04,Financial Services,False,31783.05,
EMCURE.NS,1972.3,1901.13,2114.64,6,71.17,427.02,11833.8,2.0,64.2,1.26,0.62,True,17.8,2026-09-11 10:29:03,1960.1,1899.83,Healthcare,False,19949.25,
PAYTM.NS,1791.5,1700.68,1973.15,5,90.82,454.12,8957.5,2.0,69.8,4.77,1.85,True,47.87,2026-09-11 10:44:24,1758.9,1649.54,Technology,False,41042.5,
FIVESTAR.NS,551.45,522.51,609.34,17,28.94,492.06,9374.65,2.0,58.2,6.11,2.5,True,38.71,2026-09-11 10:44:19,538.0,532.57,Financial Services,False,31667.85,
ABSLAMC.NS,1099.8,1052.35,1194.71,10,47.45,474.54,10998.0,2.0,63.6,2.49,2.76,True,19.3,2026-09-11 10:44:15,1070.3,1041.6,Financial Services,False,20669.85,⚠️ Sector Warning: You already have a signal in Financial Services today — taking this one too means doubling up on the same sector's risk.
PWL.NS,132.13,124.16,148.08,62,7.97,494.43,8192.06,2.0,61.0,1.22,1.09,True,15.46,2026-09-11 10:44:25,130.7,124.38,Consumer Defensive,False,12477.79,
PAYTM.NS,1787.7,1696.87,1969.35,5,90.82,454.12,8938.5,2.0,69.6,4.4,1.64,True,46.29,2026-09-11 10:58:28,1758.9,1649.18,Technology,False,41061.5,
FIVESTAR.NS,545.2,516.04,603.52,17,29.16,495.7,9268.4,2.0,55.9,6.91,1.34,True,42.85,2026-09-11 10:58:22,538.0,531.98,Financial Services,False,31793.1,
PWL.NS,132.06,124.04,148.11,62,8.02,497.48,8187.72,2.0,60.9,1.28,1.04,True,15.78,2026-09-11 10:58:28,130.7,124.37,Consumer Defensive,False,23605.38,
PAYTM.NS,1790.0,1699.18,1971.65,5,90.82,454.12,8950.0,2.0,69.7,4.07,1.77,True,44.47,2026-09-11 11:11:12,1758.9,1649.4,Technology,False,41050.0,
FIVESTAR.NS,550.45,521.29,608.77,17,29.16,495.7,9357.65,2.0,57.8,6.72,2.31,True,41.8,2026-09-11 11:11:04,538.0,532.48,Financial Services,False,31692.35,
LAURUSLABS.NS,1967.6,1888.19,2126.43,6,79.41,476.49,11805.6,2.0,67.7,1.94,0.64,True,30.54,2026-09-11 11:11:09,1955.0,1876.78,Healthcare,False,19886.75,
ASAHIINDIA.NS,986.75,955.57,1049.12,12,31.18,374.21,11841.0,2.0,69.7,1.65,0.21,True,20.79,2026-09-11 11:11:01,984.7,949.76,Consumer Cyclical,False,8045.75,
EMCURE.NS,1976.5,1905.09,2119.31,4,71.41,285.64,7906.0,2.0,64.7,1.22,0.84,True,17.19,2026-09-11 11:11:04,1960.1,1900.23,Healthcare,False,139.75,⚠️ Sector Warning: You already have a signal in Healthcare today — taking this one too means doubling up on the same sector's risk.
PAYTM.NS,1802.0,1711.09,1983.82,5,90.91,454.55,9010.0,2.0,70.5,4.03,2.45,True,43.36,2026-09-11 11:22:35,1758.9,1650.54,Technology,False,40990.0,
FIVESTAR.NS,551.45,522.29,609.77,17,29.16,495.7,9374.65,2.0,58.2,6.63,2.5,True,41.3,2026-09-11 11:22:26,538.0,532.57,Financial Services,False,31615.35,
LAURUSLABS.NS,1967.2,1887.79,2126.03,6,79.41,476.49,11803.2,2.0,67.6,1.89,0.62,True,30.33,2026-09-11 11:22:32,1955.0,1876.75,Healthcare,False,19812.15,
ASAHIINDIA.NS,987.85,956.18,1051.18,12,31.67,379.99,11854.2,2.0,70.0,1.79,0.32,True,21.3,2026-09-11 11:22:20,984.7,949.87,Consumer Cyclical,False,7957.95,
PWL.NS,133.4,125.28,149.64,59,8.12,479.08,7870.6,2.0,62.2,1.47,2.07,True,16.36,2026-09-11 11:22:36,130.7,124.5,Consumer Defensive,False,87.35,
PAYTM.NS,1802.3,1711.39,1984.12,5,90.91,454.55,9011.5,2.0,70.5,3.88,2.47,True,42.62,2026-09-11 11:31:43,1758.9,1650.57,Technology,False,40988.5,
FIVESTAR.NS,550.0,520.84,608.32,17,29.16,495.7,9350.0,2.0,57.7,6.45,2.23,True,40.44,2026-09-11 11:31:34,538.0,532.44,Financial Services,False,31638.5,
LAURUSLABS.NS,1964.9,1885.49,2123.73,6,79.41,476.49,11789.4,2.0,67.4,1.82,0.51,True,30.17,2026-09-11 11:31:41,1955.0,1876.53,Healthcare,False,19849.1,
FINCABLES.NS,1451.0,1357.62,1637.75,5,93.38,466.88,7255.0,2.0,71.3,1.7,1.54,True,28.24,2026-09-11 11:31:34,1429.0,1274.41,Industrials,False,12594.1,
PWL.NS,133.3,125.16,149.58,61,8.14,496.65,8131.3,2.0,62.1,1.48,1.99,True,16.43,2026-09-11 11:31:44,130.7,124.49,Consumer Defensive,False,4462.8,
PAYTM.NS,1801.5,1710.59,1983.32,5,90.91,454.55,9007.5,2.0,70.5,3.5,2.42,True,40.74,2026-09-11 11:53:38,1758.9,1650.49,Technology,False,40992.5,
ATHERENERG.NS,1668.0,1566.65,1870.69,4,101.35,405.39,6672.0,2.0,65.1,1.85,0.37,True,38.06,2026-09-11 11:53:29,1661.9,1568.89,Consumer Cyclical,False,34320.5,
FIVESTAR.NS,550.65,521.49,608.97,17,29.16,495.7,9361.05,2.0,57.9,5.92,2.35,True,37.77,2026-09-11 11:53:32,538.0,532.5,Financial Services,False,24959.45,
LAURUSLABS.NS,1967.0,1887.59,2125.83,6,79.41,476.49,11802.0,2.0,67.6,1.71,0.61,True,29.46,2026-09-11 11:53:36,1955.0,1876.73,Healthcare,False,13157.45,
FINCABLES.NS,1446.7,1353.03,1634.03,5,93.67,468.33,7233.5,2.0,71.0,1.78,1.24,True,29.03,2026-09-11 11:53:32,1429.0,1274.0,Industrials,False,5923.95,
PAYTM.NS,1801.5,1710.55,1983.41,5,90.95,454.77,9007.5,2.0,70.5,3.26,2.42,True,39.58,2026-09-11 12:10:30,1758.9,1650.49,Technology,False,40992.5,
FIVESTAR.NS,550.15,520.99,608.47,17,29.16,495.7,9352.55,2.0,57.7,5.43,2.26,True,35.35,2026-09-11 12:10:21,538.0,532.45,Financial Services,False,31639.95,
LAURUSLABS.NS,1962.7,1883.29,2121.53,6,79.41,476.49,11776.2,2.0,67.2,1.61,0.39,True,29.32,2026-09-11 12:10:28,1955.0,1876.32,Healthcare,False,19863.75,
FINCABLES.NS,1492.6,1394.51,1688.78,5,98.09,490.45,7463.0,2.0,73.4,2.27,4.45,True,27.71,2026-09-11 12:10:21,1429.0,1278.37,Industrials,False,12400.75,
EMMVEE.NS,347.15,331.68,378.09,32,15.47,495.09,11108.8,2.0,66.0,2.42,0.65,True,22.66,2026-09-11 12:10:21,344.9,329.16,Technology,False,1291.95,⚠️ Sector Warning: You already have a signal in Technology today — taking this one too means doubling up on the same sector's risk.
PAYTM.NS,1807.0,1715.45,1990.11,5,91.55,457.77,9035.0,2.0,70.8,3.21,2.73,True,38.88,2026-09-11 12:25:44,1758.9,1651.01,Technology,False,40965.0,
ATHERENERG.NS,1669.9,1568.45,1872.81,4,101.45,405.81,6679.6,2.0,65.2,1.69,0.48,True,37.1,2026-09-11 12:25:36,1661.9,1569.07,Consumer Cyclical,False,34285.4,
FIVESTAR.NS,550.5,521.34,608.82,17,29.16,495.7,9358.5,2.0,57.8,5.2,2.32,True,34.19,2026-09-11 12:25:39,538.0,532.48,Financial Services,False,24926.9,
FINCABLES.NS,1464.4,1366.31,1660.58,5,98.09,490.45,7322.0,2.0,72.0,2.5,2.48,True,31.14,2026-09-11 12:25:39,1429.0,1275.69,Industrials,False,17604.9,
LAURUSLABS.NS,1961.6,1882.19,2120.43,6,79.41,476.49,11769.6,2.0,67.1,1.56,0.34,True,29.18,2026-09-11 12:25:43,1955.0,1876.21,Healthcare,False,5835.3,
PAYTM.NS,1801.1,1709.55,1984.21,5,91.55,457.77,9005.5,2.0,70.4,3.17,2.4,True,39.14,2026-09-11 12:37:41,1758.9,1650.45,Technology,False,40994.5,
FIVESTAR.NS,550.1,520.94,608.42,17,29.16,495.7,9351.7,2.0,57.7,5.01,2.25,True,33.24,2026-09-11 12:37:33,538.0,532.45,Financial Services,False,31642.8,
FINCABLES.NS,1461.3,1363.21,1657.48,5,98.09,490.45,7306.5,2.0,71.8,2.55,2.26,True,31.64,2026-09-11 12:37:33,1429.0,1275.39,Industrials,False,24336.3,
LAURUSLABS.NS,1964.0,1884.59,2122.83,6,79.41,476.49,11784.0,2.0,67.4,1.51,0.46,True,28.73,2026-09-11 12:37:38,1955.0,1876.44,Healthcare,False,12552.3,
PWL.NS,135.01,126.51,152.0,58,8.5,492.85,7830.58,2.0,63.7,2.21,3.3,True,18.61,2026-09-11 12:37:42,130.7,124.65,Consumer Defensive,False,4721.72,
PAYTM.NS,1807.0,1715.45,1990.11,5,91.55,457.77,9035.0,2.0,70.8,3.0,2.73,True,37.83,2026-09-11 12:53:46,1758.9,1651.01,Technology,False,40965.0,
FIVESTAR.NS,551.6,522.44,609.92,17,29.16,495.7,9377.2,2.0,58.2,4.78,2.53,True,32.07,2026-09-11 12:53:33,538.0,532.59,Financial Services,False,31587.8,
FINCABLES.NS,1461.8,1363.71,1657.98,5,98.09,490.45,7309.0,2.0,71.9,2.44,2.3,True,31.08,2026-09-11 12:53:33,1429.0,1275.44,Industrials,False,24278.8,
LAURUSLABS.NS,1966.6,1887.19,2125.43,6,79.41,476.49,11799.6,2.0,67.6,1.44,0.59,True,28.17,2026-09-11 12:53:43,1955.0,1876.69,Healthcare,False,12479.2,
PWL.NS,135.82,127.32,152.82,58,8.5,492.85,7877.56,2.0,64.4,2.15,3.92,True,17.46,2026-09-11 12:53:47,130.7,124.73,Consumer Defensive,False,4601.64,
PAYTM.NS,1806.0,1714.45,1989.11,5,91.55,457.77,9030.0,2.0,70.7,2.89,2.68,True,37.38,2026-09-11 13:07:01,1758.9,1650.92,Technology,False,40970.0,
CONCORDBIO.NS,1516.9,1438.27,1674.16,6,78.63,471.79,9101.4,2.0,58.6,3.26,1.61,True,31.68,2026-09-11 13:06:52,1492.8,1470.17,Healthcare,False,31868.6,
FIVESTAR.NS,551.85,522.69,610.17,17,29.16,495.7,9381.45,2.0,58.3,4.57,2.57,True,30.98,2026-09-11 13:06:53,538.0,532.61,Financial Services,False,22487.15,
FINCABLES.NS,1460.0,1361.91,1656.18,5,98.09,490.45,7300.0,2.0,71.8,2.33,2.17,True,30.67,2026-09-11 13:06:53,1429.0,1275.27,Industrials,False,15187.15,
LAURUSLABS.NS,1968.4,1888.99,2127.23,6,79.41,476.49,11810.4,2.0,67.8,1.41,0.69,True,27.85,2026-09-11 13:06:58,1955.0,1876.86,Healthcare,False,3376.75,⚠️ Sector Warning: You already have a signal in Healthcare today — taking this one too means doubling up on the same sector's risk.
PAYTM.NS,1803.8,1712.25,1986.91,5,91.55,457.77,9019.0,2.0,70.6,2.76,2.55,True,36.89,2026-09-11 13:19:29,1758.9,1650.71,Technology,False,40981.0,
FINCABLES.NS,1440.0,1341.91,1636.18,5,98.09,490.45,7200.0,2.0,70.6,2.3,0.77,True,32.18,2026-09-11 13:19:17,1429.0,1273.36,Industrials,False,33781.0,
FIVESTAR.NS,551.55,522.39,609.87,17,29.16,495.7,9376.35,2.0,58.2,4.39,2.52,True,30.09,2026-09-11 13:19:17,538.0,532.58,Financial Services,False,24404.65,
LAURUSLABS.NS,1971.0,1891.59,2129.83,6,79.41,476.49,11826.0,2.0,68.0,1.42,0.82,True,27.68,2026-09-11 13:19:25,1955.0,1877.11,Healthcare,False,12578.65,
PWL.NS,134.02,125.52,151.02,58,8.5,492.85,7773.16,2.0,62.8,2.16,2.54,True,19.37,2026-09-11 13:19:31,130.7,124.56,Consumer Defensive,False,4805.49,
PAYTM.NS,1803.2,1711.65,1986.31,5,91.55,457.77,9016.0,2.0,70.6,2.68,2.52,True,36.53,2026-09-11 13:28:31,1758.9,1650.65,Technology,False,40984.0,
CONCORDBIO.NS,1497.0,1418.37,1654.26,6,78.63,471.79,8982.0,2.0,56.2,3.67,0.28,True,33.97,2026-09-11 13:28:23,1492.8,1468.28,Healthcare,False,32002.0,
FINCABLES.NS,1439.0,1340.91,1635.18,5,98.09,490.45,7195.0,2.0,70.6,2.25,0.7,True,32.04,2026-09-11 13:28:25,1429.0,1273.27,Industrials,False,24807.0,
FIVESTAR.NS,552.2,523.04,610.52,17,29.16,495.7,9387.4,2.0,58.4,4.3,2.64,True,29.62,2026-09-11 13:28:25,538.0,532.65,Financial Services,False,15419.6,
LAURUSLABS.NS,1973.5,1894.0,2132.5,6,79.5,477.0,11841.0,2.0,68.2,1.41,0.95,True,27.42,2026-09-11 13:28:29,1955.0,1877.35,Healthcare,False,3578.6,⚠️ Sector Warning: You already have a signal in Healthcare today — taking this one too means doubling up on the same sector's risk.
PAYTM.NS,1802.3,1710.75,1985.41,5,91.55,457.77,9011.5,2.0,70.5,2.57,2.47,True,36.04,2026-09-11 13:45:18,1758.9,1650.57,Technology,False,40988.5,
FINCABLES.NS,1439.2,1341.11,1635.38,5,98.09,490.45,7196.0,2.0,70.6,2.17,0.71,True,31.61,2026-09-11 13:45:09,1429.0,1273.29,Industrials,False,33792.5,
FIVESTAR.NS,551.55,522.39,609.87,17,29.16,495.7,9376.35,2.0,58.2,4.14,2.52,True,28.84,2026-09-11 13:45:09,538.0,532.58,Financial Services,False,24416.15,
LAURUSLABS.NS,1972.9,1893.4,2131.9,6,79.5,477.0,11837.4,2.0,68.2,1.39,0.92,True,27.36,2026-09-11 13:45:15,1955.0,1877.29,Healthcare,False,12578.75,
ABSLAMC.NS,1101.3,1052.26,1199.38,10,49.04,490.39,11013.0,2.0,63.8,3.04,2.9,True,21.83,2026-09-11 13:45:05,1070.3,1041.74,Financial Services,False,1565.75,⚠️ Sector Warning: You already have a signal in Financial Services today — taking this one too means doubling up on the same sector's risk.
GRANULES.NS,908.0,871.05,981.9,13,36.95,480.33,11804.0,2.0,66.5,5.15,0.69,True,37.74,2026-09-11 14:01:28,901.8,859.3,Healthcare,False,38196.0,
PAYTM.NS,1810.5,1718.85,1993.8,5,91.65,458.25,9052.5,2.0,71.0,2.53,2.93,True,35.22,2026-09-11 14:01:32,1758.9,1651.35,Technology,False,29143.5,
FINCABLES.NS,1438.6,1340.51,1634.78,5,98.09,490.45,7193.0,2.0,70.6,2.08,0.67,True,31.2,2026-09-11 14:01:27,1429.0,1273.23,Industrials,False,21950.5,
FIVESTAR.NS,552.7,523.54,611.02,17,29.16,495.7,9395.9,2.0,58.6,3.98,2.73,True,28.02,2026-09-11 14:01:27,538.0,532.69,Financial Services,False,12554.6,
LAURUSLABS.NS,1971.5,1892.0,2130.5,6,79.5,477.0,11829.0,2.0,68.0,1.35,0.84,True,27.29,2026-09-11 14:01:31,1955.0,1877.16,Healthcare,False,725.6,⚠️ Sector Warning: You already have a signal in Healthcare today — taking this one too means doubling up on the same sector's risk.
GRANULES.NS,912.4,874.81,987.57,13,37.59,488.61,11861.2,2.0,67.3,5.21,1.18,True,37.27,2026-09-11 14:17:05,901.8,859.72,Healthcare,False,38138.8,
PAYTM.NS,1810.2,1718.26,1994.08,5,91.94,459.7,9051.0,2.0,71.0,2.48,2.92,True,35.04,2026-09-11 14:17:11,1758.9,1651.32,Technology,False,29087.8,
FINCABLES.NS,1441.3,1343.21,1637.48,5,98.09,490.45,7206.5,2.0,70.7,2.0,0.86,True,30.56,2026-09-11 14:17:04,1429.0,1273.49,Industrials,False,21881.3,
FIVESTAR.NS,552.95,523.79,611.27,17,29.16,495.7,9400.15,2.0,58.7,3.86,2.78,True,27.4,2026-09-11 14:17:05,538.0,532.72,Financial Services,False,12481.15,
LAURUSLABS.NS,1970.9,1891.4,2129.9,6,79.5,477.0,11825.4,2.0,68.0,1.32,0.81,True,27.18,2026-09-11 14:17:09,1955.0,1877.1,Healthcare,False,655.75,⚠️ Sector Warning: You already have a signal in Healthcare today — taking this one too means doubling up on the same sector's risk.
GRANULES.NS,909.45,871.86,984.62,13,37.59,488.61,11822.85,2.0,66.8,5.11,0.85,True,37.27,2026-09-11 14:27:41,901.8,859.44,Healthcare,False,38177.15,
PAYTM.NS,1811.9,1719.96,1995.78,5,91.94,459.7,9059.5,2.0,71.1,2.44,3.01,True,34.71,2026-09-11 14:27:49,1758.9,1651.48,Technology,False,29117.65,
FINCABLES.NS,1446.6,1348.51,1642.78,5,98.09,490.45,7233.0,2.0,71.0,1.96,1.23,True,29.9,2026-09-11 14:27:41,1429.0,1273.99,Industrials,False,21884.65,
FIVESTAR.NS,552.5,523.34,610.82,17,29.16,495.7,9392.5,2.0,58.5,3.8,2.7,True,27.14,2026-09-11 14:27:40,538.0,532.67,Financial Services,False,12492.15,
LAURUSLABS.NS,1972.4,1892.9,2131.4,6,79.5,477.0,11834.4,2.0,68.1,1.3,0.89,True,26.98,2026-09-11 14:27:49,1955.0,1877.24,Healthcare,False,657.75,⚠️ Sector Warning: You already have a signal in Healthcare today — taking this one too means doubling up on the same sector's risk.
AIIL.NS,541.15,508.28,606.88,15,32.87,492.99,8117.25,2.0,50.3,36.4,2.18,True,185.02,2026-09-11 14:42:31,529.6,537.94,Financial Services,False,41882.75,
PAYTM.NS,1818.6,1726.03,2003.74,5,92.57,462.86,9093.0,2.0,71.4,2.45,3.39,True,34.26,2026-09-11 14:42:46,1758.9,1652.12,Technology,False,32789.75,
FINCABLES.NS,1433.0,1334.91,1629.18,5,98.09,490.45,7165.0,2.0,70.2,1.92,0.28,True,30.85,2026-09-11 14:42:35,1429.0,1272.69,Industrials,False,25624.75,
LAURUSLABS.NS,1977.8,1897.87,2137.66,6,79.93,479.57,11866.8,2.0,68.6,1.41,1.17,True,27.08,2026-09-11 14:42:44,1955.0,1877.76,Healthcare,False,13757.95,
FIVESTAR.NS,554.7,525.54,613.02,17,29.16,495.7,9429.9,2.0,59.2,3.78,3.1,True,26.97,2026-09-11 14:42:35,538.0,532.88,Financial Services,False,4328.05,⚠️ Sector Warning: You already have a signal in Financial Services today — taking this one too means doubling up on the same sector's risk.
AIIL.NS,544.1,511.23,609.83,15,32.87,492.99,8161.5,2.0,51.1,35.72,2.74,True,181.44,2026-09-11 14:57:47,529.6,538.22,Financial Services,False,41838.5,
GRANULES.NS,906.3,868.71,981.47,13,37.59,488.61,11781.9,2.0,66.2,4.81,0.5,True,36.34,2026-09-11 14:57:51,901.8,859.14,Healthcare,False,30056.6,
PAYTM.NS,1817.6,1725.03,2002.74,5,92.57,462.86,9088.0,2.0,71.4,2.4,3.34,True,34.1,2026-09-11 14:58:02,1758.9,1652.02,Technology,False,20968.6,
CONCORDBIO.NS,1496.5,1417.87,1653.76,6,78.63,471.79,8979.0,2.0,56.2,3.32,0.25,True,32.21,2026-09-11 14:57:49,1492.8,1468.23,Healthcare,False,11989.6,⚠️ Sector Warning: You already have a signal in Healthcare today — taking this one too means doubling up on the same sector's risk.
FINCABLES.NS,1433.4,1335.31,1629.58,5,98.09,490.45,7167.0,2.0,70.2,1.87,0.31,True,30.57,2026-09-11 14:57:50,1429.0,1272.73,Industrials,False,4822.6,
PAYTM.NS,1822.0,1729.12,2007.76,5,92.88,464.41,9110.0,2.0,71.6,2.45,3.59,True,34.04,2026-09-11 15:11:50,1758.9,1652.44,Technology,False,40890.0,
FIVESTAR.NS,549.15,520.39,606.66,17,28.76,488.87,9335.55,2.0,57.6,4.69,2.07,True,31.68,2026-09-11 15:11:46,538.0,532.36,Financial Services,False,31554.45,
CONCORDBIO.NS,1505.3,1426.54,1662.82,6,78.76,472.56,9031.8,2.0,57.2,3.27,0.89,True,31.42,2026-09-11 15:11:45,1492.0,1468.0,Healthcare,False,22522.65,
LAURUSLABS.NS,1970.6,1890.34,2131.12,6,80.26,481.56,11823.6,2.0,68.0,1.47,0.8,True,27.98,2026-09-11 15:11:48,1955.0,1877.07,Healthcare,False,10699.05,⚠️ Sector Warning: You already have a signal in Healthcare today — taking this one too means doubling up on the same sector's risk.
ABSLAMC.NS,1114.5,1062.01,1219.48,9,52.49,472.4,10030.5,2.0,66.0,2.93,1.42,True,22.55,2026-09-11 15:11:43,1098.9,1047.57,Financial Services,False,668.55,⚠️ Sector Warning: You already have a signal in Financial Services today — taking this one too means doubling up on the same sector's risk.
GRANULES.NS,911.9,872.86,989.98,12,39.04,468.45,10942.8,2.0,67.4,5.38,0.67,True,38.96,2026-09-11 15:23:39,905.85,863.55,Healthcare,False,39057.2,
PAYTM.NS,1817.0,1722.29,2006.43,5,94.71,473.57,9085.0,2.0,71.3,2.45,3.3,True,34.39,2026-09-11 15:23:45,1758.9,1651.97,Technology,False,29972.2,
FIVESTAR.NS,554.05,525.29,611.56,17,28.76,488.87,9418.85,2.0,59.2,4.68,2.98,True,31.49,2026-09-11 15:23:37,538.0,532.83,Financial Services,False,20553.35,
CONCORDBIO.NS,1509.0,1430.24,1666.52,6,78.76,472.56,9054.0,2.0,57.7,3.23,1.14,True,31.17,2026-09-11 15:23:35,1492.0,1468.35,Healthcare,False,11499.35,⚠️ Sector Warning: You already have a signal in Healthcare today — taking this one too means doubling up on the same sector's risk.
LAURUSLABS.NS,1974.0,1893.74,2134.52,5,80.26,401.3,9870.0,2.0,68.3,1.46,0.97,True,27.67,2026-09-11 15:23:43,1955.0,1877.39,Healthcare,False,1629.35,⚠️ Sector Warning: You already have a signal in Healthcare today — taking this one too means doubling up on the same sector's risk.
GRANULES.NS,909.3,870.26,987.37,12,39.04,468.45,10911.6,2.0,66.9,5.36,0.38,False,39.36,2026-09-14 09:24:51,905.85,863.31,Healthcare,False,39088.4,
PAYTM.NS,1807.5,1712.79,1996.93,5,94.71,473.57,9037.5,2.0,70.8,2.44,2.76,False,35.0,2026-09-14 09:24:57,1758.9,1651.06,Technology,False,30050.9,
FIVESTAR.NS,551.05,522.29,608.56,17,28.76,488.87,9367.85,2.0,58.2,4.69,2.43,False,31.7,2026-09-14 09:24:50,538.0,532.54,Financial Services,False,20683.05,
CONCORDBIO.NS,1505.7,1426.94,1663.22,6,78.76,472.56,9034.2,2.0,57.3,3.22,0.92,False,31.17,2026-09-14 09:24:49,1492.0,1468.03,Healthcare,False,11648.85,⚠️ Sector Warning: You already have a signal in Healthcare today — taking this one too means doubling up on the same sector's risk.
LAURUSLABS.NS,1969.0,1888.74,2129.52,5,80.26,401.3,9845.0,2.0,67.8,1.5,0.72,False,28.32,2026-09-14 09:24:56,1955.0,1876.92,Healthcare,False,1803.85,⚠️ Sector Warning: You already have a signal in Healthcare today — taking this one too means doubling up on the same sector's risk.
GRANULES.NS,909.3,870.26,987.37,12,39.04,468.45,10911.6,2.0,66.9,5.36,0.38,False,39.36,2026-09-14 09:38:09,905.85,863.31,Healthcare,False,39088.4,
PAYTM.NS,1807.5,1712.79,1996.93,5,94.71,473.57,9037.5,2.0,70.8,2.44,2.76,False,35.0,2026-09-14 09:38:16,1758.9,1651.06,Technology,False,30050.9,
FIVESTAR.NS,551.05,522.29,608.56,17,28.76,488.87,9367.85,2.0,58.2,4.69,2.43,False,31.7,2026-09-14 09:38:08,538.0,532.54,Financial Services,False,20683.05,
CONCORDBIO.NS,1505.7,1426.94,1663.22,6,78.76,472.56,9034.2,2.0,57.3,3.22,0.92,False,31.17,2026-09-14 09:38:07,1492.0,1468.03,Healthcare,False,11648.85,⚠️ Sector Warning: You already have a signal in Healthcare today — taking this one too means doubling up on the same sector's risk.
LAURUSLABS.NS,1969.0,1888.74,2129.52,5,80.26,401.3,9845.0,2.0,67.8,1.5,0.72,False,28.32,2026-09-14 09:38:14,1955.0,1876.92,Healthcare,False,1803.85,⚠️ Sector Warning: You already have a signal in Healthcare today — taking this one too means doubling up on the same sector's risk.
GRANULES.NS,909.3,870.26,987.37,12,39.04,468.45,10911.6,2.0,66.9,5.36,0.38,False,39.36,2026-09-14 09:40:37,905.85,863.31,Healthcare,False,39088.4,
PAYTM.NS,1807.5,1712.79,1996.93,5,94.71,473.57,9037.5,2.0,70.8,2.44,2.76,False,35.0,2026-09-14 09:40:45,1758.9,1651.06,Technology,False,30050.9,
FIVESTAR.NS,551.05,522.29,608.56,17,28.76,488.87,9367.85,2.0,58.2,4.69,2.43,False,31.7,2026-09-14 09:40:37,538.0,532.54,Financial Services,False,20683.05,
CONCORDBIO.NS,1505.7,1426.94,1663.22,6,78.76,472.56,9034.2,2.0,57.3,3.22,0.92,False,31.17,2026-09-14 09:40:36,1492.0,1468.03,Healthcare,False,11648.85,⚠️ Sector Warning: You already have a signal in Healthcare today — taking this one too means doubling up on the same sector's risk.
LAURUSLABS.NS,1969.0,1888.74,2129.52,5,80.26,401.3,9845.0,2.0,67.8,1.5,0.72,False,28.32,2026-09-14 09:40:40,1955.0,1876.92,Healthcare,False,1803.85,⚠️ Sector Warning: You already have a signal in Healthcare today — taking this one too means doubling up on the same sector's risk.
GRANULES.NS,909.3,870.26,987.37,12,39.04,468.45,10911.6,2.0,66.9,5.36,0.38,False,39.36,2026-09-14 09:54:47,905.85,863.31,Healthcare,False,39088.4,
PAYTM.NS,1807.5,1712.79,1996.93,5,94.71,473.57,9037.5,2.0,70.8,2.44,2.76,False,35.0,2026-09-14 09:54:59,1758.9,1651.06,Technology,False,30050.9,
FIVESTAR.NS,551.05,522.29,608.56,17,28.76,488.87,9367.85,2.0,58.2,4.69,2.43,False,31.7,2026-09-14 09:54:46,538.0,532.54,Financial Services,False,20683.05,
CONCORDBIO.NS,1505.7,1426.94,1663.22,6,78.76,472.56,9034.2,2.0,57.3,3.22,0.92,False,31.17,2026-09-14 09:54:44,1492.0,1468.03,Healthcare,False,11648.85,⚠️ Sector Warning: You already have a signal in Healthcare today — taking this one too means doubling up on the same sector's risk.
LAURUSLABS.NS,1969.0,1888.74,2129.52,5,80.26,401.3,9845.0,2.0,67.8,1.5,0.72,False,28.32,2026-09-14 09:54:55,1955.0,1876.92,Healthcare,False,1803.85,⚠️ Sector Warning: You already have a signal in Healthcare today — taking this one too means doubling up on the same sector's risk.
GRANULES.NS,909.3,870.26,987.37,12,39.04,468.45,10911.6,2.0,66.9,5.36,0.38,False,39.36,2026-09-14 10:10:40,905.85,863.31,Healthcare,False,39088.4,
PAYTM.NS,1807.5,1712.79,1996.93,5,94.71,473.57,9037.5,2.0,70.8,2.44,2.76,False,35.0,2026-09-14 10:10:45,1758.9,1651.06,Technology,False,30050.9,
FIVESTAR.NS,551.05,522.29,608.56,17,28.76,488.87,9367.85,2.0,58.2,4.69,2.43,False,31.7,2026-09-14 10:10:39,538.0,532.54,Financial Services,False,20683.05,
CONCORDBIO.NS,1505.7,1426.94,1663.22,6,78.76,472.56,9034.2,2.0,57.3,3.22,0.92,False,31.17,2026-09-14 10:10:37,1492.0,1468.03,Healthcare,False,11648.85,⚠️ Sector Warning: You already have a signal in Healthcare today — taking this one too means doubling up on the same sector's risk.
LAURUSLABS.NS,1969.0,1888.74,2129.52,5,80.26,401.3,9845.0,2.0,67.8,1.5,0.72,False,28.32,2026-09-14 10:10:43,1955.0,1876.92,Healthcare,False,1803.85,⚠️ Sector Warning: You already have a signal in Healthcare today — taking this one too means doubling up on the same sector's risk.
GRANULES.NS,909.3,870.26,987.37,12,39.04,468.45,10911.6,2.0,66.9,5.36,0.38,False,39.36,2026-09-14 10:23:31,905.85,863.31,Healthcare,False,39088.4,
PAYTM.NS,1807.5,1712.79,1996.93,5,94.71,473.57,9037.5,2.0,70.8,2.44,2.76,False,35.0,2026-09-14 10:23:40,1758.9,1651.06,Technology,False,30050.9,
FIVESTAR.NS,551.05,522.29,608.56,17,28.76,488.87,9367.85,2.0,58.2,4.69,2.43,False,31.7,2026-09-14 10:23:30,538.0,532.54,Financial Services,False,20683.05,
CONCORDBIO.NS,1505.7,1426.94,1663.22,6,78.76,472.56,9034.2,2.0,57.3,3.22,0.92,False,31.17,2026-09-14 10:23:29,1492.0,1468.03,Healthcare,False,11648.85,⚠️ Sector Warning: You already have a signal in Healthcare today — taking this one too means doubling up on the same sector's risk.
LAURUSLABS.NS,1969.0,1888.74,2129.52,5,80.26,401.3,9845.0,2.0,67.8,1.5,0.72,False,28.32,2026-09-14 10:23:36,1955.0,1876.92,Healthcare,False,1803.85,⚠️ Sector Warning: You already have a signal in Healthcare today — taking this one too means doubling up on the same sector's risk.
GRANULES.NS,909.3,870.26,987.37,12,39.04,468.45,10911.6,2.0,66.9,5.36,0.38,False,39.36,2026-09-14 10:32:57,905.85,863.31,Healthcare,False,39088.4,
PAYTM.NS,1807.5,1712.79,1996.93,5,94.71,473.57,9037.5,2.0,70.8,2.44,2.76,False,35.0,2026-09-14 10:33:04,1758.9,1651.06,Technology,False,30050.9,
FIVESTAR.NS,551.05,522.29,608.56,17,28.76,488.87,9367.85,2.0,58.2,4.69,2.43,False,31.7,2026-09-14 10:32:57,538.0,532.54,Financial Services,False,20683.05,
CONCORDBIO.NS,1505.7,1426.94,1663.22,6,78.76,472.56,9034.2,2.0,57.3,3.22,0.92,False,31.17,2026-09-14 10:32:56,1492.0,1468.03,Healthcare,False,11648.85,⚠️ Sector Warning: You already have a signal in Healthcare today — taking this one too means doubling up on the same sector's risk.
LAURUSLABS.NS,1969.0,1888.74,2129.52,5,80.26,401.3,9845.0,2.0,67.8,1.5,0.72,False,28.32,2026-09-14 10:33:01,1955.0,1876.92,Healthcare,False,1803.85,⚠️ Sector Warning: You already have a signal in Healthcare today — taking this one too means doubling up on the same sector's risk.
GRANULES.NS,909.3,870.26,987.37,12,39.04,468.45,10911.6,2.0,66.9,5.36,0.38,False,39.36,2026-09-14 10:49:31,905.85,863.31,Healthcare,False,39088.4,
PAYTM.NS,1807.5,1712.79,1996.93,5,94.71,473.57,9037.5,2.0,70.8,2.44,2.76,False,35.0,2026-09-14 10:49:35,1758.9,1651.06,Technology,False,30050.9,
FIVESTAR.NS,551.05,522.29,608.56,17,28.76,488.87,9367.85,2.0,58.2,4.69,2.43,False,31.7,2026-09-14 10:49:30,538.0,532.54,Financial Services,False,20683.05,
CONCORDBIO.NS,1505.7,1426.94,1663.22,6,78.76,472.56,9034.2,2.0,57.3,3.22,0.92,False,31.17,2026-09-14 10:49:29,1492.0,1468.03,Healthcare,False,11648.85,⚠️ Sector Warning: You already have a signal in Healthcare today — taking this one too means doubling up on the same sector's risk.
LAURUSLABS.NS,1969.0,1888.74,2129.52,5,80.26,401.3,9845.0,2.0,67.8,1.5,0.72,False,28.32,2026-09-14 10:49:34,1955.0,1876.92,Healthcare,False,1803.85,⚠️ Sector Warning: You already have a signal in Healthcare today — taking this one too means doubling up on the same sector's risk.
GRANULES.NS,909.3,870.26,987.37,12,39.04,468.45,10911.6,2.0,66.9,5.36,0.38,False,39.36,2026-09-14 11:02:40,905.85,863.31,Healthcare,False,39088.4,
PAYTM.NS,1807.5,1712.79,1996.93,5,94.71,473.57,9037.5,2.0,70.8,2.44,2.76,False,35.0,2026-09-14 11:02:47,1758.9,1651.06,Technology,False,30050.9,
FIVESTAR.NS,551.05,522.29,608.56,17,28.76,488.87,9367.85,2.0,58.2,4.69,2.43,False,31.7,2026-09-14 11:02:39,538.0,532.54,Financial Services,False,20683.05,
CONCORDBIO.NS,1505.7,1426.94,1663.22,6,78.76,472.56,9034.2,2.0,57.3,3.22,0.92,False,31.17,2026-09-14 11:02:38,1492.0,1468.03,Healthcare,False,11648.85,⚠️ Sector Warning: You already have a signal in Healthcare today — taking this one too means doubling up on the same sector's risk.
LAURUSLABS.NS,1969.0,1888.74,2129.52,5,80.26,401.3,9845.0,2.0,67.8,1.5,0.72,False,28.32,2026-09-14 11:02:45,1955.0,1876.92,Healthcare,False,1803.85,⚠️ Sector Warning: You already have a signal in Healthcare today — taking this one too means doubling up on the same sector's risk.
GRANULES.NS,909.3,870.26,987.37,12,39.04,468.45,10911.6,2.0,66.9,5.36,0.38,False,39.36,2026-09-14 11:16:01,905.85,863.31,Healthcare,False,39088.4,
PAYTM.NS,1807.5,1712.79,1996.93,5,94.71,473.57,9037.5,2.0,70.8,2.44,2.76,False,35.0,2026-09-14 11:16:10,1758.9,1651.06,Technology,False,30050.9,
FIVESTAR.NS,551.05,522.29,608.56,17,28.76,488.87,9367.85,2.0,58.2,4.69,2.43,False,31.7,2026-09-14 11:16:00,538.0,532.54,Financial Services,False,20683.05,
CONCORDBIO.NS,1505.7,1426.94,1663.22,6,78.76,472.56,9034.2,2.0,57.3,3.22,0.92,False,31.17,2026-09-14 11:15:58,1492.0,1468.03,Healthcare,False,11648.85,⚠️ Sector Warning: You already have a signal in Healthcare today — taking this one too means doubling up on the same sector's risk.
LAURUSLABS.NS,1969.0,1888.74,2129.52,5,80.26,401.3,9845.0,2.0,67.8,1.5,0.72,False,28.32,2026-09-14 11:16:06,1955.0,1876.92,Healthcare,False,1803.85,⚠️ Sector Warning: You already have a signal in Healthcare today — taking this one too means doubling up on the same sector's risk.
GRANULES.NS,909.3,870.26,987.37,12,39.04,468.45,10911.6,2.0,66.9,5.36,0.38,False,39.36,2026-09-14 11:25:54,905.85,863.31,Healthcare,False,39088.4,
PAYTM.NS,1807.5,1712.79,1996.93,5,94.71,473.57,9037.5,2.0,70.8,2.44,2.76,False,35.0,2026-09-14 11:25:58,1758.9,1651.06,Technology,False,30050.9,
FIVESTAR.NS,551.05,522.29,608.56,17,28.76,488.87,9367.85,2.0,58.2,4.69,2.43,False,31.7,2026-09-14 11:25:53,538.0,532.54,Financial Services,False,20683.05,
CONCORDBIO.NS,1505.7,1426.94,1663.22,6,78.76,472.56,9034.2,2.0,57.3,3.22,0.92,False,31.17,2026-09-14 11:25:52,1492.0,1468.03,Healthcare,False,11648.85,⚠️ Sector Warning: You already have a signal in Healthcare today — taking this one too means doubling up on the same sector's risk.
LAURUSLABS.NS,1969.0,1888.74,2129.52,5,80.26,401.3,9845.0,2.0,67.8,1.5,0.72,False,28.32,2026-09-14 11:25:57,1955.0,1876.92,Healthcare,False,1803.85,⚠️ Sector Warning: You already have a signal in Healthcare today — taking this one too means doubling up on the same sector's risk.
GRANULES.NS,909.3,870.26,987.37,12,39.04,468.45,10911.6,2.0,66.9,5.36,0.38,False,39.36,2026-09-14 11:42:25,905.85,863.31,Healthcare,False,39088.4,
PAYTM.NS,1807.5,1712.79,1996.93,5,94.71,473.57,9037.5,2.0,70.8,2.44,2.76,False,35.0,2026-09-14 11:42:31,1758.9,1651.06,Technology,False,30050.9,
FIVESTAR.NS,551.05,522.29,608.56,17,28.76,488.87,9367.85,2.0,58.2,4.69,2.43,False,31.7,2026-09-14 11:42:25,538.0,532.54,Financial Services,False,20683.05,
CONCORDBIO.NS,1505.7,1426.94,1663.22,6,78.76,472.56,9034.2,2.0,57.3,3.22,0.92,False,31.17,2026-09-14 11:42:23,1492.0,1468.03,Healthcare,False,11648.85,⚠️ Sector Warning: You already have a signal in Healthcare today — taking this one too means doubling up on the same sector's risk.
LAURUSLABS.NS,1969.0,1888.74,2129.52,5,80.26,401.3,9845.0,2.0,67.8,1.5,0.72,False,28.32,2026-09-14 11:42:30,1955.0,1876.92,Healthcare,False,1803.85,⚠️ Sector Warning: You already have a signal in Healthcare today — taking this one too means doubling up on the same sector's risk.
GRANULES.NS,909.3,870.26,987.37,12,39.04,468.45,10911.6,2.0,66.9,5.36,0.38,False,39.36,2026-09-14 12:05:14,905.85,863.31,Healthcare,False,39088.4,
PAYTM.NS,1807.5,1712.79,1996.93,5,94.71,473.57,9037.5,2.0,70.8,2.44,2.76,False,35.0,2026-09-14 12:05:24,1758.9,1651.06,Technology,False,30050.9,
FIVESTAR.NS,551.05,522.29,608.56,17,28.76,488.87,9367.85,2.0,58.2,4.69,2.43,False,31.7,2026-09-14 12:05:13,538.0,532.54,Financial Services,False,20683.05,
CONCORDBIO.NS,1505.7,1426.94,1663.22,6,78.76,472.56,9034.2,2.0,57.3,3.22,0.92,False,31.17,2026-09-14 12:05:12,1492.0,1468.03,Healthcare,False,11648.85,⚠️ Sector Warning: You already have a signal in Healthcare today — taking this one too means doubling up on the same sector's risk.
LAURUSLABS.NS,1969.0,1888.74,2129.52,5,80.26,401.3,9845.0,2.0,67.8,1.5,0.72,False,28.32,2026-09-14 12:05:21,1955.0,1876.92,Healthcare,False,1803.85,⚠️ Sector Warning: You already have a signal in Healthcare today — taking this one too means doubling up on the same sector's risk.
GRANULES.NS,909.3,870.26,987.37,12,39.04,468.45,10911.6,2.0,66.9,5.36,0.38,False,39.36,2026-09-14 12:23:22,905.85,863.31,Healthcare,False,39088.4,
PAYTM.NS,1807.5,1712.79,1996.93,5,94.71,473.57,9037.5,2.0,70.8,2.44,2.76,False,35.0,2026-09-14 12:23:32,1758.9,1651.06,Technology,False,30050.9,
FIVESTAR.NS,551.05,522.29,608.56,17,28.76,488.87,9367.85,2.0,58.2,4.69,2.43,False,31.7,2026-09-14 12:23:21,538.0,532.54,Financial Services,False,20683.05,
CONCORDBIO.NS,1505.7,1426.94,1663.22,6,78.76,472.56,9034.2,2.0,57.3,3.22,0.92,False,31.17,2026-09-14 12:23:19,1492.0,1468.03,Healthcare,False,11648.85,⚠️ Sector Warning: You already have a signal in Healthcare today — taking this one too means doubling up on the same sector's risk.
LAURUSLABS.NS,1969.0,1888.74,2129.52,5,80.26,401.3,9845.0,2.0,67.8,1.5,0.72,False,28.32,2026-09-14 12:23:28,1955.0,1876.92,Healthcare,False,1803.85,⚠️ Sector Warning: You already have a signal in Healthcare today — taking this one too means doubling up on the same sector's risk.
GRANULES.NS,909.3,870.26,987.37,12,39.04,468.45,10911.6,2.0,66.9,5.36,0.38,False,39.36,2026-09-14 12:34:27,905.85,863.31,Healthcare,False,39088.4,
PAYTM.NS,1807.5,1712.79,1996.93,5,94.71,473.57,9037.5,2.0,70.8,2.44,2.76,False,35.0,2026-09-14 12:34:32,1758.9,1651.06,Technology,False,30050.9,
FIVESTAR.NS,551.05,522.29,608.56,17,28.76,488.87,9367.85,2.0,58.2,4.69,2.43,False,31.7,2026-09-14 12:34:27,538.0,532.54,Financial Services,False,20683.05,
CONCORDBIO.NS,1505.7,1426.94,1663.22,6,78.76,472.56,9034.2,2.0,57.3,3.22,0.92,False,31.17,2026-09-14 12:34:26,1492.0,1468.03,Healthcare,False,11648.85,⚠️ Sector Warning: You already have a signal in Healthcare today — taking this one too means doubling up on the same sector's risk.
LAURUSLABS.NS,1969.0,1888.74,2129.52,5,80.26,401.3,9845.0,2.0,67.8,1.5,0.72,False,28.32,2026-09-14 12:34:30,1955.0,1876.92,Healthcare,False,1803.85,⚠️ Sector Warning: You already have a signal in Healthcare today — taking this one too means doubling up on the same sector's risk.
GRANULES.NS,909.3,870.26,987.37,12,39.04,468.45,10911.6,2.0,66.9,5.36,0.38,False,39.36,2026-09-14 12:52:38,905.85,863.31,Healthcare,False,39088.4,
PAYTM.NS,1807.5,1712.79,1996.93,5,94.71,473.57,9037.5,2.0,70.8,2.44,2.76,False,35.0,2026-09-14 12:52:44,1758.9,1651.06,Technology,False,30050.9,
FIVESTAR.NS,551.05,522.29,608.56,17,28.76,488.87,9367.85,2.0,58.2,4.69,2.43,False,31.7,2026-09-14 12:52:37,538.0,532.54,Financial Services,False,20683.05,
CONCORDBIO.NS,1505.7,1426.94,1663.22,6,78.76,472.56,9034.2,2.0,57.3,3.22,0.92,False,31.17,2026-09-14 12:52:36,1492.0,1468.03,Healthcare,False,11648.85,⚠️ Sector Warning: You already have a signal in Healthcare today — taking this one too means doubling up on the same sector's risk.
LAURUSLABS.NS,1969.0,1888.74,2129.52,5,80.26,401.3,9845.0,2.0,67.8,1.5,0.72,False,28.32,2026-09-14 12:52:42,1955.0,1876.92,Healthcare,False,1803.85,⚠️ Sector Warning: You already have a signal in Healthcare today — taking this one too means doubling up on the same sector's risk.
GRANULES.NS,909.3,870.26,987.37,12,39.04,468.45,10911.6,2.0,66.9,5.36,0.38,False,39.36,2026-09-14 13:07:11,905.85,863.31,Healthcare,False,39088.4,
PAYTM.NS,1807.5,1712.79,1996.93,5,94.71,473.57,9037.5,2.0,70.8,2.44,2.76,False,35.0,2026-09-14 13:07:17,1758.9,1651.06,Technology,False,30050.9,
FIVESTAR.NS,551.05,522.29,608.56,17,28.76,488.87,9367.85,2.0,58.2,4.69,2.43,False,31.7,2026-09-14 13:07:10,538.0,532.54,Financial Services,False,20683.05,
CONCORDBIO.NS,1505.7,1426.94,1663.22,6,78.76,472.56,9034.2,2.0,57.3,3.22,0.92,False,31.17,2026-09-14 13:07:08,1492.0,1468.03,Healthcare,False,11648.85,⚠️ Sector Warning: You already have a signal in Healthcare today — taking this one too means doubling up on the same sector's risk.
LAURUSLABS.NS,1969.0,1888.74,2129.52,5,80.26,401.3,9845.0,2.0,67.8,1.5,0.72,False,28.32,2026-09-14 13:07:15,1955.0,1876.92,Healthcare,False,1803.85,⚠️ Sector Warning: You already have a signal in Healthcare today — taking this one too means doubling up on the same sector's risk.
GRANULES.NS,909.3,870.26,987.37,12,39.04,468.45,10911.6,2.0,66.9,5.36,0.38,False,39.36,2026-09-14 13:20:28,905.85,863.31,Healthcare,False,39088.4,
PAYTM.NS,1807.5,1712.79,1996.93,5,94.71,473.57,9037.5,2.0,70.8,2.44,2.76,False,35.0,2026-09-14 13:20:33,1758.9,1651.06,Technology,False,30050.9,
FIVESTAR.NS,551.05,522.29,608.56,17,28.76,488.87,9367.85,2.0,58.2,4.69,2.43,False,31.7,2026-09-14 13:20:28,538.0,532.54,Financial Services,False,20683.05,
CONCORDBIO.NS,1505.7,1426.94,1663.22,6,78.76,472.56,9034.2,2.0,57.3,3.22,0.92,False,31.17,2026-09-14 13:20:26,1492.0,1468.03,Healthcare,False,11648.85,⚠️ Sector Warning: You already have a signal in Healthcare today — taking this one too means doubling up on the same sector's risk.
LAURUSLABS.NS,1969.0,1888.74,2129.52,5,80.26,401.3,9845.0,2.0,67.8,1.5,0.72,False,28.32,2026-09-14 13:20:32,1955.0,1876.92,Healthcare,False,1803.85,⚠️ Sector Warning: You already have a signal in Healthcare today — taking this one too means doubling up on the same sector's risk.
GRANULES.NS,909.3,870.26,987.37,12,39.04,468.45,10911.6,2.0,66.9,5.36,0.38,False,39.36,2026-09-14 13:30:20,905.85,863.31,Healthcare,False,39088.4,
PAYTM.NS,1807.5,1712.79,1996.93,5,94.71,473.57,9037.5,2.0,70.8,2.44,2.76,False,35.0,2026-09-14 13:30:25,1758.9,1651.06,Technology,False,30050.9,
FIVESTAR.NS,551.05,522.29,608.56,17,28.76,488.87,9367.85,2.0,58.2,4.69,2.43,False,31.7,2026-09-14 13:30:20,538.0,532.54,Financial Services,False,20683.05,
CONCORDBIO.NS,1505.7,1426.94,1663.22,6,78.76,472.56,9034.2,2.0,57.3,3.22,0.92,False,31.17,2026-09-14 13:30:19,1492.0,1468.03,Healthcare,False,11648.85,⚠️ Sector Warning: You already have a signal in Healthcare today — taking this one too means doubling up on the same sector's risk.
LAURUSLABS.NS,1969.0,1888.74,2129.52,5,80.26,401.3,9845.0,2.0,67.8,1.5,0.72,False,28.32,2026-09-14 13:30:23,1955.0,1876.92,Healthcare,False,1803.85,⚠️ Sector Warning: You already have a signal in Healthcare today — taking this one too means doubling up on the same sector's risk.
GRANULES.NS,909.3,870.26,987.37,12,39.04,468.45,10911.6,2.0,66.9,5.36,0.38,False,39.36,2026-09-14 13:49:58,905.85,863.31,Healthcare,False,39088.4,
PAYTM.NS,1807.5,1712.79,1996.93,5,94.71,473.57,9037.5,2.0,70.8,2.44,2.76,False,35.0,2026-09-14 13:50:09,1758.9,1651.06,Technology,False,30050.9,
FIVESTAR.NS,551.05,522.29,608.56,17,28.76,488.87,9367.85,2.0,58.2,4.69,2.43,False,31.7,2026-09-14 13:49:57,538.0,532.54,Financial Services,False,20683.05,
CONCORDBIO.NS,1505.7,1426.94,1663.22,6,78.76,472.56,9034.2,2.0,57.3,3.22,0.92,False,31.17,2026-09-14 13:49:55,1492.0,1468.03,Healthcare,False,11648.85,⚠️ Sector Warning: You already have a signal in Healthcare today — taking this one too means doubling up on the same sector's risk.
LAURUSLABS.NS,1969.0,1888.74,2129.52,5,80.26,401.3,9845.0,2.0,67.8,1.5,0.72,False,28.32,2026-09-14 13:50:06,1955.0,1876.92,Healthcare,False,1803.85,⚠️ Sector Warning: You already have a signal in Healthcare today — taking this one too means doubling up on the same sector's risk.
GRANULES.NS,909.3,870.26,987.37,12,39.04,468.45,10911.6,2.0,66.9,5.36,0.38,False,39.36,2026-09-14 14:05:34,905.85,863.31,Healthcare,False,39088.4,
PAYTM.NS,1807.5,1712.79,1996.93,5,94.71,473.57,9037.5,2.0,70.8,2.44,2.76,False,35.0,2026-09-14 14:05:43,1758.9,1651.06,Technology,False,30050.9,
FIVESTAR.NS,551.05,522.29,608.56,17,28.76,488.87,9367.85,2.0,58.2,4.69,2.43,False,31.7,2026-09-14 14:05:32,538.0,532.54,Financial Services,False,20683.05,
CONCORDBIO.NS,1505.7,1426.94,1663.22,6,78.76,472.56,9034.2,2.0,57.3,3.22,0.92,False,31.17,2026-09-14 14:05:30,1492.0,1468.03,Healthcare,False,11648.85,⚠️ Sector Warning: You already have a signal in Healthcare today — taking this one too means doubling up on the same sector's risk.
LAURUSLABS.NS,1969.0,1888.74,2129.52,5,80.26,401.3,9845.0,2.0,67.8,1.5,0.72,False,28.32,2026-09-14 14:05:41,1955.0,1876.92,Healthcare,False,1803.85,⚠️ Sector Warning: You already have a signal in Healthcare today — taking this one too means doubling up on the same sector's risk.
GRANULES.NS,909.3,870.26,987.37,12,39.04,468.45,10911.6,2.0,66.9,5.36,0.38,False,39.36,2026-09-14 14:19:48,905.85,863.31,Healthcare,False,39088.4,
PAYTM.NS,1807.5,1712.79,1996.93,5,94.71,473.57,9037.5,2.0,70.8,2.44,2.76,False,35.0,2026-09-14 14:20:06,1758.9,1651.06,Technology,False,30050.9,
FIVESTAR.NS,551.05,522.29,608.56,17,28.76,488.87,9367.85,2.0,58.2,4.69,2.43,False,31.7,2026-09-14 14:19:47,538.0,532.54,Financial Services,False,20683.05,
CONCORDBIO.NS,1505.7,1426.94,1663.22,6,78.76,472.56,9034.2,2.0,57.3,3.22,0.92,False,31.17,2026-09-14 14:19:45,1492.0,1468.03,Healthcare,False,11648.85,⚠️ Sector Warning: You already have a signal in Healthcare today — taking this one too means doubling up on the same sector's risk.
LAURUSLABS.NS,1969.0,1888.74,2129.52,5,80.26,401.3,9845.0,2.0,67.8,1.5,0.72,False,28.32,2026-09-14 14:20:00,1955.0,1876.92,Healthcare,False,1803.85,⚠️ Sector Warning: You already have a signal in Healthcare today — taking this one too means doubling up on the same sector's risk.
GRANULES.NS,909.3,870.26,987.37,12,39.04,468.45,10911.6,2.0,66.9,5.36,0.38,False,39.36,2026-09-14 14:33:10,905.85,863.31,Healthcare,False,39088.4,
PAYTM.NS,1807.5,1712.79,1996.93,5,94.71,473.57,9037.5,2.0,70.8,2.44,2.76,False,35.0,2026-09-14 14:33:17,1758.9,1651.06,Technology,False,30050.9,
FIVESTAR.NS,551.05,522.29,608.56,17,28.76,488.87,9367.85,2.0,58.2,4.69,2.43,False,31.7,2026-09-14 14:33:09,538.0,532.54,Financial Services,False,20683.05,
CONCORDBIO.NS,1505.7,1426.94,1663.22,6,78.76,472.56,9034.2,2.0,57.3,3.22,0.92,False,31.17,2026-09-14 14:33:08,1492.0,1468.03,Healthcare,False,11648.85,⚠️ Sector Warning: You already have a signal in Healthcare today — taking this one too means doubling up on the same sector's risk.
LAURUSLABS.NS,1969.0,1888.74,2129.52,5,80.26,401.3,9845.0,2.0,67.8,1.5,0.72,False,28.32,2026-09-14 14:33:16,1955.0,1876.92,Healthcare,False,1803.85,⚠️ Sector Warning: You already have a signal in Healthcare today — taking this one too means doubling up on the same sector's risk.
GRANULES.NS,909.3,870.26,987.37,12,39.04,468.45,10911.6,2.0,66.9,5.36,0.38,False,39.36,2026-09-14 14:50:24,905.85,863.31,Healthcare,False,39088.4,
PAYTM.NS,1807.5,1712.79,1996.93,5,94.71,473.57,9037.5,2.0,70.8,2.44,2.76,False,35.0,2026-09-14 14:50:29,1758.9,1651.06,Technology,False,30050.9,
FIVESTAR.NS,551.05,522.29,608.56,17,28.76,488.87,9367.85,2.0,58.2,4.69,2.43,False,31.7,2026-09-14 14:50:23,538.0,532.54,Financial Services,False,20683.05,
CONCORDBIO.NS,1505.7,1426.94,1663.22,6,78.76,472.56,9034.2,2.0,57.3,3.22,0.92,False,31.17,2026-09-14 14:50:21,1492.0,1468.03,Healthcare,False,11648.85,⚠️ Sector Warning: You already have a signal in Healthcare today — taking this one too means doubling up on the same sector's risk.
LAURUSLABS.NS,1969.0,1888.74,2129.52,5,80.26,401.3,9845.0,2.0,67.8,1.5,0.72,False,28.32,2026-09-14 14:50:27,1955.0,1876.92,Healthcare,False,1803.85,⚠️ Sector Warning: You already have a signal in Healthcare today — taking this one too means doubling up on the same sector's risk.
GRANULES.NS,909.3,870.26,987.37,12,39.04,468.45,10911.6,2.0,66.9,5.36,0.38,False,39.36,2026-09-14 15:05:41,905.85,863.31,Healthcare,False,39088.4,
PAYTM.NS,1807.5,1712.79,1996.93,5,94.71,473.57,9037.5,2.0,70.8,2.44,2.76,False,35.0,2026-09-14 15:05:49,1758.9,1651.06,Technology,False,30050.9,
FIVESTAR.NS,551.05,522.29,608.56,17,28.76,488.87,9367.85,2.0,58.2,4.69,2.43,False,31.7,2026-09-14 15:05:41,538.0,532.54,Financial Services,False,20683.05,
CONCORDBIO.NS,1505.7,1426.94,1663.22,6,78.76,472.56,9034.2,2.0,57.3,3.22,0.92,False,31.17,2026-09-14 15:05:40,1492.0,1468.03,Healthcare,False,11648.85,⚠️ Sector Warning: You already have a signal in Healthcare today — taking this one too means doubling up on the same sector's risk.
LAURUSLABS.NS,1969.0,1888.74,2129.52,5,80.26,401.3,9845.0,2.0,67.8,1.5,0.72,False,28.32,2026-09-14 15:05:46,1955.0,1876.92,Healthcare,False,1803.85,⚠️ Sector Warning: You already have a signal in Healthcare today — taking this one too means doubling up on the same sector's risk.
GRANULES.NS,909.3,870.26,987.37,12,39.04,468.45,10911.6,2.0,66.9,5.36,0.38,False,39.36,2026-09-14 15:19:41,905.85,863.31,Healthcare,False,39088.4,
PAYTM.NS,1807.5,1712.79,1996.93,5,94.71,473.57,9037.5,2.0,70.8,2.44,2.76,False,35.0,2026-09-14 15:19:47,1758.9,1651.06,Technology,False,30050.9,
FIVESTAR.NS,551.05,522.29,608.56,17,28.76,488.87,9367.85,2.0,58.2,4.69,2.43,False,31.7,2026-09-14 15:19:41,538.0,532.54,Financial Services,False,20683.05,
CONCORDBIO.NS,1505.7,1426.94,1663.22,6,78.76,472.56,9034.2,2.0,57.3,3.22,0.92,False,31.17,2026-09-14 15:19:40,1492.0,1468.03,Healthcare,False,11648.85,⚠️ Sector Warning: You already have a signal in Healthcare today — taking this one too means doubling up on the same sector's risk.
LAURUSLABS.NS,1969.0,1888.74,2129.52,5,80.26,401.3,9845.0,2.0,67.8,1.5,0.72,False,28.32,2026-09-14 15:19:44,1955.0,1876.92,Healthcare,False,1803.85,⚠️ Sector Warning: You already have a signal in Healthcare today — taking this one too means doubling up on the same sector's risk.
LALPATHLAB.NS,2002.1,1918.22,2169.86,5,83.88,419.41,10010.5,2.0,67.2,12.24,2.04,True,74.72,2026-09-16 09:23:43,1962.0,1914.38,Healthcare,False,39989.5,
PFOCUS.NS,327.45,309.17,364.02,27,18.28,493.67,8841.15,2.0,66.9,1.55,0.78,True,24.58,2026-09-16 12:18:26,324.9,300.44,Communication Services,False,41158.85,
PFOCUS.NS,329.6,311.13,366.54,27,18.47,498.73,8899.2,2.0,67.6,1.68,1.45,True,24.37,2026-09-16 12:31:15,324.9,300.64,Communication Services,False,41100.8,
AEGISLOG.NS,1390.0,1302.04,1565.93,5,87.96,439.82,6950.0,2.0,59.4,2.51,0.36,True,28.98,2026-09-16 12:49:02,1385.0,1309.7,Energy,False,43050.0,
PFOCUS.NS,333.0,314.14,370.71,26,18.86,490.29,8658.0,2.0,68.7,1.99,2.49,True,24.59,2026-09-16 12:49:12,324.9,300.97,Communication Services,False,34392.0,
AEGISLOG.NS,1388.0,1300.04,1563.93,5,87.96,439.82,6940.0,2.0,59.2,2.41,0.22,True,28.56,2026-09-16 13:03:24,1385.0,1309.51,Energy,False,43060.0,
PFOCUS.NS,329.3,310.44,367.01,26,18.86,490.29,8561.8,2.0,67.5,2.15,1.35,True,26.86,2026-09-16 13:03:32,324.9,300.62,Communication Services,False,34498.2,
AEGISLOG.NS,1391.5,1303.54,1567.43,5,87.96,439.82,6957.5,2.0,59.5,2.32,0.47,True,28.01,2026-09-16 13:17:10,1385.0,1309.84,Energy,False,43042.5,
PFOCUS.NS,328.95,310.09,366.66,26,18.86,490.29,8552.7,2.0,67.4,2.17,1.25,True,27.07,2026-09-16 13:17:26,324.9,300.58,Communication Services,False,34489.8,
PFOCUS.NS,328.35,309.49,366.06,26,18.86,490.29,8537.1,2.0,67.2,2.15,1.06,True,27.24,2026-09-16 13:27:44,324.9,300.52,Communication Services,False,41462.9,
PFOCUS.NS,326.05,307.19,363.76,26,18.86,490.29,8477.3,2.0,66.4,2.17,0.35,True,28.27,2026-09-16 13:43:10,324.9,300.31,Communication Services,False,41522.7,
PFOCUS.NS,326.65,307.79,364.36,26,18.86,490.29,8492.9,2.0,66.6,2.16,0.54,True,27.95,2026-09-16 13:59:50,324.9,300.36,Communication Services,False,41507.1,
PFOCUS.NS,326.35,307.49,364.06,26,18.86,490.29,8485.1,2.0,66.5,2.09,0.45,True,27.75,2026-09-16 14:15:58,324.9,300.33,Communication Services,False,41514.9,
ABDL.NS,646.35,621.17,696.72,19,25.18,478.49,12280.65,2.0,62.5,3.17,0.3,True,27.03,2026-09-16 14:15:46,644.4,618.3,Consumer Defensive,False,29234.25,
ABDL.NS,653.3,627.49,704.91,19,25.81,490.3,12412.7,2.0,64.4,3.87,1.38,True,28.81,2026-09-16 14:26:56,644.4,618.96,Consumer Defensive,False,37587.3,
PFOCUS.NS,326.35,307.49,364.06,26,18.86,490.29,8485.1,2.0,66.5,2.02,0.45,True,27.41,2026-09-16 14:27:14,324.9,300.33,Communication Services,False,29102.2,
ABDL.NS,651.25,625.44,702.86,19,25.81,490.3,12373.75,2.0,63.9,4.02,1.06,True,30.08,2026-09-16 14:40:44,644.4,618.76,Consumer Defensive,False,37626.25,
ABDL.NS,652.65,626.82,704.3,19,25.83,490.71,12400.35,2.0,64.3,4.14,1.28,True,30.34,2026-09-16 14:56:35,644.4,618.9,Consumer Defensive,False,37599.65,
ABDL.NS,648.0,622.17,699.65,19,25.83,490.71,12312.0,2.0,62.9,4.25,0.56,True,32.07,2026-09-16 15:10:44,644.4,618.45,Consumer Defensive,False,37688.0,
POLICYBZR.NS,1837.4,1752.35,2007.5,5,85.05,425.25,9187.0,2.0,58.2,2.52,0.52,True,27.56,2026-09-16 15:10:56,1827.9,1791.25,Financial Services,False,28501.0,
ABDL.NS,645.7,619.87,697.35,19,25.83,490.71,12268.3,2.0,62.3,4.26,0.2,True,32.5,2026-09-16 15:22:59,644.4,618.24,Consumer Defensive,False,37731.7,
PNB.NS,119.14,115.83,125.76,104,3.31,344.31,12390.56,2.0,62.1,2.45,0.8,True,25.22,2026-09-17 09:38:18,118.2,116.2,Financial Services,False,37609.44,
ECLERX.NS,1973.9,1861.45,2198.79,4,112.45,449.79,7895.6,2.0,60.1,1.91,0.26,True,27.16,2026-09-17 09:39:19,1968.8,1914.91,Technology,False,42104.4,
PNB.NS,119.2,115.88,125.84,104,3.32,345.21,12396.8,2.0,62.3,2.55,0.85,True,25.77,2026-09-17 09:39:13,118.2,116.21,Financial Services,False,29707.6,
AEGISVOPAK.NS,314.0,294.54,352.91,25,19.46,486.43,7850.0,2.0,69.2,4.12,0.96,True,35.74,2026-09-17 09:54:13,311.0,289.12,Energy,False,42150.0,
PNB.NS,118.46,115.13,125.11,105,3.33,349.31,12438.3,2.0,60.3,3.54,0.22,True,30.5,2026-09-17 09:54:28,118.2,116.14,Financial Services,False,29711.7,
ACE.NS,1161.7,1101.71,1281.69,8,59.99,479.96,9293.6,2.0,60.4,2.31,0.32,True,27.69,2026-09-17 09:54:13,1158.0,1128.7,Industrials,False,20418.1,
CUB.NS,233.49,220.75,258.96,39,12.74,496.75,9106.11,2.0,58.1,1.27,0.21,True,20.35,2026-09-17 09:54:16,232.99,227.46,Financial Services,False,11311.99,⚠️ Sector Warning: You already have a signal in Financial Services today — taking this one too means doubling up on the same sector's risk.
IPCALAB.NS,2003.7,1939.22,2132.66,6,64.48,386.87,12022.2,2.0,65.7,3.48,0.39,True,34.45,2026-09-17 10:08:58,1995.9,1938.75,Healthcare,False,37977.8,
PNB.NS,118.6,115.27,125.25,105,3.33,349.31,12453.0,2.0,60.7,3.92,0.34,True,32.44,2026-09-17 10:09:08,118.2,116.15,Financial Services,False,25524.8,
ECLERX.NS,1979.2,1866.27,2205.06,4,112.93,451.71,7916.8,2.0,60.6,2.94,0.53,True,32.26,2026-09-17 10:09:14,1968.8,1915.42,Technology,False,17608.0,
ACE.NS,1164.3,1104.31,1284.29,8,59.99,479.96,9314.4,2.0,60.9,2.56,0.54,True,28.96,2026-09-17 10:08:45,1158.0,1128.95,Industrials,False,8293.6,
CUB.NS,235.34,222.42,261.17,35,12.92,452.2,8236.9,2.0,59.6,2.16,1.01,True,24.7,2026-09-17 10:08:51,232.99,227.64,Financial Services,False,56.7,⚠️ Sector Warning: You already have a signal in Financial Services today — taking this one too means doubling up on the same sector's risk.
PFOCUS.NS,336.9,317.34,376.03,25,19.56,489.11,8422.5,2.0,71.1,8.87,0.99,True,60.34,2026-09-17 10:21:37,333.6,305.91,Communication Services,False,41577.5,
AEGISVOPAK.NS,313.35,293.75,352.55,25,19.6,490.04,7833.75,2.0,69.0,7.9,0.76,True,54.9,2026-09-17 10:21:28,311.0,289.06,Energy,False,33743.75,
IPCALAB.NS,2004.8,1939.56,2135.28,6,65.24,391.44,12028.8,2.0,65.8,4.21,0.45,True,37.99,2026-09-17 10:21:34,1995.9,1938.86,Healthcare,False,21714.95,
PNB.NS,118.45,115.12,125.1,105,3.33,349.31,12437.25,2.0,60.3,3.48,0.21,True,30.2,2026-09-17 10:21:38,118.2,116.13,Financial Services,False,9277.7,
CUB.NS,235.16,222.1,261.28,38,13.06,496.31,8936.08,2.0,59.4,3.17,0.93,True,29.77,2026-09-17 10:21:31,232.99,227.62,Financial Services,False,341.62,⚠️ Sector Warning: You already have a signal in Financial Services today — taking this one too means doubling up on the same sector's risk.
PFOCUS.NS,338.15,318.59,377.28,25,19.56,489.11,8453.75,2.0,71.5,9.5,1.36,True,63.0,2026-09-17 10:30:30,333.6,306.03,Communication Services,False,41546.25,
AEGISVOPAK.NS,311.9,292.28,351.14,25,19.62,490.45,7797.5,2.0,68.4,8.62,0.29,True,59.14,2026-09-17 10:30:20,311.0,288.92,Energy,False,33748.75,
CUB.NS,234.29,221.23,260.41,38,13.06,496.31,8903.02,2.0,58.7,3.17,0.56,True,29.8,2026-09-17 10:30:22,232.99,227.54,Financial Services,False,24845.73,
ACE.NS,1164.0,1104.01,1283.99,8,59.99,479.96,9312.0,2.0,60.8,2.34,0.52,True,27.86,2026-09-17 10:30:19,1158.0,1128.92,Industrials,False,15533.73,
RAINBOW.NS,1496.7,1442.98,1604.14,8,53.72,429.77,11973.6,2.0,59.3,3.28,1.2,True,24.57,2026-09-17 10:30:31,1479.0,1458.74,Healthcare,False,3560.13,
PFOCUS.NS,337.2,317.33,376.95,25,19.88,496.88,8430.0,2.0,71.2,10.88,1.08,True,70.27,2026-09-17 10:47:14,333.6,305.94,Communication Services,False,41570.0,
ECLERX.NS,1979.9,1866.4,2206.89,4,113.5,453.99,7919.6,2.0,60.6,2.77,0.56,True,31.41,2026-09-17 10:47:17,1968.8,1915.48,Technology,False,33650.4,
CUB.NS,234.1,221.04,260.22,38,13.06,496.31,8895.8,2.0,58.6,2.88,0.48,True,28.38,2026-09-17 10:47:06,232.99,227.52,Financial Services,False,24754.6,
RAINBOW.NS,1494.4,1440.68,1601.84,8,53.72,429.77,11955.2,2.0,58.8,2.88,1.04,True,22.56,2026-09-17 10:47:14,1479.0,1458.52,Healthcare,False,12799.4,
TEGA.NS,1784.9,1672.11,2010.48,4,112.79,451.16,7139.6,2.0,62.9,1.28,0.36,True,16.89,2026-09-17 10:47:16,1778.53,1659.93,Industrials,False,5659.8,
SYRMA.NS,1646.5,1542.47,1854.55,4,104.03,416.1,6586.0,2.0,65.1,24.08,0.4,True,139.41,2026-09-17 11:01:57,1639.9,1523.56,Technology,False,43414.0,
PFOCUS.NS,339.55,319.67,379.3,25,19.88,496.88,8488.75,2.0,71.9,11.38,1.78,True,71.86,2026-09-17 11:01:55,333.6,306.16,Communication Services,False,34925.25,
ECLERX.NS,1987.8,1873.96,2215.48,4,113.84,455.36,7951.2,2.0,61.4,2.82,0.97,True,31.59,2026-09-17 11:01:59,1968.8,1916.24,Technology,False,26974.05,⚠️ Sector Warning: You already have a signal in Technology today — taking this one too means doubling up on the same sector's risk.
ACE.NS,1165.5,1105.51,1285.49,8,59.99,479.96,9324.0,2.0,61.1,2.01,0.65,True,26.18,2026-09-17 11:01:45,1158.0,1129.06,Industrials,False,17650.05,
RAINBOW.NS,1492.4,1438.68,1599.84,8,53.72,429.77,11939.2,2.0,58.4,2.62,0.91,True,21.21,2026-09-17 11:01:56,1479.0,1458.33,Healthcare,False,5710.85,
PFOCUS.NS,337.65,317.77,377.4,25,19.88,496.88,8441.25,2.0,71.4,10.87,1.21,True,70.04,2026-09-17 11:15:05,333.6,305.98,Communication Services,False,41558.75,
ECLERX.NS,1987.7,1873.86,2215.38,4,113.84,455.36,7950.8,2.0,61.4,2.7,0.96,True,31.0,2026-09-17 11:15:10,1968.8,1916.23,Technology,False,33607.95,
ACE.NS,1171.5,1111.51,1291.49,8,59.99,479.96,9372.0,2.0,62.1,1.92,1.17,True,25.69,2026-09-17 11:14:51,1158.0,1129.64,Industrials,False,24235.95,
RAINBOW.NS,1487.0,1433.28,1594.44,8,53.72,429.77,11896.0,2.0,57.3,2.48,0.54,True,20.37,2026-09-17 11:15:06,1479.0,1457.81,Healthcare,False,12339.95,
PFOCUS.NS,337.35,317.48,377.1,25,19.88,496.88,8433.75,2.0,71.3,10.24,1.12,True,67.03,2026-09-17 11:25:31,333.6,305.95,Communication Services,False,41566.25,
ECLERX.NS,1992.9,1878.51,2221.67,4,114.39,457.54,7971.6,2.0,61.8,2.73,1.22,True,31.13,2026-09-17 11:25:37,1968.8,1916.72,Technology,False,33594.65,
ACE.NS,1177.4,1116.75,1298.7,8,60.65,485.19,9419.2,2.0,63.1,2.32,1.68,True,27.14,2026-09-17 11:25:14,1158.0,1130.2,Industrials,False,24175.45,
RAINBOW.NS,1488.2,1434.48,1595.64,8,53.72,429.77,11905.6,2.0,57.5,2.33,0.62,True,19.64,2026-09-17 11:25:32,1479.0,1457.93,Healthcare,False,12269.85,
TEGA.NS,1804.0,1690.9,2030.2,4,113.1,452.4,7216.0,2.0,64.1,1.31,1.43,True,15.57,2026-09-17 11:25:35,1778.53,1661.75,Industrials,False,5053.85,⚠️ Sector Warning: You already have a signal in Industrials today — taking this one too means doubling up on the same sector's risk.
PFOCUS.NS,334.6,314.73,374.35,25,19.88,496.88,8365.0,2.0,70.4,9.93,0.3,True,66.56,2026-09-17 11:39:45,333.6,305.69,Communication Services,False,41635.0,
ECLERX.NS,1991.0,1876.61,2219.77,4,114.39,457.54,7964.0,2.0,61.7,2.56,1.13,True,30.31,2026-09-17 11:39:48,1968.8,1916.54,Technology,False,33671.0,
ACE.NS,1170.4,1109.75,1291.7,8,60.65,485.19,9363.2,2.0,62.0,2.22,1.07,True,27.19,2026-09-17 11:39:34,1158.0,1129.53,Industrials,False,24307.8,
JUBLFOOD.NS,483.0,467.42,514.17,25,15.58,389.6,12075.0,2.0,52.7,2.05,0.44,True,19.27,2026-09-17 11:39:41,480.9,479.64,Consumer Cyclical,False,12232.8,
RAINBOW.NS,1485.4,1431.68,1592.84,8,53.72,429.77,11883.2,2.0,56.9,2.21,0.43,True,19.0,2026-09-17 11:39:45,1479.0,1457.66,Healthcare,False,349.6,
ECLERX.NS,1990.8,1876.41,2219.57,4,114.39,457.54,7963.2,2.0,61.7,2.3,1.12,True,28.97,2026-09-17 12:01:51,1968.8,1916.52,Technology,False,42036.8,
ACE.NS,1176.9,1116.25,1298.2,8,60.65,485.19,9415.2,2.0,63.0,2.08,1.63,True,26.03,2026-09-17 12:01:25,1158.0,1130.15,Industrials,False,32621.6,
JUBLFOOD.NS,483.65,467.93,515.09,25,15.72,392.95,12091.25,2.0,53.1,1.99,0.57,True,19.01,2026-09-17 12:01:40,480.9,479.7,Consumer Cyclical,False,20530.35,
RAINBOW.NS,1486.4,1432.68,1593.84,8,53.72,429.77,11891.2,2.0,57.2,1.97,0.5,True,17.83,2026-09-17 12:01:46,1479.0,1457.76,Healthcare,False,8639.15,
TEGA.NS,1834.8,1717.3,2069.81,4,117.5,470.02,7339.2,2.0,66.0,2.15,3.16,True,17.49,2026-09-17 12:01:49,1778.53,1664.68,Industrials,False,1299.95,⚠️ Sector Warning: You already have a signal in Industrials today — taking this one too means doubling up on the same sector's risk.
ECLERX.NS,1991.2,1876.81,2219.97,4,114.39,457.54,7964.8,2.0,61.7,2.13,1.14,True,28.14,2026-09-17 12:21:05,1968.8,1916.56,Technology,False,42035.2,
ACE.NS,1176.0,1115.35,1297.3,8,60.65,485.19,9408.0,2.0,62.9,1.95,1.55,True,25.48,2026-09-17 12:20:37,1158.0,1130.06,Industrials,False,32627.2,
JUBLFOOD.NS,483.55,467.83,514.99,25,15.72,392.95,12088.75,2.0,53.0,1.84,0.55,True,18.27,2026-09-17 12:20:49,480.9,479.69,Consumer Cyclical,False,20538.45,
RAINBOW.NS,1482.4,1428.68,1589.84,8,53.72,429.77,11859.2,2.0,56.3,1.8,0.23,True,16.83,2026-09-17 12:20:58,1479.0,1457.37,Healthcare,False,8679.25,
TEGA.NS,1857.9,1739.37,2094.97,4,118.53,474.13,7431.6,2.0,67.3,2.29,4.46,True,16.53,2026-09-17 12:21:02,1778.53,1666.88,Industrials,False,1247.65,⚠️ Sector Warning: You already have a signal in Industrials today — taking this one too means doubling up on the same sector's risk.
PFOCUS.NS,335.05,315.17,374.8,25,19.88,496.88,8376.25,2.0,70.5,9.28,0.43,True,63.12,2026-09-17 12:32:23,333.6,305.74,Communication Services,False,41623.75,
ECLERX.NS,1985.0,1868.71,2217.59,4,116.29,465.17,7940.0,2.0,61.1,2.38,0.82,True,29.42,2026-09-17 12:32:27,1968.8,1915.97,Technology,False,33683.75,
ACE.NS,1172.9,1112.25,1294.2,8,60.65,485.19,9383.2,2.0,62.4,1.85,1.29,True,25.33,2026-09-17 12:32:10,1158.0,1129.77,Industrials,False,24300.55,
JUBLFOOD.NS,483.55,467.77,515.11,25,15.78,394.55,12088.75,2.0,53.0,1.84,0.55,True,18.27,2026-09-17 12:32:18,480.9,479.69,Consumer Cyclical,False,12211.8,
TEGA.NS,1863.6,1744.06,2102.68,4,119.54,478.16,7454.4,2.0,67.6,2.47,4.78,True,17.06,2026-09-17 12:32:26,1778.53,1667.43,Industrials,False,4757.4,⚠️ Sector Warning: You already have a signal in Industrials today — taking this one too means doubling up on the same sector's risk.
ACE.NS,1176.8,1116.15,1298.1,8,60.65,485.19,9414.4,2.0,63.0,1.77,1.62,True,24.45,2026-09-17 12:51:04,1158.0,1130.14,Industrials,False,40585.6,
CASTROLIND.NS,192.14,188.31,199.81,65,3.83,249.18,12489.1,2.0,68.7,2.15,0.68,True,20.59,2026-09-17 12:51:06,190.84,187.65,Energy,False,28096.5,
TEGA.NS,1862.4,1742.11,2102.98,4,120.29,481.16,7449.6,2.0,67.5,3.08,4.72,True,20.16,2026-09-17 12:51:15,1778.53,1667.31,Industrials,False,20646.9,⚠️ Sector Warning: You already have a signal in Industrials today — taking this one too means doubling up on the same sector's risk.
JUBLFOOD.NS,485.85,469.92,517.71,25,15.93,398.3,12146.25,2.0,54.3,1.86,1.03,True,18.42,2026-09-17 12:51:10,480.9,479.91,Consumer Cyclical,False,8500.65,
ACE.NS,1177.2,1116.55,1298.5,8,60.65,485.19,9417.6,2.0,63.1,1.71,1.66,True,24.14,2026-09-17 13:05:07,1158.0,1130.18,Industrials,False,40582.4,
CASTROLIND.NS,191.85,188.02,199.52,65,3.83,249.25,12470.25,2.0,68.1,2.15,0.53,True,20.96,2026-09-17 13:05:13,190.84,187.62,Energy,False,28112.15,
TEGA.NS,1861.5,1741.21,2102.08,4,120.29,481.16,7446.0,2.0,67.4,3.16,4.67,True,20.66,2026-09-17 13:05:28,1778.53,1667.23,Industrials,False,20666.15,⚠️ Sector Warning: You already have a signal in Industrials today — taking this one too means doubling up on the same sector's risk.
JUBLFOOD.NS,485.7,469.73,517.64,25,15.97,399.24,12142.5,2.0,54.2,1.8,1.0,True,18.15,2026-09-17 13:05:20,480.9,479.9,Consumer Cyclical,False,8523.65,
TEGA.NS,1856.0,1735.71,2096.58,4,120.29,481.16,7424.0,2.0,67.2,3.61,4.36,True,23.26,2026-09-17 13:18:22,1778.53,1666.7,Industrials,False,42576.0,
ACE.NS,1183.9,1122.93,1305.84,8,60.97,487.76,9471.2,2.0,64.2,1.72,2.24,True,23.25,2026-09-17 13:18:10,1158.0,1130.82,Industrials,False,33104.8,⚠️ Sector Warning: You already have a signal in Industrials today — taking this one too means doubling up on the same sector's risk.
CASTROLIND.NS,192.33,188.5,200.0,64,3.83,245.42,12309.12,2.0,69.1,2.1,0.78,True,20.06,2026-09-17 13:18:13,190.84,187.66,Energy,False,20795.68,
JUBLFOOD.NS,485.25,469.28,517.19,25,15.97,399.24,12131.25,2.0,54.0,1.74,0.9,True,17.84,2026-09-17 13:18:17,480.9,479.86,Consumer Cyclical,False,8664.43,
ACE.NS,1180.7,1119.3,1303.5,8,61.4,491.19,9445.6,2.0,63.7,1.76,1.96,True,23.85,2026-09-17 13:27:40,1158.0,1130.51,Industrials,False,40554.4,
CASTROLIND.NS,192.27,188.4,200.01,65,3.87,251.69,12497.55,2.0,69.0,2.14,0.75,True,20.36,2026-09-17 13:27:42,190.84,187.66,Energy,False,28056.85,
JUBLFOOD.NS,482.55,466.58,514.49,25,15.97,399.24,12063.75,2.0,52.5,1.8,0.34,True,18.0,2026-09-17 13:27:47,480.9,479.6,Consumer Cyclical,False,15993.1,
ACE.NS,1187.5,1125.26,1311.99,8,62.24,497.96,9500.0,2.0,64.7,2.04,2.55,True,24.34,2026-09-17 13:44:10,1158.0,1131.16,Industrials,False,40500.0,
CASTROLIND.NS,192.44,188.57,200.18,64,3.87,247.82,12316.16,2.0,69.3,2.11,0.84,True,19.97,2026-09-17 13:44:14,190.84,187.67,Energy,False,28183.84,
JUBLFOOD.NS,482.85,466.88,514.79,25,15.97,399.24,12071.25,2.0,52.6,1.74,0.41,True,17.72,2026-09-17 13:44:18,480.9,479.63,Consumer Cyclical,False,16112.59,
ACE.NS,1185.7,1123.46,1310.19,8,62.24,497.96,9485.6,2.0,64.4,2.06,2.39,True,24.69,2026-09-17 14:00:48,1158.0,1130.99,Industrials,False,40514.4,
CASTROLIND.NS,192.62,188.74,200.38,64,3.88,248.3,12327.68,2.0,69.7,2.1,0.93,True,19.73,2026-09-17 14:00:50,190.84,187.69,Energy,False,28186.72,
JUBLFOOD.NS,482.0,466.03,513.94,25,15.97,399.24,12050.0,2.0,52.2,1.71,0.23,True,17.57,2026-09-17 14:00:55,480.9,479.55,Consumer Cyclical,False,16136.72,
ACE.NS,1187.4,1125.16,1311.89,8,62.24,497.96,9499.2,2.0,64.7,2.02,2.54,True,24.26,2026-09-17 14:14:22,1158.0,1131.15,Industrials,False,40500.8,
CASTROLIND.NS,192.55,188.67,200.31,64,3.88,248.3,12323.2,2.0,69.6,2.05,0.9,True,19.57,2026-09-17 14:14:27,190.84,187.69,Energy,False,28177.6,
ACE.NS,1191.5,1129.26,1315.99,8,62.24,497.96,9532.0,2.0,65.3,2.0,2.89,True,23.58,2026-09-17 14:24:49,1158.0,1131.54,Industrials,False,40468.0,
CASTROLIND.NS,192.4,188.52,200.16,64,3.88,248.3,12313.6,2.0,69.3,2.03,0.82,True,19.63,2026-09-17 14:24:52,190.84,187.67,Energy,False,28154.4,
ACE.NS,1204.0,1140.78,1330.44,7,63.22,442.54,8428.0,2.0,67.0,2.14,3.97,True,22.67,2026-09-17 14:36:49,1158.0,1132.73,Industrials,False,41572.0,
CASTROLIND.NS,192.48,188.6,200.24,64,3.88,248.3,12318.72,2.0,69.4,2.01,0.86,True,19.43,2026-09-17 14:36:52,190.84,187.68,Energy,False,29253.28,
RAINBOW.NS,1483.6,1429.88,1591.04,8,53.72,429.77,11868.8,2.0,56.5,1.24,0.31,True,14.11,2026-09-17 14:37:01,1479.0,1457.49,Healthcare,False,17384.48,
ACE.NS,1200.1,1136.69,1326.92,7,63.41,443.89,8400.7,2.0,66.5,2.28,3.64,True,23.89,2026-09-17 14:53:05,1158.0,1132.36,Industrials,False,41599.3,
CASTROLIND.NS,191.83,188.07,199.36,65,3.76,244.66,12468.95,2.0,68.6,2.02,0.52,True,20.09,2026-09-17 14:53:08,190.84,187.76,Energy,False,29130.35,
RAINBOW.NS,1484.3,1432.37,1588.16,8,51.93,415.46,11874.4,2.0,57.2,1.24,0.37,True,14.31,2026-09-17 14:53:18,1478.9,1457.77,Healthcare,False,17255.95,
PFOCUS.NS,335.05,315.17,374.8,25,19.88,496.88,8376.25,2.0,70.5,7.05,0.43,True,51.98,2026-09-17 15:07:10,333.6,305.74,Communication Services,False,41623.75,
ACE.NS,1204.8,1140.7,1333.0,7,64.1,448.69,8433.6,2.0,67.1,2.63,4.04,True,24.99,2026-09-17 15:06:55,1158.0,1132.81,Industrials,False,33190.15,
CASTROLIND.NS,191.74,187.98,199.27,65,3.76,244.66,12463.1,2.0,68.3,2.01,0.47,True,20.17,2026-09-17 15:06:58,190.84,187.75,Energy,False,20727.05,
PFOCUS.NS,335.05,315.17,374.8,25,19.88,496.88,8376.25,2.0,70.5,6.91,0.43,True,51.29,2026-09-17 15:20:10,333.6,305.74,Communication Services,False,41623.75,
ACE.NS,1207.0,1142.9,1335.2,7,64.1,448.69,8449.0,2.0,67.4,2.73,4.23,True,25.21,2026-09-17 15:19:53,1158.0,1133.02,Industrials,False,33174.75,
CASTROLIND.NS,191.7,187.94,199.23,65,3.76,244.66,12460.5,2.0,68.3,2.0,0.45,True,20.2,2026-09-17 15:19:58,190.84,187.75,Energy,False,20714.25,
ACE.NS,1203.1,1139.0,1331.3,7,64.1,448.69,8421.7,2.0,66.9,2.76,3.89,True,25.88,2026-09-17 15:28:40,1158.0,1132.65,Industrials,False,41578.3,
CASTROLIND.NS,191.9,188.14,199.43,65,3.76,244.66,12473.5,2.0,68.7,2.01,0.56,True,19.99,2026-09-17 15:28:43,190.84,187.77,Energy,False,29104.8,
ETERNAL.NS,328.8,317.41,351.58,38,11.39,432.79,12494.4,2.0,61.5,1.6,0.26,True,24.73,2026-09-18 09:22:55,327.95,321.74,Consumer Cyclical,False,37505.6,
ANANDRATHI.NS,2232.6,2166.61,2364.58,5,65.99,329.95,11163.0,2.0,62.0,1.35,0.46,True,22.66,2026-09-18 09:22:51,2222.3,2190.38,Financial Services,False,26342.6,
PFOCUS.NS,340.9,321.49,379.73,25,19.41,485.36,8522.5,2.0,72.3,1.55,2.19,True,22.16,2026-09-18 09:23:02,333.6,306.29,Communication Services,False,17820.1,
ZYDUSLIFE.NS,1165.5,1122.59,1251.32,10,42.91,429.11,11655.0,2.0,57.3,2.78,2.25,True,21.04,2026-09-18 09:23:05,1139.9,1134.12,Healthcare,False,6165.1,
CASTROLIND.NS,193.7,190.14,200.82,31,3.56,110.36,6004.7,2.0,73.3,1.41,0.43,True,15.41,2026-09-18 09:22:54,192.87,188.38,Energy,False,160.4,
ANANDRATHI.NS,2264.0,2194.69,2402.62,5,69.31,346.55,11320.0,2.0,66.2,4.65,1.88,True,36.63,2026-09-18 09:36:19,2222.3,2193.37,Financial Services,False,38680.0,
ACE.NS,1234.7,1169.38,1365.35,7,65.32,457.27,8642.9,2.0,70.8,4.31,1.77,True,34.91,2026-09-18 09:36:17,1213.2,1142.58,Industrials,False,30037.1,
ZYDUSLIFE.NS,1155.2,1112.21,1241.17,10,42.99,429.86,11552.0,2.0,55.3,5.34,1.34,True,33.89,2026-09-18 09:36:43,1139.9,1133.14,Healthcare,False,18485.1,
PFOCUS.NS,340.9,321.47,379.76,25,19.43,485.76,8522.5,2.0,72.3,3.73,2.19,True,33.06,2026-09-18 09:36:37,333.6,306.29,Communication Services,False,9962.6,
SYRMA.NS,1678.0,1570.55,1892.91,4,107.45,429.81,6712.0,2.0,67.4,2.32,1.21,True,29.39,2026-09-18 09:36:40,1658.0,1535.79,Technology,False,3250.6,
ANANDRATHI.NS,2254.7,2185.39,2393.32,5,69.31,346.55,11273.5,2.0,65.0,4.83,1.46,True,38.38,2026-09-18 09:37:50,2222.3,2192.49,Financial Services,False,38726.5,
ACE.NS,1234.9,1169.52,1365.66,7,65.38,457.64,8644.3,2.0,70.8,4.5,1.79,True,35.79,2026-09-18 09:37:49,1213.2,1142.6,Industrials,False,30082.2,
ZYDUSLIFE.NS,1156.9,1113.91,1242.87,10,42.99,429.86,11569.0,2.0,55.6,5.42,1.49,True,34.26,2026-09-18 09:38:14,1139.9,1133.3,Healthcare,False,18513.2,
PFOCUS.NS,341.5,322.07,380.36,25,19.43,485.76,8537.5,2.0,72.5,3.78,2.37,True,33.07,2026-09-18 09:38:07,333.6,306.35,Communication Services,False,9975.7,
SYRMA.NS,1673.0,1564.9,1889.19,4,108.1,432.39,6692.0,2.0,67.1,2.63,0.9,True,31.34,2026-09-18 09:38:10,1658.0,1535.31,Technology,False,3283.7,
ACE.NS,1232.4,1166.43,1364.33,7,65.97,461.77,8626.8,2.0,70.5,6.96,1.58,True,48.42,2026-09-18 09:52:42,1213.2,1142.36,Industrials,False,41373.2,
ANANDRATHI.NS,2243.0,2173.69,2381.62,5,69.31,346.55,11215.0,2.0,63.5,5.91,0.93,True,44.83,2026-09-18 09:52:43,2222.3,2191.37,Financial Services,False,30158.2,
CASTROLIND.NS,194.4,190.71,201.78,64,3.69,236.3,12441.6,2.0,74.5,7.17,0.79,True,43.39,2026-09-18 09:52:45,192.87,188.44,Energy,False,17716.6,
PFOCUS.NS,339.5,320.07,378.36,25,19.43,485.76,8487.5,2.0,71.9,5.02,1.77,True,40.06,2026-09-18 09:52:52,333.6,306.16,Communication Services,False,9229.1,
SYRMA.NS,1716.0,1603.95,1940.1,4,112.05,448.2,6864.0,2.0,69.7,5.02,3.5,True,39.96,2026-09-18 09:52:54,1658.0,1539.41,Technology,False,2365.1,
ACE.NS,1230.3,1164.33,1362.23,7,65.97,461.77,8612.1,2.0,70.3,7.74,1.41,True,52.55,2026-09-18 10:05:39,1213.2,1142.16,Industrials,False,41387.9,
CASTROLIND.NS,193.85,190.16,201.23,64,3.69,236.3,12406.4,2.0,73.6,8.58,0.51,True,51.09,2026-09-18 10:05:42,192.87,188.39,Energy,False,28981.5,
ANANDRATHI.NS,2234.8,2165.49,2373.42,5,69.31,346.55,11174.0,2.0,62.3,6.22,0.56,True,47.02,2026-09-18 10:05:39,2222.3,2190.59,Financial Services,False,17807.5,
SYRMA.NS,1714.0,1601.89,1938.23,4,112.11,448.46,6856.0,2.0,69.6,6.38,3.38,True,46.92,2026-09-18 10:05:53,1658.0,1539.22,Technology,False,10951.5,
PFOCUS.NS,340.45,321.02,379.31,25,19.43,485.76,8511.25,2.0,72.2,5.67,2.05,True,42.96,2026-09-18 10:05:51,333.6,306.25,Communication Services,False,2440.25,
PFOCUS.NS,340.35,320.91,379.22,25,19.44,485.89,8508.75,2.0,72.2,7.58,2.02,True,52.52,2026-09-18 10:17:27,333.6,306.24,Communication Services,False,41491.25,
ACE.NS,1229.6,1163.63,1361.53,7,65.97,461.77,8607.2,2.0,70.2,7.48,1.35,True,51.35,2026-09-18 10:17:10,1213.2,1142.09,Industrials,False,32884.05,
SYRMA.NS,1721.3,1608.97,1945.96,4,112.33,449.31,6885.2,2.0,70.0,6.93,3.82,True,49.11,2026-09-18 10:17:29,1658.0,1539.91,Technology,False,25998.85,
ANANDRATHI.NS,2236.8,2167.49,2375.42,5,69.31,346.55,11184.0,2.0,62.6,5.79,0.65,True,44.84,2026-09-18 10:17:11,2222.3,2190.78,Financial Services,False,14814.85,
PVRINOX.NS,1294.7,1221.98,1440.14,6,72.72,436.31,7768.2,2.0,62.6,4.46,0.99,True,40.95,2026-09-18 10:17:26,1282.0,1225.72,Communication Services,False,7046.65,⚠️ Sector Warning: You already have a signal in Communication Services today — taking this one too means doubling up on the same sector's risk.
PFOCUS.NS,341.5,322.02,380.47,25,19.48,487.1,8537.5,2.0,72.5,7.87,2.37,True,53.55,2026-09-18 10:26:33,333.6,306.35,Communication Services,False,41462.5,
SYRMA.NS,1700.2,1587.6,1925.39,4,112.6,450.39,6800.8,2.0,68.8,6.99,2.55,True,51.02,2026-09-18 10:26:35,1658.0,1537.9,Technology,False,34661.7,
ACE.NS,1235.9,1169.93,1367.83,7,65.97,461.77,8651.3,2.0,70.9,6.97,1.87,True,48.04,2026-09-18 10:26:21,1213.2,1142.69,Industrials,False,26010.4,
ANANDRATHI.NS,2242.0,2172.69,2380.62,5,69.31,346.55,11210.0,2.0,63.3,5.14,0.89,True,41.07,2026-09-18 10:26:22,2222.3,2191.28,Financial Services,False,14800.4,
PVRINOX.NS,1294.4,1221.68,1439.84,6,72.72,436.31,7766.4,2.0,62.6,4.04,0.97,True,38.91,2026-09-18 10:26:32,1282.0,1225.69,Communication Services,False,7034.0,⚠️ Sector Warning: You already have a signal in Communication Services today — taking this one too means doubling up on the same sector's risk.
PFOCUS.NS,340.95,321.41,380.04,25,19.54,488.57,8523.75,2.0,72.4,7.64,2.2,True,52.58,2026-09-18 10:39:06,333.6,306.3,Communication Services,False,41476.25,
SYRMA.NS,1723.2,1610.6,1948.39,4,112.6,450.39,6892.8,2.0,70.1,6.75,3.93,True,48.07,2026-09-18 10:39:08,1658.0,1540.09,Technology,False,34583.45,
ACE.NS,1232.0,1166.03,1363.93,7,65.97,461.77,8624.0,2.0,70.5,6.2,1.55,True,44.64,2026-09-18 10:38:52,1213.2,1142.32,Industrials,False,25959.45,
REDINGTON.NS,407.85,386.0,451.55,22,21.85,480.74,8972.7,2.0,70.4,3.03,1.15,True,40.0,2026-09-18 10:39:07,403.2,375.79,Technology,False,16986.75,⚠️ Sector Warning: You already have a signal in Technology today — taking this one too means doubling up on the same sector's risk.
PVRINOX.NS,1316.1,1242.57,1463.16,6,73.53,441.19,7896.6,2.0,64.8,4.43,2.66,True,38.47,2026-09-18 10:39:06,1282.0,1227.76,Communication Services,False,9090.15,⚠️ Sector Warning: You already have a signal in Communication Services today — taking this one too means doubling up on the same sector's risk.
PFOCUS.NS,341.8,322.26,380.89,25,19.54,488.57,8545.0,2.0,72.6,7.94,2.46,True,53.77,2026-09-18 10:52:22,333.6,306.38,Communication Services,False,41455.0,
CASTROLIND.NS,194.6,190.81,202.18,64,3.79,242.47,12454.4,2.0,74.9,6.96,0.9,True,42.14,2026-09-18 10:52:14,192.87,188.46,Energy,False,29000.6,
ACE.NS,1230.8,1164.83,1362.73,7,65.97,461.77,8615.6,2.0,70.3,5.55,1.45,True,41.54,2026-09-18 10:52:12,1213.2,1142.21,Industrials,False,20385.0,
REDINGTON.NS,413.0,390.89,457.23,22,22.11,486.51,9086.0,2.0,71.8,3.6,2.43,True,41.16,2026-09-18 10:52:23,403.2,376.28,Technology,False,11299.0,
PVRINOX.NS,1312.9,1239.14,1460.41,6,73.76,442.54,7877.4,2.0,64.5,4.38,2.41,True,38.56,2026-09-18 10:52:22,1282.0,1227.45,Communication Services,False,3421.6,⚠️ Sector Warning: You already have a signal in Communication Services today — taking this one too means doubling up on the same sector's risk.
PFOCUS.NS,342.75,323.21,381.84,25,19.54,488.57,8568.75,2.0,72.9,7.92,2.74,True,53.35,2026-09-18 11:03:40,333.6,306.47,Communication Services,False,41431.25,
REDINGTON.NS,405.15,383.04,449.38,22,22.11,486.51,8913.3,2.0,69.7,3.85,0.48,True,44.96,2026-09-18 11:03:41,403.2,375.53,Technology,False,32517.95,
JYOTICNC.NS,1031.45,970.01,1154.33,8,61.44,491.53,8251.6,2.0,62.3,3.54,2.42,True,39.34,2026-09-18 11:03:36,1007.1,979.39,Industrials,False,24266.35,
ACE.NS,1231.1,1165.13,1363.03,7,65.97,461.77,8617.7,2.0,70.4,5.05,1.48,True,39.01,2026-09-18 11:03:29,1213.2,1142.24,Industrials,False,15648.65,⚠️ Sector Warning: You already have a signal in Industrials today — taking this one too means doubling up on the same sector's risk.
PVRINOX.NS,1308.5,1234.74,1456.01,6,73.76,442.54,7851.0,2.0,64.0,4.13,2.07,True,37.78,2026-09-18 11:03:40,1282.0,1227.03,Communication Services,False,7797.65,⚠️ Sector Warning: You already have a signal in Communication Services today — taking this one too means doubling up on the same sector's risk.
SPLPETRO.NS,846.0,795.39,947.23,9,50.61,455.53,7614.0,2.0,69.2,8.66,0.26,True,58.36,2026-09-18 11:15:32,843.8,772.08,Basic Materials,False,42386.0,
PFOCUS.NS,343.0,323.35,382.3,25,19.65,491.25,8575.0,2.0,72.9,7.55,2.82,True,51.4,2026-09-18 11:15:31,333.6,306.49,Communication Services,False,33811.0,
REDINGTON.NS,404.2,382.09,448.43,22,22.11,486.51,8892.4,2.0,69.4,3.59,0.25,True,43.97,2026-09-18 11:15:31,403.2,375.44,Technology,False,24918.6,
JYOTICNC.NS,1026.35,964.77,1149.51,8,61.58,492.64,8210.8,2.0,61.6,4.02,1.91,True,41.92,2026-09-18 11:15:26,1007.1,978.9,Industrials,False,16707.8,
ACE.NS,1230.0,1164.03,1361.93,7,65.97,461.77,8610.0,2.0,70.3,4.61,1.38,True,36.93,2026-09-18 11:15:17,1213.2,1142.13,Industrials,False,8097.8,⚠️ Sector Warning: You already have a signal in Industrials today — taking this one too means doubling up on the same sector's risk.
SPLPETRO.NS,851.2,800.59,952.43,9,50.61,455.53,7660.8,2.0,69.8,9.03,0.88,True,59.39,2026-09-18 11:24:41,843.8,772.58,Basic Materials,False,42339.2,
PFOCUS.NS,339.75,320.1,379.05,25,19.65,491.25,8493.75,2.0,72.0,7.1,1.84,True,50.38,2026-09-18 11:24:39,333.6,306.18,Communication Services,False,33845.45,
JYOTICNC.NS,1032.55,970.69,1156.27,8,61.86,494.87,8260.4,2.0,62.4,4.39,2.53,True,43.54,2026-09-18 11:24:33,1007.1,979.49,Industrials,False,25585.05,
REDINGTON.NS,404.45,382.34,448.68,22,22.11,486.51,8897.9,2.0,69.5,3.38,0.31,True,42.88,2026-09-18 11:24:39,403.2,375.47,Technology,False,16687.15,
ACE.NS,1227.9,1161.93,1359.83,7,65.97,461.77,8595.3,2.0,70.0,4.49,1.21,True,36.58,2026-09-18 11:24:24,1213.2,1141.93,Industrials,False,8091.85,⚠️ Sector Warning: You already have a signal in Industrials today — taking this one too means doubling up on the same sector's risk.
SPLPETRO.NS,855.1,804.49,956.33,9,50.61,455.53,7695.9,2.0,70.3,8.94,1.34,True,58.36,2026-09-18 11:37:13,843.8,772.95,Basic Materials,False,42304.1,
PFOCUS.NS,340.2,320.55,379.5,25,19.65,491.25,8505.0,2.0,72.1,7.41,1.98,True,51.73,2026-09-18 11:37:11,333.6,306.23,Communication Services,False,33799.1,
JYOTICNC.NS,1039.7,977.41,1164.27,8,62.29,498.3,8317.6,2.0,63.3,4.52,3.24,True,43.32,2026-09-18 11:37:08,1007.1,980.17,Industrials,False,25481.5,
ACE.NS,1229.2,1163.23,1361.13,7,65.97,461.77,8604.4,2.0,70.2,4.17,1.32,True,34.85,2026-09-18 11:37:00,1213.2,1142.06,Industrials,False,16877.1,⚠️ Sector Warning: You already have a signal in Industrials today — taking this one too means doubling up on the same sector's risk.
PVRINOX.NS,1310.9,1237.14,1458.41,6,73.76,442.54,7865.4,2.0,64.3,3.41,2.25,True,33.94,2026-09-18 11:37:10,1282.0,1227.26,Communication Services,False,9011.7,⚠️ Sector Warning: You already have a signal in Communication Services today — taking this one too means doubling up on the same sector's risk.
SPLPETRO.NS,853.0,802.39,954.23,9,50.61,455.53,7677.0,2.0,70.1,8.47,1.09,True,56.31,2026-09-18 11:57:30,843.8,772.75,Basic Materials,False,42323.0,
PFOCUS.NS,341.2,321.55,380.5,25,19.65,491.25,8530.0,2.0,72.4,7.78,2.28,True,53.23,2026-09-18 11:57:27,333.6,306.32,Communication Services,False,33793.0,
JYOTICNC.NS,1038.0,975.37,1163.26,7,62.63,438.41,7266.0,2.0,63.1,5.53,3.07,True,48.58,2026-09-18 11:57:21,1007.1,980.01,Industrials,False,26527.0,
SYRMA.NS,1737.9,1621.34,1971.02,4,116.56,466.24,6951.6,2.0,70.9,6.73,4.82,True,46.87,2026-09-18 11:57:31,1658.0,1541.49,Technology,False,19575.4,
ACMESOLAR.NS,430.0,405.2,479.61,20,24.8,496.07,8600.0,2.0,66.9,4.06,0.9,True,36.7,2026-09-18 11:57:06,426.15,404.37,Utilities,False,10975.4,
SPLPETRO.NS,848.55,797.94,949.78,9,50.61,455.53,7636.95,2.0,69.5,8.05,0.56,True,54.89,2026-09-18 12:14:24,843.8,772.33,Basic Materials,False,42363.05,
PFOCUS.NS,343.0,323.35,382.3,25,19.65,491.25,8575.0,2.0,72.9,7.18,2.82,True,49.52,2026-09-18 12:14:22,333.6,306.49,Communication Services,False,33788.05,
JYOTICNC.NS,1039.85,977.22,1165.11,7,62.63,438.41,7278.95,2.0,63.3,5.57,3.25,True,48.53,2026-09-18 12:14:14,1007.1,980.19,Industrials,False,26509.1,
ACMESOLAR.NS,429.6,404.8,479.21,20,24.8,496.07,8592.0,2.0,66.8,3.83,0.81,True,35.67,2026-09-18 12:14:02,426.15,404.34,Utilities,False,17917.1,
JUBLFOOD.NS,489.4,473.77,520.65,25,15.63,390.67,12235.0,2.0,56.4,4.5,0.54,True,32.89,2026-09-18 12:14:15,486.75,480.33,Consumer Cyclical,False,5682.1,
SPLPETRO.NS,851.9,801.29,953.13,9,50.61,455.53,7667.1,2.0,69.9,7.59,0.96,True,52.07,2026-09-18 12:27:26,843.8,772.64,Basic Materials,False,42332.9,
JYOTICNC.NS,1043.7,980.64,1169.82,7,63.06,441.41,7305.9,2.0,63.8,5.86,3.63,True,49.46,2026-09-18 12:27:15,1007.1,980.56,Industrials,False,35027.0,
PFOCUS.NS,342.4,322.75,381.7,25,19.65,491.25,8560.0,2.0,72.8,6.76,2.64,True,47.65,2026-09-18 12:27:23,333.6,306.44,Communication Services,False,26467.0,
SYRMA.NS,1734.0,1617.44,1967.12,4,116.56,466.24,6936.0,2.0,70.7,6.15,4.58,True,44.24,2026-09-18 12:27:27,1658.0,1541.12,Technology,False,19531.0,
ACMESOLAR.NS,431.6,406.8,481.21,20,24.8,496.07,8632.0,2.0,67.5,3.74,1.28,True,34.56,2026-09-18 12:26:59,426.15,404.53,Utilities,False,10899.0,
SPLPETRO.NS,850.5,799.89,951.73,9,50.61,455.53,7654.5,2.0,69.8,7.17,0.79,True,50.2,2026-09-18 12:41:47,843.8,772.51,Basic Materials,False,42345.5,
JYOTICNC.NS,1046.85,983.75,1173.05,7,63.1,441.71,7327.95,2.0,64.1,5.84,3.95,True,48.95,2026-09-18 12:41:37,1007.1,980.86,Industrials,False,35017.55,
PFOCUS.NS,341.9,322.25,381.2,25,19.65,491.25,8547.5,2.0,72.6,6.85,2.49,True,48.31,2026-09-18 12:41:44,333.6,306.39,Communication Services,False,26470.05,
SYRMA.NS,1730.5,1613.94,1963.62,4,116.56,466.24,6922.0,2.0,70.5,5.89,4.37,True,43.19,2026-09-18 12:41:47,1658.0,1540.79,Technology,False,19548.05,
ACMESOLAR.NS,432.25,407.43,481.9,20,24.82,496.5,8645.0,2.0,67.7,4.32,1.43,True,37.23,2026-09-18 12:41:25,426.15,404.59,Utilities,False,10903.05,
JYOTICNC.NS,1040.8,977.23,1167.95,7,63.57,445.01,7285.6,2.0,63.4,6.13,3.35,True,51.21,2026-09-18 12:56:26,1007.1,980.28,Industrials,False,42714.4,
SPLPETRO.NS,851.25,800.64,952.48,9,50.61,455.53,7661.25,2.0,69.9,6.81,0.88,True,48.32,2026-09-18 12:56:29,843.8,772.58,Basic Materials,False,35053.15,
PFOCUS.NS,342.4,322.75,381.7,25,19.65,491.25,8560.0,2.0,72.8,6.82,2.64,True,47.97,2026-09-18 12:56:28,333.6,306.44,Communication Services,False,26493.15,
SYRMA.NS,1734.9,1618.34,1968.02,4,116.56,466.24,6939.6,2.0,70.8,5.57,4.64,True,41.27,2026-09-18 12:56:30,1658.0,1541.21,Technology,False,19553.55,
ACMESOLAR.NS,430.1,405.28,479.75,20,24.82,496.5,8602.0,2.0,66.9,4.18,0.93,True,37.29,2026-09-18 12:56:16,426.15,404.38,Utilities,False,10951.55,
JYOTICNC.NS,1042.5,978.93,1169.65,7,63.57,445.01,7297.5,2.0,63.6,6.17,3.52,True,51.19,2026-09-18 13:09:27,1007.1,980.44,Industrials,False,42702.5,
SPLPETRO.NS,849.5,798.89,950.73,9,50.61,455.53,7645.5,2.0,69.6,6.67,0.68,True,47.85,2026-09-18 13:09:32,843.8,772.42,Basic Materials,False,35057.0,
PFOCUS.NS,343.5,323.85,382.8,25,19.65,491.25,8587.5,2.0,73.1,6.49,2.97,True,45.92,2026-09-18 13:09:30,333.6,306.54,Communication Services,False,26469.5,
SYRMA.NS,1735.9,1619.34,1969.02,4,116.56,466.24,6943.6,2.0,70.8,5.3,4.7,True,39.88,2026-09-18 13:09:32,1658.0,1541.3,Technology,False,19525.9,
ACMESOLAR.NS,429.95,405.13,479.6,20,24.82,496.5,8599.0,2.0,66.9,4.01,0.89,True,36.49,2026-09-18 13:09:19,426.15,404.37,Utilities,False,10926.9,
JYOTICNC.NS,1040.1,976.53,1167.25,7,63.57,445.01,7280.7,2.0,63.3,6.04,3.28,True,50.84,2026-09-18 13:20:16,1007.1,980.21,Industrials,False,42719.3,
SPLPETRO.NS,853.0,802.39,954.23,9,50.61,455.53,7677.0,2.0,70.1,6.48,1.09,True,46.39,2026-09-18 13:20:26,843.8,772.75,Basic Materials,False,35042.3,
PFOCUS.NS,343.85,324.17,383.21,25,19.68,492.05,8596.25,2.0,73.2,6.27,3.07,True,44.65,2026-09-18 13:20:24,333.6,306.57,Communication Services,False,26446.05,
SYRMA.NS,1737.8,1621.24,1970.92,4,116.56,466.24,6951.2,2.0,70.9,5.11,4.81,True,38.78,2026-09-18 13:20:27,1658.0,1541.48,Technology,False,19494.85,
ACMESOLAR.NS,429.35,404.53,479.0,20,24.82,496.5,8587.0,2.0,66.7,3.91,0.75,True,36.16,2026-09-18 13:20:04,426.15,404.31,Utilities,False,10907.85,
JYOTICNC.NS,1042.5,978.93,1169.65,7,63.57,445.01,7297.5,2.0,63.6,5.92,3.52,True,49.95,2026-09-18 13:28:46,1007.1,980.44,Industrials,False,42702.5,
SPLPETRO.NS,851.7,801.09,952.93,9,50.61,455.53,7665.3,2.0,69.9,6.34,0.94,True,45.85,2026-09-18 13:28:50,843.8,772.63,Basic Materials,False,35037.2,
PFOCUS.NS,344.0,324.32,383.36,25,19.68,492.05,8600.0,2.0,73.2,6.14,3.12,True,43.95,2026-09-18 13:28:49,333.6,306.59,Communication Services,False,26437.2,
ACMESOLAR.NS,429.7,404.88,479.35,20,24.82,496.5,8594.0,2.0,66.8,3.85,0.83,True,35.76,2026-09-18 13:28:39,426.15,404.35,Utilities,False,17843.2,
URBANCO.NS,170.83,159.26,193.97,43,11.57,497.53,7345.69,2.0,59.0,2.41,1.81,True,32.04,2026-09-18 13:28:52,167.8,164.57,Technology,False,10497.51,
JYOTICNC.NS,1055.0,991.03,1182.94,7,63.97,447.79,7385.0,2.0,65.0,6.41,4.76,True,50.73,2026-09-18 13:45:32,1007.1,981.63,Industrials,False,42615.0,
SPLPETRO.NS,853.45,802.84,954.68,9,50.61,455.53,7681.05,2.0,70.1,6.15,1.14,True,44.64,2026-09-18 13:45:38,843.8,772.79,Basic Materials,False,34933.95,
PFOCUS.NS,343.95,324.19,383.46,25,19.76,493.93,8598.75,2.0,73.2,6.03,3.1,True,43.42,2026-09-18 13:45:36,333.6,306.58,Communication Services,False,26335.2,
ACMESOLAR.NS,429.8,404.97,479.45,20,24.82,496.5,8596.0,2.0,66.8,3.68,0.86,True,34.9,2026-09-18 13:45:25,426.15,404.36,Utilities,False,17739.2,
JUBLFOOD.NS,494.1,478.26,525.78,25,15.84,396.03,12352.5,2.0,58.7,4.58,1.51,True,33.39,2026-09-18 13:45:32,486.75,480.78,Consumer Cyclical,False,5386.7,
JYOTICNC.NS,1049.1,984.11,1179.07,7,64.99,454.91,7343.7,2.0,64.4,7.71,4.17,True,58.02,2026-09-18 14:00:40,1007.1,981.07,Industrials,False,42656.3,
PFOCUS.NS,343.3,323.54,382.81,25,19.76,493.93,8582.5,2.0,73.0,6.09,2.91,True,43.96,2026-09-18 14:00:45,333.6,306.52,Communication Services,False,34073.8,
SPLPETRO.NS,855.8,805.19,957.03,9,50.61,455.53,7702.2,2.0,70.4,5.9,1.42,True,43.07,2026-09-18 14:00:47,843.8,773.02,Basic Materials,False,26371.6,
SYRMA.NS,1739.9,1623.34,1973.02,4,116.56,466.24,6959.6,2.0,71.0,4.52,4.94,True,35.67,2026-09-18 14:00:47,1658.0,1541.68,Technology,False,19412.0,
ACMESOLAR.NS,429.2,404.38,478.85,20,24.82,496.5,8584.0,2.0,66.6,3.57,0.72,True,34.53,2026-09-18 14:00:32,426.15,404.3,Utilities,False,10828.0,
JYOTICNC.NS,1045.0,980.01,1174.97,7,64.99,454.91,7315.0,2.0,63.9,7.61,3.76,True,58.04,2026-09-18 14:15:14,1007.1,980.68,Industrials,False,42685.0,
PFOCUS.NS,343.2,323.44,382.71,25,19.76,493.93,8580.0,2.0,73.0,5.81,2.88,True,42.61,2026-09-18 14:15:19,333.6,306.51,Communication Services,False,34105.0,
SPLPETRO.NS,856.8,806.19,958.03,9,50.61,455.53,7711.2,2.0,70.5,5.73,1.54,True,42.07,2026-09-18 14:15:22,843.8,773.11,Basic Materials,False,26393.8,
ACMESOLAR.NS,429.5,404.68,479.15,20,24.82,496.5,8590.0,2.0,66.7,3.44,0.79,True,33.78,2026-09-18 14:15:02,426.15,404.33,Utilities,False,17803.8,
JUBLFOOD.NS,497.65,481.39,530.17,25,16.26,406.47,12441.25,2.0,60.3,4.66,2.24,True,33.77,2026-09-18 14:15:14,486.75,481.11,Consumer Cyclical,False,5362.55,
JYOTICNC.NS,1042.6,977.61,1172.57,7,64.99,454.91,7298.2,2.0,63.6,7.55,3.52,True,58.06,2026-09-18 14:25:41,1007.1,980.45,Industrials,False,42701.8,
PFOCUS.NS,343.45,323.69,382.96,25,19.76,493.93,8586.25,2.0,73.1,5.73,2.95,True,42.11,2026-09-18 14:25:45,333.6,306.54,Communication Services,False,34115.55,
SPLPETRO.NS,863.0,812.39,964.23,9,50.61,455.53,7767.0,2.0,71.2,5.81,2.28,True,41.54,2026-09-18 14:25:46,843.8,773.7,Basic Materials,False,26348.55,
SYRMA.NS,1728.0,1611.44,1961.12,4,116.56,466.24,6912.0,2.0,70.4,4.37,4.22,True,35.8,2026-09-18 14:25:46,1658.0,1540.55,Technology,False,19436.55,
JUBLFOOD.NS,497.15,480.89,529.67,25,16.26,406.47,12428.75,2.0,60.1,4.65,2.14,True,33.72,2026-09-18 14:25:41,486.75,481.07,Consumer Cyclical,False,7007.8,
JYOTICNC.NS,1044.25,979.26,1174.22,7,64.99,454.91,7309.75,2.0,63.8,7.42,3.69,True,57.21,2026-09-18 14:37:58,1007.1,980.61,Industrials,False,42690.25,
SPLPETRO.NS,859.7,809.09,960.93,9,50.61,455.53,7737.3,2.0,70.9,6.13,1.88,True,43.59,2026-09-18 14:38:05,843.8,773.39,Basic Materials,False,34952.95,
PFOCUS.NS,345.85,325.98,385.6,25,19.88,496.88,8646.25,2.0,73.7,5.6,3.67,True,40.56,2026-09-18 14:38:03,333.6,306.76,Communication Services,False,26306.7,
SYRMA.NS,1718.2,1601.64,1951.32,4,116.56,466.24,6872.8,2.0,69.9,4.31,3.63,True,36.21,2026-09-18 14:38:05,1658.0,1539.62,Technology,False,19433.9,
JUBLFOOD.NS,498.2,481.94,530.72,25,16.26,406.47,12455.0,2.0,60.5,4.64,2.35,True,33.67,2026-09-18 14:37:58,486.75,481.17,Consumer Cyclical,False,6978.9,
JYOTICNC.NS,1051.8,986.81,1181.78,7,64.99,454.91,7362.6,2.0,64.7,7.38,4.44,True,56.0,2026-09-18 14:53:13,1007.1,981.33,Industrials,False,42637.4,
SPLPETRO.NS,860.0,809.39,961.23,9,50.61,455.53,7740.0,2.0,70.9,6.01,1.92,True,42.96,2026-09-18 14:53:22,843.8,773.42,Basic Materials,False,34897.4,
PFOCUS.NS,345.9,325.95,385.8,25,19.95,498.75,8647.5,2.0,73.7,5.44,3.69,True,39.74,2026-09-18 14:53:20,333.6,306.77,Communication Services,False,26249.9,
JUBLFOOD.NS,500.0,483.52,532.96,25,16.48,411.96,12500.0,2.0,61.3,5.29,2.72,True,36.9,2026-09-18 14:53:14,486.75,481.34,Consumer Cyclical,False,13749.9,
SYRMA.NS,1722.0,1605.44,1955.12,4,116.56,466.24,6888.0,2.0,70.1,4.18,3.86,True,35.31,2026-09-18 14:53:24,1658.0,1539.98,Technology,False,6861.9,
JYOTICNC.NS,1050.0,985.01,1179.97,7,64.99,454.91,7350.0,2.0,64.5,7.36,4.26,True,56.14,2026-09-18 15:05:42,1007.1,981.16,Industrials,False,42650.0,
SPLPETRO.NS,863.8,813.19,965.03,9,50.61,455.53,7774.2,2.0,71.3,6.03,2.37,True,42.51,2026-09-18 15:05:47,843.8,773.78,Basic Materials,False,34875.8,
PFOCUS.NS,344.35,324.35,384.35,25,20.0,499.96,8608.75,2.0,73.3,5.47,3.22,True,40.47,2026-09-18 15:05:46,333.6,306.62,Communication Services,False,26267.05,
BEML.NS,2136.0,2010.67,2386.65,3,125.33,375.98,6408.0,2.0,64.3,4.71,1.25,True,39.77,2026-09-18 15:05:34,2109.6,2004.15,Industrials,False,19859.05,⚠️ Sector Warning: You already have a signal in Industrials today — taking this one too means doubling up on the same sector's risk.
JUBLFOOD.NS,501.25,484.71,534.34,24,16.54,397.03,12030.0,2.0,61.8,5.41,2.98,True,37.47,2026-09-18 15:05:42,486.75,481.46,Consumer Cyclical,False,7829.05,
JYOTICNC.NS,1047.9,982.91,1177.88,7,64.99,454.91,7335.3,2.0,64.2,7.36,4.05,True,56.43,2026-09-18 15:16:55,1007.1,980.96,Industrials,False,42664.7,
JSWINFRA.NS,350.75,335.07,382.11,31,15.68,486.09,10873.25,2.0,61.2,8.74,0.44,True,56.08,2026-09-18 15:16:55,349.2,336.01,Industrials,False,31791.45,⚠️ Sector Warning: You already have a signal in Industrials today — taking this one too means doubling up on the same sector's risk.
SHYAMMETL.NS,1100.0,1048.25,1203.5,9,51.75,465.75,9900.0,2.0,62.8,5.63,0.36,True,43.6,2026-09-18 15:16:59,1096.0,1058.63,Basic Materials,False,21891.45,
SPLPETRO.NS,869.0,818.36,970.27,9,50.64,455.72,7821.0,2.0,71.9,6.28,2.99,True,42.97,2026-09-18 15:16:59,843.8,774.27,Basic Materials,False,14070.45,⚠️ Sector Warning: You already have a signal in Basic Materials today — taking this one too means doubling up on the same sector's risk.
ACMESOLAR.NS,437.4,413.42,485.37,20,23.98,479.68,8748.0,2.0,67.6,5.68,2.64,True,42.9,2026-09-18 15:16:47,426.15,405.91,Utilities,False,5322.45,
JSWINFRA.NS,350.7,334.93,382.24,31,15.77,488.91,10871.7,2.0,61.1,10.6,0.43,True,65.38,2026-09-18 15:25:55,349.2,336.0,Industrials,False,39128.3,
EMCURE.NS,2048.1,1961.01,2222.28,5,87.09,435.46,10240.5,2.0,66.2,9.79,1.68,True,59.82,2026-09-18 15:25:48,2014.3,1933.0,Healthcare,False,28887.8,
JYOTICNC.NS,1050.2,985.21,1180.17,7,64.99,454.91,7351.4,2.0,64.5,7.36,4.28,True,56.09,2026-09-18 15:25:55,1007.1,981.17,Industrials,False,21536.4,⚠️ Sector Warning: You already have a signal in Industrials today — taking this one too means doubling up on the same sector's risk.
SHYAMMETL.NS,1104.8,1053.05,1208.3,9,51.75,465.75,9943.2,2.0,63.7,6.67,0.8,True,48.11,2026-09-18 15:26:05,1096.0,1059.09,Basic Materials,False,11593.2,
ACMESOLAR.NS,437.85,413.8,485.95,20,24.05,480.96,8757.0,2.0,67.8,6.39,2.75,True,46.27,2026-09-18 15:25:43,426.15,405.95,Utilities,False,2836.2,
JYOTICNC.NS,1095.85,1029.91,1227.73,7,65.94,461.59,7670.95,2.0,69.3,3.04,2.9,True,34.74,2026-09-21 09:24:15,1065.0,992.05,Industrials,False,42329.05,
ACMESOLAR.NS,455.95,430.66,506.53,19,25.29,480.53,8663.05,2.0,72.6,1.9,3.46,True,22.16,2026-09-21 09:23:59,440.7,410.49,Utilities,False,33666.0,
ACE.NS,1247.9,1185.82,1372.07,8,62.08,496.67,9983.2,2.0,72.5,1.41,0.52,True,21.41,2026-09-21 09:23:59,1241.5,1151.94,Industrials,False,23682.8,⚠️ Sector Warning: You already have a signal in Industrials today — taking this one too means doubling up on the same sector's risk.
PCBL.NS,340.4,324.48,372.24,31,15.92,493.56,10552.4,2.0,61.4,1.39,0.71,True,19.64,2026-09-21 09:24:22,338.0,326.03,Basic Materials,False,13130.4,
BLUEJET.NS,585.35,564.27,627.5,21,21.08,442.6,12292.35,2.0,55.0,1.89,1.3,True,17.18,2026-09-21 09:24:03,577.85,575.18,Healthcare,False,838.05,
JYOTICNC.NS,1108.0,1040.45,1243.11,7,67.55,472.87,7756.0,2.0,70.4,7.6,4.04,True,56.11,2026-09-21 09:37:33,1065.0,993.21,Industrials,False,42244.0,
PCBL.NS,351.5,334.35,385.81,29,17.15,497.45,10193.5,2.0,66.4,7.03,3.99,True,43.77,2026-09-21 09:37:36,338.0,327.09,Basic Materials,False,32050.5,
SAPPHIRE.NS,239.51,226.65,265.23,38,12.86,488.69,9101.38,2.0,63.6,3.75,1.38,True,37.03,2026-09-21 09:37:37,236.25,228.5,Consumer Cyclical,False,22949.12,
ENGINERSIN.NS,274.75,261.91,300.43,38,12.84,487.96,10440.5,2.0,61.7,3.71,0.64,True,36.08,2026-09-21 09:37:30,273.0,264.69,Industrials,False,12508.62,⚠️ Sector Warning: You already have a signal in Industrials today — taking this one too means doubling up on the same sector's risk.
ACMESOLAR.NS,456.55,430.49,508.66,19,26.06,495.09,8674.45,2.0,72.8,3.74,3.6,True,31.17,2026-09-21 09:37:25,440.7,410.55,Utilities,False,3834.17,
JYOTICNC.NS,1106.6,1039.05,1241.71,7,67.55,472.87,7746.2,2.0,70.2,7.81,3.91,True,57.34,2026-09-21 09:38:48,1065.0,993.08,Industrials,False,42253.8,
PCBL.NS,349.95,332.8,384.26,29,17.15,497.45,10148.55,2.0,65.8,7.75,3.54,True,48.04,2026-09-21 09:38:52,338.0,326.94,Basic Materials,False,32105.25,
SAPPHIRE.NS,241.54,228.52,267.57,38,13.02,494.6,9178.52,2.0,65.0,5.2,2.24,True,43.02,2026-09-21 09:38:54,236.25,228.7,Consumer Cyclical,False,22926.73,
ENGINERSIN.NS,275.65,262.81,301.33,38,12.84,487.96,10474.7,2.0,62.3,3.92,0.97,True,37.02,2026-09-21 09:38:43,273.0,264.78,Industrials,False,12452.03,⚠️ Sector Warning: You already have a signal in Industrials today — taking this one too means doubling up on the same sector's risk.
ACMESOLAR.NS,456.1,430.04,508.21,19,26.06,495.09,8665.9,2.0,72.7,3.77,3.49,True,31.48,2026-09-21 09:38:38,440.7,410.5,Utilities,False,3786.13,
JYOTICNC.NS,1094.05,1026.5,1229.16,7,67.55,472.87,7658.35,2.0,69.1,10.58,2.73,True,72.67,2026-09-21 09:53:54,1065.0,991.88,Industrials,False,42341.65,
SAPPHIRE.NS,240.25,227.2,266.36,38,13.05,496.06,9129.5,2.0,64.1,9.43,1.69,True,64.98,2026-09-21 09:54:00,236.25,228.57,Consumer Cyclical,False,33212.15,
PCBL.NS,348.0,330.85,382.31,29,17.15,497.45,10092.0,2.0,65.0,10.57,2.96,True,62.96,2026-09-21 09:53:59,338.0,326.75,Basic Materials,False,23120.15,
ENGINERSIN.NS,275.95,262.86,302.14,38,13.09,497.53,10486.1,2.0,62.5,6.25,1.08,True,48.65,2026-09-21 09:53:47,273.0,264.8,Industrials,False,12634.05,⚠️ Sector Warning: You already have a signal in Industrials today — taking this one too means doubling up on the same sector's risk.
ACMESOLAR.NS,450.25,424.19,502.36,19,26.06,495.09,8554.75,2.0,71.3,4.91,2.17,True,38.89,2026-09-21 09:53:42,440.7,409.95,Utilities,False,4079.3,
EMMVEE.NS,350.6,331.92,387.96,26,18.68,485.74,9115.6,2.0,63.2,18.63,0.57,True,105.07,2026-09-21 10:08:53,348.63,330.34,Technology,False,40884.4,
PCBL.NS,350.35,332.98,385.09,28,17.37,486.3,9809.8,2.0,66.0,15.72,3.65,True,87.72,2026-09-21 10:09:02,338.0,326.98,Basic Materials,False,31074.6,
JYOTICNC.NS,1092.1,1024.55,1227.21,7,67.55,472.87,7644.7,2.0,69.0,11.45,2.54,True,77.23,2026-09-21 10:08:58,1065.0,991.7,Industrials,False,23429.9,
SAPPHIRE.NS,240.02,226.97,266.13,38,13.05,496.06,9120.76,2.0,63.9,11.09,1.6,True,73.43,2026-09-21 10:09:04,236.25,228.55,Consumer Cyclical,False,14309.14,
ENGINERSIN.NS,275.0,261.91,301.19,38,13.09,497.53,10450.0,2.0,61.9,7.67,0.73,True,55.85,2026-09-21 10:08:53,273.0,264.71,Industrials,False,3859.14,⚠️ Sector Warning: You already have a signal in Industrials today — taking this one too means doubling up on the same sector's risk.
PCBL.NS,347.95,330.58,382.69,28,17.37,486.3,9742.6,2.0,65.0,14.06,2.94,True,80.47,2026-09-21 10:21:51,338.0,326.75,Basic Materials,False,40257.4,
SAPPHIRE.NS,238.49,225.44,264.6,38,13.05,496.06,9062.62,2.0,62.9,11.12,0.95,True,74.57,2026-09-21 10:21:52,236.25,228.41,Consumer Cyclical,False,31194.78,
JYOTICNC.NS,1097.2,1029.65,1232.31,7,67.55,472.87,7680.4,2.0,69.4,10.12,3.02,True,70.0,2026-09-21 10:21:49,1065.0,992.18,Industrials,False,23514.38,
ENGINERSIN.NS,275.9,262.81,302.09,38,13.09,497.53,10484.2,2.0,62.4,6.87,1.06,True,51.76,2026-09-21 10:21:46,273.0,264.8,Industrials,False,13030.18,⚠️ Sector Warning: You already have a signal in Industrials today — taking this one too means doubling up on the same sector's risk.
PFOCUS.NS,348.25,327.24,390.27,23,21.01,483.25,8009.75,2.0,74.9,7.55,4.39,True,49.16,2026-09-21 10:21:51,333.6,307.93,Communication Services,False,5020.43,
CARBORUNIV.NS,1176.6,1102.17,1325.46,6,74.43,446.59,7059.6,2.0,61.1,51.71,3.09,True,265.95,2026-09-21 10:31:26,1141.3,1101.81,Industrials,False,42940.4,
PCBL.NS,349.1,331.73,383.84,28,17.37,486.3,9774.8,2.0,65.5,12.67,3.28,True,72.99,2026-09-21 10:31:32,338.0,326.86,Basic Materials,False,33165.6,
SAPPHIRE.NS,238.41,225.36,264.52,38,13.05,496.06,9059.58,2.0,62.8,10.12,0.91,True,69.64,2026-09-21 10:31:33,236.25,228.4,Consumer Cyclical,False,24106.02,
JYOTICNC.NS,1100.2,1032.65,1235.31,7,67.55,472.87,7701.4,2.0,69.7,9.42,3.31,True,66.12,2026-09-21 10:31:30,1065.0,992.47,Industrials,False,16404.62,⚠️ Sector Warning: You already have a signal in Industrials today — taking this one too means doubling up on the same sector's risk.
ENGINERSIN.NS,274.5,261.41,300.69,38,13.09,497.53,10431.0,2.0,61.6,6.3,0.55,True,49.02,2026-09-21 10:31:27,273.0,264.67,Industrials,False,5973.62,⚠️ Sector Warning: You already have a signal in Industrials today — taking this one too means doubling up on the same sector's risk.
CARBORUNIV.NS,1181.1,1106.67,1329.96,6,74.43,446.59,7086.6,2.0,61.6,45.38,3.49,True,234.18,2026-09-21 10:48:11,1141.3,1102.24,Industrials,False,42913.4,
PCBL.NS,347.8,330.43,382.54,28,17.37,486.3,9738.4,2.0,64.9,10.89,2.9,True,64.65,2026-09-21 10:48:20,338.0,326.74,Basic Materials,False,33175.0,
ENGINERSIN.NS,280.05,266.73,306.69,37,13.32,492.76,10361.85,2.0,64.8,6.83,2.58,True,49.33,2026-09-21 10:48:13,273.0,265.2,Industrials,False,22813.15,⚠️ Sector Warning: You already have a signal in Industrials today — taking this one too means doubling up on the same sector's risk.
CONCORDBIO.NS,1563.0,1487.73,1713.54,6,75.27,451.61,9378.0,2.0,63.0,5.6,2.22,True,42.96,2026-09-21 10:48:12,1529.0,1480.16,Healthcare,False,13435.15,
ACMESOLAR.NS,453.8,427.74,505.91,19,26.06,495.09,8622.2,2.0,72.1,4.12,2.97,True,33.9,2026-09-21 10:48:08,440.7,410.28,Utilities,False,4812.95,
CARBORUNIV.NS,1179.2,1102.51,1332.59,6,76.69,460.16,7075.2,2.0,61.0,66.87,4.97,True,339.54,2026-09-21 11:02:12,1123.4,1099.16,Industrials,False,42924.8,
SAPPHIRE.NS,237.5,224.45,263.61,38,13.05,496.06,9025.0,2.0,62.1,8.58,0.53,True,62.25,2026-09-21 11:02:21,236.25,228.31,Consumer Cyclical,False,33899.8,
PCBL.NS,347.7,330.33,382.44,28,17.37,486.3,9735.6,2.0,64.9,9.89,2.87,True,59.71,2026-09-21 11:02:20,338.0,326.73,Basic Materials,False,24164.2,
ENGINERSIN.NS,279.85,266.38,306.8,37,13.47,498.51,10354.45,2.0,64.7,6.92,2.51,True,49.88,2026-09-21 11:02:14,273.0,265.18,Industrials,False,13809.75,⚠️ Sector Warning: You already have a signal in Industrials today — taking this one too means doubling up on the same sector's risk.
PFOCUS.NS,345.25,324.22,387.3,23,21.03,483.62,7940.75,2.0,74.1,6.26,3.49,True,43.82,2026-09-21 11:02:21,333.6,307.64,Communication Services,False,5869.0,
CARBORUNIV.NS,1178.8,1102.11,1332.19,6,76.69,460.16,7072.8,2.0,61.0,60.59,4.93,True,308.19,2026-09-21 11:15:22,1123.4,1099.12,Industrials,False,42927.2,
JYOTICNC.NS,1106.7,1037.03,1246.04,7,69.67,487.69,7746.9,2.0,70.2,9.67,3.92,True,66.63,2026-09-21 11:15:33,1065.0,993.09,Industrials,False,35180.3,⚠️ Sector Warning: You already have a signal in Industrials today — taking this one too means doubling up on the same sector's risk.
SAPPHIRE.NS,237.04,223.99,263.15,38,13.05,496.06,9007.52,2.0,61.8,7.89,0.33,True,58.81,2026-09-21 11:15:43,236.25,228.27,Consumer Cyclical,False,26172.78,
PCBL.NS,347.25,329.88,381.99,28,17.37,486.3,9723.0,2.0,64.7,8.88,2.74,True,54.84,2026-09-21 11:15:39,338.0,326.68,Basic Materials,False,16449.78,
ENGINERSIN.NS,279.7,266.23,306.65,37,13.47,498.51,10348.9,2.0,64.6,6.42,2.45,True,47.49,2026-09-21 11:15:24,273.0,265.16,Industrials,False,6100.88,⚠️ Sector Warning: You already have a signal in Industrials today — taking this one too means doubling up on the same sector's risk.
CARBORUNIV.NS,1167.5,1093.07,1316.36,6,74.43,446.59,7005.0,2.0,60.1,35.08,2.3,True,183.13,2026-09-21 11:25:42,1141.3,1100.95,Industrials,False,42995.0,
JYOTICNC.NS,1107.0,1037.33,1246.34,7,69.67,487.69,7749.0,2.0,70.3,9.25,3.94,True,64.48,2026-09-21 11:25:47,1065.0,993.11,Industrials,False,35246.0,⚠️ Sector Warning: You already have a signal in Industrials today — taking this one too means doubling up on the same sector's risk.
SAPPHIRE.NS,237.53,224.48,263.64,38,13.05,496.06,9026.14,2.0,62.1,7.7,0.54,True,57.81,2026-09-21 11:25:51,236.25,228.32,Consumer Cyclical,False,26219.86,
PCBL.NS,347.0,329.63,381.74,28,17.37,486.3,9716.0,2.0,64.6,8.29,2.66,True,52.01,2026-09-21 11:25:49,338.0,326.66,Basic Materials,False,16503.86,
ENGINERSIN.NS,281.45,267.98,308.4,37,13.47,498.51,10413.65,2.0,65.5,6.52,3.1,True,47.01,2026-09-21 11:25:43,273.0,265.33,Industrials,False,6090.21,⚠️ Sector Warning: You already have a signal in Industrials today — taking this one too means doubling up on the same sector's risk.
CARBORUNIV.NS,1163.2,1088.77,1312.06,6,74.43,446.59,6979.2,2.0,59.6,32.18,1.92,True,168.75,2026-09-21 11:41:24,1141.3,1100.54,Industrials,False,43020.8,
JYOTICNC.NS,1108.9,1039.23,1248.24,7,69.67,487.69,7762.3,2.0,70.4,8.43,4.12,True,60.15,2026-09-21 11:41:30,1065.0,993.3,Industrials,False,35258.5,⚠️ Sector Warning: You already have a signal in Industrials today — taking this one too means doubling up on the same sector's risk.
ENGINERSIN.NS,282.35,268.6,309.84,36,13.75,494.87,10164.6,2.0,66.0,7.23,3.42,True,50.11,2026-09-21 11:41:25,273.0,265.41,Industrials,False,25093.9,⚠️ Sector Warning: You already have a signal in Industrials today — taking this one too means doubling up on the same sector's risk.
PCBL.NS,347.55,330.18,382.29,28,17.37,486.3,9731.4,2.0,64.8,7.48,2.83,True,47.71,2026-09-21 11:41:34,338.0,326.71,Basic Materials,False,15362.5,
WELCORP.NS,2727.4,2522.82,3136.56,2,204.58,409.16,5454.8,2.0,66.8,1.67,0.33,True,44.88,2026-09-21 11:41:40,2718.4,2484.09,Basic Materials,False,9907.7,⚠️ Sector Warning: You already have a signal in Basic Materials today — taking this one too means doubling up on the same sector's risk.
CARBORUNIV.NS,1154.6,1077.91,1307.99,6,76.69,460.16,6927.6,2.0,58.4,48.77,2.78,True,249.94,2026-09-21 12:04:00,1123.4,1096.82,Industrials,False,43072.4,
JYOTICNC.NS,1102.5,1032.83,1241.84,7,69.67,487.69,7717.5,2.0,69.9,7.6,3.52,True,56.77,2026-09-21 12:04:06,1065.0,992.69,Industrials,False,35354.9,⚠️ Sector Warning: You already have a signal in Industrials today — taking this one too means doubling up on the same sector's risk.
SAPPHIRE.NS,237.56,224.51,263.67,38,13.05,496.06,9027.28,2.0,62.2,6.56,0.55,True,52.15,2026-09-21 12:04:12,236.25,228.32,Consumer Cyclical,False,26327.62,
ENGINERSIN.NS,282.75,269.0,310.24,36,13.75,494.87,10179.0,2.0,66.2,6.89,3.57,True,48.22,2026-09-21 12:04:01,273.0,265.45,Industrials,False,16148.62,⚠️ Sector Warning: You already have a signal in Industrials today — taking this one too means doubling up on the same sector's risk.
WELCORP.NS,2726.8,2522.22,3135.96,2,204.58,409.16,5453.6,2.0,66.8,1.5,0.31,True,44.03,2026-09-21 12:04:17,2718.4,2484.03,Basic Materials,False,10695.02,
CARBORUNIV.NS,1157.9,1081.21,1311.29,6,76.69,460.16,6947.4,2.0,58.7,44.7,3.07,True,229.46,2026-09-21 12:22:32,1123.4,1097.13,Industrials,False,43052.6,
JYOTICNC.NS,1107.65,1037.98,1246.99,7,69.67,487.69,7753.55,2.0,70.3,7.0,4.0,True,53.17,2026-09-21 12:22:38,1065.0,993.18,Industrials,False,35299.05,⚠️ Sector Warning: You already have a signal in Industrials today — taking this one too means doubling up on the same sector's risk.
ENGINERSIN.NS,285.75,271.74,313.78,35,14.01,490.5,10001.25,2.0,67.6,8.01,4.67,True,52.25,2026-09-21 12:22:33,273.0,265.74,Industrials,False,25297.8,⚠️ Sector Warning: You already have a signal in Industrials today — taking this one too means doubling up on the same sector's risk.
SAPPHIRE.NS,238.5,225.45,264.61,38,13.05,496.06,9063.0,2.0,62.9,6.45,0.95,True,51.24,2026-09-21 12:22:43,236.25,228.41,Consumer Cyclical,False,16234.8,
WELCORP.NS,2727.0,2522.42,3136.16,2,204.58,409.16,5454.0,2.0,66.8,1.4,0.32,True,43.53,2026-09-21 12:22:46,2718.4,2484.05,Basic Materials,False,10780.8,
CARBORUNIV.NS,1161.0,1086.57,1309.86,6,74.43,446.59,6966.0,2.0,59.4,25.89,1.73,True,137.36,2026-09-21 12:33:52,1141.3,1100.33,Industrials,False,43034.0,
ENGINERSIN.NS,284.8,270.79,312.83,35,14.01,490.5,9968.0,2.0,67.2,7.97,4.32,True,52.57,2026-09-21 12:33:54,273.0,265.65,Industrials,False,33066.0,⚠️ Sector Warning: You already have a signal in Industrials today — taking this one too means doubling up on the same sector's risk.
JYOTICNC.NS,1114.0,1044.33,1253.34,7,69.67,487.69,7798.0,2.0,70.9,6.69,4.6,True,50.9,2026-09-21 12:34:01,1065.0,993.78,Industrials,False,25268.0,⚠️ Sector Warning: You already have a signal in Industrials today — taking this one too means doubling up on the same sector's risk.
SAPPHIRE.NS,240.69,227.64,266.8,38,13.05,496.06,9146.22,2.0,64.4,6.46,1.88,True,49.82,2026-09-21 12:34:06,236.25,228.62,Consumer Cyclical,False,16121.78,
WELCORP.NS,2726.9,2522.32,3136.06,2,204.58,409.16,5453.8,2.0,66.8,1.34,0.31,True,43.22,2026-09-21 12:34:10,2718.4,2484.04,Basic Materials,False,10667.98,
CARBORUNIV.NS,1159.1,1084.67,1307.96,6,74.43,446.59,6954.6,2.0,59.2,23.99,1.56,True,127.9,2026-09-21 12:51:53,1141.3,1100.15,Industrials,False,43045.4,
ENGINERSIN.NS,283.55,269.54,311.58,35,14.01,490.5,9924.25,2.0,66.6,7.99,3.86,True,53.3,2026-09-21 12:51:54,273.0,265.53,Industrials,False,33121.15,⚠️ Sector Warning: You already have a signal in Industrials today — taking this one too means doubling up on the same sector's risk.
JYOTICNC.NS,1117.0,1047.33,1256.34,7,69.67,487.69,7819.0,2.0,71.1,6.4,4.88,True,49.07,2026-09-21 12:51:57,1065.0,994.07,Industrials,False,25302.15,⚠️ Sector Warning: You already have a signal in Industrials today — taking this one too means doubling up on the same sector's risk.
SAPPHIRE.NS,240.33,227.28,266.44,38,13.05,496.06,9132.54,2.0,64.2,6.11,1.73,True,48.3,2026-09-21 12:52:03,236.25,228.58,Consumer Cyclical,False,16169.61,
WELCORP.NS,2743.2,2538.62,3152.36,2,204.58,409.16,5486.4,2.0,67.3,1.29,0.91,True,42.28,2026-09-21 12:52:05,2718.4,2485.59,Basic Materials,False,10683.21,
CARBORUNIV.NS,1165.0,1090.57,1313.86,6,74.43,446.59,6990.0,2.0,59.9,22.76,2.08,True,121.61,2026-09-21 13:05:57,1141.3,1100.71,Industrials,False,43010.0,
ENGINERSIN.NS,283.95,269.94,311.98,35,14.01,490.5,9938.25,2.0,66.8,7.75,4.01,True,51.88,2026-09-21 13:06:01,273.0,265.57,Industrials,False,33071.75,⚠️ Sector Warning: You already have a signal in Industrials today — taking this one too means doubling up on the same sector's risk.
SAPPHIRE.NS,238.13,225.08,264.24,38,13.05,496.06,9048.94,2.0,62.6,6.43,0.8,True,51.35,2026-09-21 13:06:10,236.25,228.37,Consumer Cyclical,False,24022.81,
WELCORP.NS,2741.6,2537.02,3150.76,2,204.58,409.16,5483.2,2.0,67.3,1.23,0.85,True,42.05,2026-09-21 13:06:13,2718.4,2485.44,Basic Materials,False,18539.61,
PCBL.NS,347.15,329.78,381.89,28,17.37,486.3,9720.2,2.0,64.6,5.08,2.71,True,35.91,2026-09-21 13:06:08,338.0,326.67,Basic Materials,False,8819.41,⚠️ Sector Warning: You already have a signal in Basic Materials today — taking this one too means doubling up on the same sector's risk.
CARBORUNIV.NS,1168.0,1093.57,1316.86,6,74.43,446.59,7008.0,2.0,60.2,21.8,2.34,True,116.7,2026-09-21 13:19:25,1141.3,1100.99,Industrials,False,42992.0,
ENGINERSIN.NS,282.7,268.69,310.73,35,14.01,490.5,9894.5,2.0,66.2,7.53,3.55,True,51.43,2026-09-21 13:19:27,273.0,265.45,Industrials,False,33097.5,⚠️ Sector Warning: You already have a signal in Industrials today — taking this one too means doubling up on the same sector's risk.
SAPPHIRE.NS,237.86,224.81,263.97,38,13.05,496.06,9038.68,2.0,62.4,6.23,0.68,True,50.48,2026-09-21 13:19:35,236.25,228.35,Consumer Cyclical,False,24058.82,
JYOTICNC.NS,1113.7,1044.03,1253.04,7,69.67,487.69,7795.9,2.0,70.8,6.04,4.57,True,47.66,2026-09-21 13:19:31,1065.0,993.75,Industrials,False,16262.92,⚠️ Sector Warning: You already have a signal in Industrials today — taking this one too means doubling up on the same sector's risk.
COHANCE.NS,465.55,442.07,512.5,21,23.47,492.97,9776.55,2.0,59.2,6.22,4.23,True,36.71,2026-09-21 13:19:26,446.65,446.11,Healthcare,False,6486.37,
CARBORUNIV.NS,1163.1,1088.67,1311.96,6,74.43,446.59,6978.6,2.0,59.6,21.1,1.91,True,113.35,2026-09-21 13:29:10,1141.3,1100.53,Industrials,False,43021.4,
ENGINERSIN.NS,284.85,270.84,312.88,35,14.01,490.5,9969.75,2.0,67.2,7.52,4.34,True,50.27,2026-09-21 13:29:11,273.0,265.65,Industrials,False,33051.65,⚠️ Sector Warning: You already have a signal in Industrials today — taking this one too means doubling up on the same sector's risk.
SAPPHIRE.NS,238.0,224.95,264.11,38,13.05,496.06,9044.0,2.0,62.5,6.05,0.74,True,49.52,2026-09-21 13:29:18,236.25,228.36,Consumer Cyclical,False,24007.65,
JYOTICNC.NS,1114.05,1044.38,1253.39,7,69.67,487.69,7798.35,2.0,70.9,5.86,4.61,True,46.71,2026-09-21 13:29:15,1065.0,993.79,Industrials,False,16209.3,⚠️ Sector Warning: You already have a signal in Industrials today — taking this one too means doubling up on the same sector's risk.
COHANCE.NS,468.6,444.94,515.93,21,23.66,496.91,9840.6,2.0,60.3,7.36,4.91,True,42.21,2026-09-21 13:29:10,446.65,446.4,Healthcare,False,6368.7,
CARBORUNIV.NS,1163.8,1089.37,1312.66,6,74.43,446.59,6982.8,2.0,59.7,19.86,1.97,True,107.14,2026-09-21 13:47:09,1141.3,1100.59,Industrials,False,43017.2,
ENGINERSIN.NS,283.6,269.59,311.63,35,14.01,490.5,9926.0,2.0,66.6,7.39,3.88,True,50.25,2026-09-21 13:47:11,273.0,265.53,Industrials,False,33091.2,⚠️ Sector Warning: You already have a signal in Industrials today — taking this one too means doubling up on the same sector's risk.
SAPPHIRE.NS,238.38,225.33,264.49,38,13.05,496.06,9058.44,2.0,62.8,5.76,0.9,True,47.85,2026-09-21 13:47:23,236.25,228.4,Consumer Cyclical,False,24032.76,
JYOTICNC.NS,1113.9,1044.23,1253.24,7,69.67,487.69,7797.3,2.0,70.8,5.57,4.59,True,45.31,2026-09-21 13:47:17,1065.0,993.77,Industrials,False,16235.46,⚠️ Sector Warning: You already have a signal in Industrials today — taking this one too means doubling up on the same sector's risk.
WOCKPHARMA.NS,2209.2,2071.21,2485.18,3,137.99,413.97,6627.6,2.0,62.5,3.02,0.7,True,33.07,2026-09-21 13:47:27,2193.8,2070.43,Healthcare,False,9607.86,
CARBORUNIV.NS,1165.0,1088.31,1318.39,6,76.69,460.16,6990.0,2.0,59.5,30.98,3.7,True,160.66,2026-09-21 14:02:47,1123.4,1097.81,Industrials,False,43010.0,
ENGINERSIN.NS,284.15,270.14,312.18,35,14.01,490.5,9945.25,2.0,66.9,7.09,4.08,True,48.48,2026-09-21 14:02:49,273.0,265.59,Industrials,False,33064.75,⚠️ Sector Warning: You already have a signal in Industrials today — taking this one too means doubling up on the same sector's risk.
SAPPHIRE.NS,238.92,225.87,265.03,38,13.05,496.06,9078.96,2.0,63.2,5.58,1.13,True,46.59,2026-09-21 14:02:59,236.25,228.45,Consumer Cyclical,False,23985.79,
JYOTICNC.NS,1114.0,1044.33,1253.34,7,69.67,487.69,7798.0,2.0,70.9,5.32,4.6,True,44.0,2026-09-21 14:02:54,1065.0,993.78,Industrials,False,16187.79,⚠️ Sector Warning: You already have a signal in Industrials today — taking this one too means doubling up on the same sector's risk.
PFOCUS.NS,344.5,323.47,386.55,23,21.03,483.62,7923.5,2.0,73.9,4.5,3.27,True,35.26,2026-09-21 14:02:58,333.6,307.57,Communication Services,False,8264.29,
CARBORUNIV.NS,1162.8,1086.11,1316.19,6,76.69,460.16,6976.8,2.0,59.3,29.96,3.51,True,155.63,2026-09-21 14:16:16,1123.4,1097.6,Industrials,False,43023.2,
ENGINERSIN.NS,283.85,269.84,311.88,35,14.01,490.5,9934.75,2.0,66.7,6.85,3.97,True,47.41,2026-09-21 14:16:17,273.0,265.56,Industrials,False,33088.45,⚠️ Sector Warning: You already have a signal in Industrials today — taking this one too means doubling up on the same sector's risk.
SAPPHIRE.NS,239.28,226.23,265.39,38,13.05,496.06,9092.64,2.0,63.4,5.44,1.28,True,45.63,2026-09-21 14:16:24,236.25,228.48,Consumer Cyclical,False,23995.81,
JYOTICNC.NS,1114.0,1044.33,1253.34,7,69.67,487.69,7798.0,2.0,70.9,5.14,4.6,True,43.15,2026-09-21 14:16:20,1065.0,993.78,Industrials,False,16197.81,⚠️ Sector Warning: You already have a signal in Industrials today — taking this one too means doubling up on the same sector's risk.
PFOCUS.NS,347.0,325.97,389.05,23,21.03,483.62,7981.0,2.0,74.5,4.6,4.02,True,34.87,2026-09-21 14:16:24,333.6,307.81,Communication Services,False,8216.81,
CARBORUNIV.NS,1164.1,1087.41,1317.49,6,76.69,460.16,6984.6,2.0,59.4,29.06,3.62,True,151.04,2026-09-21 14:26:43,1123.4,1097.72,Industrials,False,43015.4,
ENGINERSIN.NS,283.75,269.74,311.78,35,14.01,490.5,9931.25,2.0,66.7,6.67,3.94,True,46.61,2026-09-21 14:26:45,273.0,265.55,Industrials,False,33084.15,⚠️ Sector Warning: You already have a signal in Industrials today — taking this one too means doubling up on the same sector's risk.
SAPPHIRE.NS,238.04,224.99,264.15,38,13.05,496.06,9045.52,2.0,62.5,5.32,0.76,True,45.88,2026-09-21 14:27:00,236.25,228.36,Consumer Cyclical,False,24038.63,
JYOTICNC.NS,1105.3,1035.63,1244.64,7,69.67,487.69,7737.1,2.0,70.1,5.08,3.78,True,43.84,2026-09-21 14:26:52,1065.0,992.95,Industrials,False,16301.53,⚠️ Sector Warning: You already have a signal in Industrials today — taking this one too means doubling up on the same sector's risk.
PFOCUS.NS,347.0,325.97,389.05,23,21.03,483.62,7981.0,2.0,74.5,4.94,4.02,True,36.57,2026-09-21 14:26:58,333.6,307.81,Communication Services,False,8320.53,
CARBORUNIV.NS,1161.1,1086.67,1309.96,6,74.43,446.59,6966.6,2.0,59.4,17.1,1.73,True,93.41,2026-09-21 14:40:46,1141.3,1100.34,Industrials,False,43033.4,
COHANCE.NS,465.15,440.15,515.14,20,25.0,499.93,9303.0,2.0,59.1,16.8,4.14,True,89.66,2026-09-21 14:40:47,446.65,446.07,Healthcare,False,33730.4,
ENGINERSIN.NS,284.1,270.09,312.13,35,14.01,490.5,9943.5,2.0,66.9,6.5,4.07,True,45.57,2026-09-21 14:40:48,273.0,265.58,Industrials,False,23786.9,⚠️ Sector Warning: You already have a signal in Industrials today — taking this one too means doubling up on the same sector's risk.
SAPPHIRE.NS,237.16,224.11,263.27,38,13.05,496.06,9012.08,2.0,61.9,5.16,0.39,True,45.18,2026-09-21 14:40:57,236.25,228.28,Consumer Cyclical,False,14774.82,
JYOTICNC.NS,1109.85,1040.18,1249.19,7,69.67,487.69,7768.95,2.0,70.5,4.96,4.21,True,42.73,2026-09-21 14:40:52,1065.0,993.39,Industrials,False,7005.87,⚠️ Sector Warning: You already have a signal in Industrials today — taking this one too means doubling up on the same sector's risk.
CARBORUNIV.NS,1166.4,1089.71,1319.79,6,76.69,460.16,6998.4,2.0,59.7,27.12,3.83,True,141.3,2026-09-21 14:56:42,1123.4,1097.94,Industrials,False,43001.6,
COHANCE.NS,465.35,440.35,515.34,20,25.0,499.93,9307.0,2.0,59.1,16.94,4.19,True,90.32,2026-09-21 14:56:42,446.65,446.09,Healthcare,False,33694.6,
ENGINERSIN.NS,284.3,270.29,312.33,35,14.01,490.5,9950.5,2.0,67.0,6.34,4.14,True,44.66,2026-09-21 14:56:44,273.0,265.6,Industrials,False,23744.1,⚠️ Sector Warning: You already have a signal in Industrials today — taking this one too means doubling up on the same sector's risk.
SAPPHIRE.NS,237.69,224.64,263.8,38,13.05,496.06,9032.22,2.0,62.3,4.99,0.61,True,44.26,2026-09-21 14:56:59,236.25,228.33,Consumer Cyclical,False,14711.88,
JYOTICNC.NS,1109.0,1039.33,1248.34,7,69.67,487.69,7763.0,2.0,70.4,4.86,4.13,True,42.28,2026-09-21 14:56:50,1065.0,993.31,Industrials,False,6948.88,⚠️ Sector Warning: You already have a signal in Industrials today — taking this one too means doubling up on the same sector's risk.
COHANCE.NS,462.6,437.6,512.59,20,25.0,499.93,9252.0,2.0,58.1,17.17,3.57,True,91.61,2026-09-21 15:10:07,446.65,445.83,Healthcare,False,40748.0,
CARBORUNIV.NS,1165.6,1091.17,1314.46,6,74.43,446.59,6993.6,2.0,59.9,16.24,2.13,True,88.95,2026-09-21 15:10:06,1141.3,1100.76,Industrials,False,33754.4,
ENGINERSIN.NS,284.3,270.29,312.33,35,14.01,490.5,9950.5,2.0,67.0,6.35,4.14,True,44.7,2026-09-21 15:10:08,273.0,265.6,Industrials,False,23803.9,⚠️ Sector Warning: You already have a signal in Industrials today — taking this one too means doubling up on the same sector's risk.
SAPPHIRE.NS,238.53,225.48,264.64,38,13.05,496.06,9064.14,2.0,62.9,5.0,0.97,True,43.96,2026-09-21 15:10:16,236.25,228.41,Consumer Cyclical,False,14739.76,
JYOTICNC.NS,1110.6,1040.93,1249.94,7,69.67,487.69,7774.2,2.0,70.6,4.78,4.28,True,41.73,2026-09-21 15:10:12,1065.0,993.46,Industrials,False,6965.56,⚠️ Sector Warning: You already have a signal in Industrials today — taking this one too means doubling up on the same sector's risk.
COHANCE.NS,459.0,434.0,508.99,20,25.0,499.93,9180.0,2.0,56.7,17.08,2.77,True,91.33,2026-09-21 15:21:37,446.65,445.49,Healthcare,False,40820.0,
CARBORUNIV.NS,1190.0,1115.57,1338.86,6,74.43,446.59,7140.0,2.0,62.5,16.39,4.27,True,88.87,2026-09-21 15:21:36,1141.3,1103.09,Industrials,False,33680.0,
ENGINERSIN.NS,285.7,271.69,313.73,35,14.01,490.5,9999.5,2.0,67.6,6.48,4.65,True,44.61,2026-09-21 15:21:38,273.0,265.73,Industrials,False,23680.5,⚠️ Sector Warning: You already have a signal in Industrials today — taking this one too means doubling up on the same sector's risk.
SAPPHIRE.NS,238.48,225.43,264.59,38,13.05,496.06,9062.24,2.0,62.9,4.93,0.94,True,43.61,2026-09-21 15:21:47,236.25,228.41,Consumer Cyclical,False,14618.26,
JYOTICNC.NS,1113.75,1044.08,1253.09,7,69.67,487.69,7796.25,2.0,70.8,4.76,4.58,True,41.25,2026-09-21 15:21:42,1065.0,993.76,Industrials,False,6822.01,⚠️ Sector Warning: You already have a signal in Industrials today — taking this one too means doubling up on the same sector's risk.
AEGISLOG.NS,1498.8,1403.82,1688.76,5,94.98,474.91,7494.0,2.0,66.4,2.09,4.83,True,23.61,2026-09-22 09:23:13,1429.7,1344.08,Energy,False,42506.0,
USHAMART.NS,529.0,506.45,574.1,22,22.55,496.06,11638.0,2.0,65.4,3.07,3.52,True,21.98,2026-09-22 09:23:26,511.0,499.41,Basic Materials,False,30868.0,
ENGINERSIN.NS,283.65,269.66,311.64,35,13.99,489.75,9927.75,2.0,66.6,1.73,3.9,True,21.95,2026-09-22 09:23:17,273.0,265.54,Industrials,False,20940.25,
CONCORDBIO.NS,1560.5,1486.8,1707.91,6,73.7,442.22,9363.0,2.0,63.5,1.44,2.19,True,21.69,2026-09-22 09:23:16,1527.1,1479.3,Healthcare,False,11577.25,
PCBL.NS,351.3,334.27,385.35,29,17.02,493.72,10187.7,2.0,66.4,1.23,3.93,True,14.86,2026-09-22 09:23:22,338.0,327.07,Basic Materials,False,1389.55,⚠️ Sector Warning: You already have a signal in Basic Materials today — taking this one too means doubling up on the same sector's risk.
WELCORP.NS,2771.2,2563.27,3187.06,2,207.93,415.86,5542.4,2.0,68.2,1.23,1.94,True,40.71,2026-09-22 09:37:12,2718.4,2488.26,Basic Materials,False,44457.6,
USHAMART.NS,528.8,506.25,573.9,22,22.55,496.06,11633.6,2.0,65.3,5.57,3.48,True,34.56,2026-09-22 09:37:11,511.0,499.39,Basic Materials,False,32824.0,⚠️ Sector Warning: You already have a signal in Basic Materials today — taking this one too means doubling up on the same sector's risk.
PINELABS.NS,202.9,185.07,238.56,28,17.83,499.26,5681.2,2.0,67.9,2.35,0.36,True,32.2,2026-09-22 09:37:08,202.17,179.49,Technology,False,27142.8,
AEGISLOG.NS,1499.2,1404.22,1689.16,5,94.98,474.91,7496.0,2.0,66.4,3.1,4.86,True,28.65,2026-09-22 09:36:59,1429.7,1344.11,Energy,False,19646.8,
ENGINERSIN.NS,282.9,268.91,310.89,35,13.99,489.75,9901.5,2.0,66.3,2.96,3.63,True,28.49,2026-09-22 09:37:03,273.0,265.47,Industrials,False,9745.3,
WELCORP.NS,2747.4,2539.46,3163.29,2,207.94,415.89,5494.8,2.0,67.5,1.64,1.07,True,43.85,2026-09-22 09:53:06,2718.4,2485.99,Basic Materials,False,44505.2,
USHAMART.NS,527.5,504.95,572.6,22,22.55,496.06,11605.0,2.0,64.9,6.83,3.23,True,41.24,2026-09-22 09:53:06,511.0,499.27,Basic Materials,False,32900.2,⚠️ Sector Warning: You already have a signal in Basic Materials today — taking this one too means doubling up on the same sector's risk.
AEGISLOG.NS,1439.0,1344.02,1628.96,5,94.98,474.91,7195.0,2.0,62.3,4.58,0.65,True,41.22,2026-09-22 09:52:34,1429.7,1338.38,Energy,False,25705.2,
WOCKPHARMA.NS,2231.8,2091.45,2512.49,3,140.35,421.04,6695.4,2.0,63.7,3.4,1.73,True,33.59,2026-09-22 09:53:07,2193.8,2072.58,Healthcare,False,19009.8,
WELSPUNLIV.NS,218.71,208.16,239.82,47,10.55,496.02,10279.37,2.0,74.0,2.36,1.25,True,33.29,2026-09-22 09:53:06,216.0,202.57,Consumer Cyclical,False,8730.43,
AEGISLOG.NS,1441.0,1346.02,1630.96,5,94.98,474.91,7205.0,2.0,62.4,5.27,0.79,True,44.58,2026-09-22 10:05:25,1429.7,1338.57,Energy,False,42795.0,
WELCORP.NS,2751.8,2543.86,3167.69,2,207.94,415.89,5503.6,2.0,67.6,1.77,1.23,True,44.29,2026-09-22 10:05:38,2718.4,2486.41,Basic Materials,False,37291.4,
USHAMART.NS,528.35,505.8,573.45,22,22.55,496.06,11623.7,2.0,65.2,7.22,3.4,True,42.94,2026-09-22 10:05:38,511.0,499.35,Basic Materials,False,25667.7,⚠️ Sector Warning: You already have a signal in Basic Materials today — taking this one too means doubling up on the same sector's risk.
WOCKPHARMA.NS,2208.1,2067.75,2488.79,3,140.35,421.04,6624.3,2.0,62.5,4.31,0.65,True,39.51,2026-09-22 10:05:38,2193.8,2070.32,Healthcare,False,19043.4,
ENGINERSIN.NS,285.25,271.26,313.24,35,13.99,489.75,9983.75,2.0,67.4,5.13,4.49,True,38.11,2026-09-22 10:05:28,273.0,265.69,Industrials,False,9059.65,
WELCORP.NS,2744.1,2536.16,3159.99,2,207.94,415.89,5488.2,2.0,67.4,1.7,0.95,True,44.28,2026-09-22 10:17:13,2718.4,2485.68,Basic Materials,False,44511.8,
AEGISLOG.NS,1438.0,1343.02,1627.96,5,94.98,474.91,7190.0,2.0,62.2,5.03,0.58,True,43.48,2026-09-22 10:16:58,1429.7,1338.29,Energy,False,37321.8,
USHAMART.NS,526.05,503.5,571.15,22,22.55,496.06,11573.1,2.0,64.4,6.73,2.95,True,41.19,2026-09-22 10:17:12,511.0,499.13,Basic Materials,False,25748.7,⚠️ Sector Warning: You already have a signal in Basic Materials today — taking this one too means doubling up on the same sector's risk.
WOCKPHARMA.NS,2215.0,2074.65,2495.69,3,140.35,421.04,6645.0,2.0,62.8,4.43,0.97,True,39.76,2026-09-22 10:17:13,2193.8,2070.98,Healthcare,False,19103.7,
ENGINERSIN.NS,285.3,271.31,313.29,35,13.99,489.75,9985.5,2.0,67.4,5.02,4.51,True,37.54,2026-09-22 10:17:02,273.0,265.7,Industrials,False,9118.2,
CARBORUNIV.NS,1190.9,1117.07,1338.56,6,73.83,442.99,7145.4,2.0,63.4,10.4,4.35,True,58.46,2026-09-22 10:26:20,1141.3,1102.62,Industrials,False,42854.6,
WELCORP.NS,2748.9,2540.96,3164.79,2,207.94,415.89,5497.8,2.0,67.5,1.52,1.12,True,43.16,2026-09-22 10:26:40,2718.4,2486.14,Basic Materials,False,37356.8,
AEGISLOG.NS,1439.0,1344.02,1628.96,5,94.98,474.91,7195.0,2.0,62.3,4.54,0.65,True,40.98,2026-09-22 10:26:16,1429.7,1338.38,Energy,False,30161.8,
WOCKPHARMA.NS,2216.3,2075.95,2496.99,3,140.35,421.04,6648.9,2.0,62.9,4.26,1.03,True,38.79,2026-09-22 10:26:40,2193.8,2071.1,Healthcare,False,23512.9,
USHAMART.NS,530.4,507.85,575.5,22,22.55,496.06,11668.8,2.0,65.9,6.14,3.8,True,36.91,2026-09-22 10:26:39,511.0,499.54,Basic Materials,False,11844.1,⚠️ Sector Warning: You already have a signal in Basic Materials today — taking this one too means doubling up on the same sector's risk.
CARBORUNIV.NS,1186.1,1112.27,1333.76,6,73.83,442.99,7116.6,2.0,62.9,8.98,3.93,True,51.92,2026-09-22 10:39:23,1141.3,1102.16,Industrials,False,42883.4,
ENGINERSIN.NS,283.25,269.04,311.67,35,14.21,497.44,9913.75,2.0,66.4,6.07,3.75,True,43.85,2026-09-22 10:39:24,273.0,265.5,Industrials,False,32969.65,⚠️ Sector Warning: You already have a signal in Industrials today — taking this one too means doubling up on the same sector's risk.
WELCORP.NS,2727.0,2519.06,3142.89,2,207.94,415.89,5454.0,2.0,66.8,1.4,0.32,True,43.52,2026-09-22 10:39:37,2718.4,2484.05,Basic Materials,False,27515.65,
USHAMART.NS,531.15,508.6,576.25,22,22.55,496.06,11685.3,2.0,66.1,6.78,3.94,True,39.88,2026-09-22 10:39:36,511.0,499.62,Basic Materials,False,15830.35,⚠️ Sector Warning: You already have a signal in Basic Materials today — taking this one too means doubling up on the same sector's risk.
WOCKPHARMA.NS,2204.3,2063.95,2484.99,3,140.35,421.04,6612.9,2.0,62.2,3.93,0.48,True,37.68,2026-09-22 10:39:37,2193.8,2069.96,Healthcare,False,9217.45,
CARBORUNIV.NS,1186.9,1113.07,1334.56,6,73.83,442.99,7121.4,2.0,63.0,7.93,4.0,True,46.58,2026-09-22 10:53:33,1141.3,1102.24,Industrials,False,42878.6,
WELCORP.NS,2735.9,2527.96,3151.79,2,207.94,415.89,5471.8,2.0,67.1,1.24,0.64,True,42.36,2026-09-22 10:53:44,2718.4,2484.9,Basic Materials,False,37406.8,
ENGINERSIN.NS,283.65,269.44,312.07,35,14.21,497.44,9927.75,2.0,66.6,5.45,3.9,True,40.52,2026-09-22 10:53:34,273.0,265.54,Industrials,False,27479.05,⚠️ Sector Warning: You already have a signal in Industrials today — taking this one too means doubling up on the same sector's risk.
USHAMART.NS,530.55,508.0,575.65,22,22.55,496.06,11672.1,2.0,65.9,6.43,3.83,True,38.33,2026-09-22 10:53:44,511.0,499.56,Basic Materials,False,15806.95,⚠️ Sector Warning: You already have a signal in Basic Materials today — taking this one too means doubling up on the same sector's risk.
FINCABLES.NS,1437.6,1330.16,1652.47,4,107.44,429.74,5750.4,2.0,66.0,2.08,0.2,True,34.88,2026-09-22 10:53:35,1434.7,1328.83,Industrials,False,10056.55,⚠️ Sector Warning: You already have a signal in Industrials today — taking this one too means doubling up on the same sector's risk.
CARBORUNIV.NS,1184.2,1110.37,1331.86,6,73.83,442.99,7105.2,2.0,62.7,7.18,3.76,True,43.11,2026-09-22 11:05:46,1141.3,1101.98,Industrials,False,42894.8,
ENGINERSIN.NS,282.85,268.64,311.27,35,14.21,497.44,9899.75,2.0,66.3,5.07,3.61,True,39.06,2026-09-22 11:05:47,273.0,265.46,Industrials,False,32995.05,⚠️ Sector Warning: You already have a signal in Industrials today — taking this one too means doubling up on the same sector's risk.
FINCABLES.NS,1444.0,1335.13,1661.74,4,108.87,435.49,5776.0,2.0,66.5,2.37,0.65,True,35.74,2026-09-22 11:05:48,1434.7,1329.44,Industrials,False,27219.05,⚠️ Sector Warning: You already have a signal in Industrials today — taking this one too means doubling up on the same sector's risk.
USHAMART.NS,529.65,507.1,574.75,22,22.55,496.06,11652.3,2.0,65.6,5.84,3.65,True,35.65,2026-09-22 11:05:58,511.0,499.47,Basic Materials,False,15566.75,
TBOTEK.NS,1732.2,1650.72,1895.16,6,81.48,488.89,10393.2,2.0,58.6,3.55,0.2,True,34.21,2026-09-22 11:05:57,1728.7,1681.78,Consumer Cyclical,False,5173.55,
CARBORUNIV.NS,1184.8,1110.97,1332.46,6,73.83,442.99,7108.8,2.0,62.8,6.57,3.81,True,40.0,2026-09-22 11:17:06,1141.3,1102.04,Industrials,False,42891.2,
ENGINERSIN.NS,283.65,269.44,312.07,35,14.21,497.44,9927.75,2.0,66.6,4.78,3.9,True,37.19,2026-09-22 11:17:07,273.0,265.54,Industrials,False,32963.45,⚠️ Sector Warning: You already have a signal in Industrials today — taking this one too means doubling up on the same sector's risk.
FINCABLES.NS,1440.6,1331.73,1658.34,4,108.87,435.49,5762.4,2.0,66.2,2.28,0.41,True,35.61,2026-09-22 11:17:07,1434.7,1329.11,Industrials,False,27201.05,⚠️ Sector Warning: You already have a signal in Industrials today — taking this one too means doubling up on the same sector's risk.
JSWINFRA.NS,367.0,349.42,402.15,28,17.58,492.15,10276.0,2.0,68.6,5.18,2.82,True,34.88,2026-09-22 11:17:09,356.95,338.74,Industrials,False,16925.05,⚠️ Sector Warning: You already have a signal in Industrials today — taking this one too means doubling up on the same sector's risk.
USHAMART.NS,527.5,504.95,572.6,22,22.55,496.06,11605.0,2.0,64.9,5.35,3.23,True,33.87,2026-09-22 11:17:17,511.0,499.27,Basic Materials,False,5320.05,
CARBORUNIV.NS,1183.0,1109.17,1330.66,6,73.83,442.99,7098.0,2.0,62.6,6.18,3.65,True,38.26,2026-09-22 11:26:23,1141.3,1101.87,Industrials,False,42902.0,
ENGINERSIN.NS,283.2,268.99,311.63,35,14.21,497.44,9912.0,2.0,66.4,4.49,3.74,True,35.97,2026-09-22 11:26:25,273.0,265.5,Industrials,False,32990.0,⚠️ Sector Warning: You already have a signal in Industrials today — taking this one too means doubling up on the same sector's risk.
FINCABLES.NS,1440.5,1331.63,1658.24,4,108.87,435.49,5762.0,2.0,66.2,2.25,0.4,True,35.45,2026-09-22 11:26:25,1434.7,1329.11,Industrials,False,27228.0,⚠️ Sector Warning: You already have a signal in Industrials today — taking this one too means doubling up on the same sector's risk.
TBOTEK.NS,1736.0,1654.52,1898.96,6,81.48,488.89,10416.0,2.0,59.0,3.8,0.42,True,35.44,2026-09-22 11:26:37,1728.7,1682.14,Consumer Cyclical,False,16812.0,
JSWINFRA.NS,367.2,349.62,402.35,28,17.58,492.15,10281.6,2.0,68.7,5.0,2.87,True,33.9,2026-09-22 11:26:28,356.95,338.76,Industrials,False,6530.4,⚠️ Sector Warning: You already have a signal in Industrials today — taking this one too means doubling up on the same sector's risk.
CARBORUNIV.NS,1194.4,1120.57,1342.06,6,73.83,442.99,7166.4,2.0,63.8,5.67,4.65,True,34.34,2026-09-22 11:42:17,1141.3,1102.95,Industrials,False,42833.6,
ENGINERSIN.NS,283.05,268.84,311.47,35,14.21,497.44,9906.75,2.0,66.4,4.12,3.68,True,34.2,2026-09-22 11:42:20,273.0,265.48,Industrials,False,32926.85,⚠️ Sector Warning: You already have a signal in Industrials today — taking this one too means doubling up on the same sector's risk.
JSWINFRA.NS,367.0,349.42,402.15,28,17.58,492.15,10276.0,2.0,68.6,4.97,2.82,True,33.82,2026-09-22 11:42:24,356.95,338.74,Industrials,False,22650.85,⚠️ Sector Warning: You already have a signal in Industrials today — taking this one too means doubling up on the same sector's risk.
WOCKPHARMA.NS,2200.5,2060.15,2481.19,3,140.35,421.04,6601.5,2.0,62.0,2.84,0.31,True,32.29,2026-09-22 11:42:35,2193.8,2069.6,Healthcare,False,16049.35,
USHAMART.NS,534.0,511.45,579.1,22,22.55,496.06,11748.0,2.0,67.0,4.73,4.5,True,28.8,2026-09-22 11:42:35,511.0,499.89,Basic Materials,False,4301.35,
FINCABLES.NS,1454.6,1345.35,1673.09,4,109.25,436.99,5818.4,2.0,67.2,2.12,1.39,True,33.53,2026-09-22 12:02:29,1434.7,1330.45,Industrials,False,44181.6,
CARBORUNIV.NS,1193.3,1119.47,1340.96,6,73.83,442.99,7159.8,2.0,63.7,5.07,4.56,True,31.48,2026-09-22 12:02:28,1141.3,1102.85,Industrials,False,37021.8,⚠️ Sector Warning: You already have a signal in Industrials today — taking this one too means doubling up on the same sector's risk.
JSWINFRA.NS,368.2,350.62,403.35,28,17.58,492.15,10309.6,2.0,69.1,4.54,3.15,True,31.21,2026-09-22 12:02:34,356.95,338.86,Industrials,False,26712.2,⚠️ Sector Warning: You already have a signal in Industrials today — taking this one too means doubling up on the same sector's risk.
USHAMART.NS,533.45,510.9,578.55,22,22.55,496.06,11735.9,2.0,66.8,4.28,4.39,True,26.7,2026-09-22 12:02:46,511.0,499.83,Basic Materials,False,14976.3,
RKFORGE.NS,734.45,696.94,809.46,13,37.51,487.57,9547.85,2.0,57.5,2.12,0.89,True,25.48,2026-09-22 12:02:40,728.0,714.66,Industrials,False,5428.45,⚠️ Sector Warning: You already have a signal in Industrials today — taking this one too means doubling up on the same sector's risk.
FINCABLES.NS,1454.5,1345.01,1673.49,4,109.49,437.97,5818.0,2.0,67.2,2.07,1.38,True,33.28,2026-09-22 12:20:17,1434.7,1330.44,Industrials,False,44182.0,
CARBORUNIV.NS,1194.5,1120.67,1342.16,6,73.83,442.99,7167.0,2.0,63.8,4.79,4.66,True,29.98,2026-09-22 12:20:14,1141.3,1102.96,Industrials,False,37015.0,⚠️ Sector Warning: You already have a signal in Industrials today — taking this one too means doubling up on the same sector's risk.
JSWINFRA.NS,368.95,351.37,404.1,28,17.58,492.15,10330.6,2.0,69.3,4.25,3.36,True,29.48,2026-09-22 12:20:22,356.95,338.93,Industrials,False,26684.4,⚠️ Sector Warning: You already have a signal in Industrials today — taking this one too means doubling up on the same sector's risk.
USHAMART.NS,531.95,509.4,577.05,22,22.55,496.06,11702.9,2.0,66.4,4.07,4.1,True,26.08,2026-09-22 12:20:37,511.0,499.69,Basic Materials,False,14981.5,
SYRMA.NS,1771.0,1652.27,2008.45,4,118.73,474.9,7084.0,2.0,72.7,1.37,0.4,True,24.95,2026-09-22 12:20:33,1764.0,1569.06,Technology,False,7897.5,
FINCABLES.NS,1458.7,1348.9,1678.31,4,109.8,439.22,5834.8,2.0,67.5,2.06,1.67,True,32.89,2026-09-22 12:31:01,1434.7,1330.84,Industrials,False,44165.2,
CARBORUNIV.NS,1195.7,1121.87,1343.36,6,73.83,442.99,7174.2,2.0,63.9,4.6,4.77,True,28.87,2026-09-22 12:30:59,1141.3,1103.08,Industrials,False,36991.0,⚠️ Sector Warning: You already have a signal in Industrials today — taking this one too means doubling up on the same sector's risk.
JSWINFRA.NS,369.2,351.62,404.35,28,17.58,492.15,10337.6,2.0,69.4,4.05,3.43,True,28.36,2026-09-22 12:31:03,356.95,338.95,Industrials,False,26653.4,⚠️ Sector Warning: You already have a signal in Industrials today — taking this one too means doubling up on the same sector's risk.
USHAMART.NS,532.2,509.65,577.3,22,22.55,496.06,11708.4,2.0,66.4,4.19,4.15,True,26.66,2026-09-22 12:31:10,511.0,499.72,Basic Materials,False,14945.0,
RKFORGE.NS,731.0,693.49,806.01,13,37.51,487.57,9503.0,2.0,56.7,1.91,0.41,True,24.5,2026-09-22 12:31:07,728.0,714.33,Industrials,False,5442.0,⚠️ Sector Warning: You already have a signal in Industrials today — taking this one too means doubling up on the same sector's risk.
FINCABLES.NS,1455.2,1345.29,1675.02,4,109.91,439.64,5820.8,2.0,67.2,1.97,1.43,True,32.72,2026-09-22 12:49:06,1434.7,1330.51,Industrials,False,44179.2,
JSWINFRA.NS,370.0,352.42,405.15,28,17.58,492.15,10360.0,2.0,69.7,3.77,3.66,True,26.64,2026-09-22 12:49:11,356.95,339.03,Industrials,False,33819.2,⚠️ Sector Warning: You already have a signal in Industrials today — taking this one too means doubling up on the same sector's risk.
USHAMART.NS,532.4,509.85,577.5,22,22.55,496.06,11712.8,2.0,66.5,3.92,4.19,True,25.21,2026-09-22 12:49:22,511.0,499.73,Basic Materials,False,22106.4,
SYRMA.NS,1772.1,1653.37,2009.55,4,118.73,474.9,7088.4,2.0,72.8,1.22,0.46,True,24.11,2026-09-22 12:49:19,1764.0,1569.16,Technology,False,15018.0,
CONCORDBIO.NS,1540.4,1466.7,1687.81,6,73.7,442.22,9242.4,2.0,61.3,1.66,0.87,True,23.86,2026-09-22 12:49:05,1527.1,1477.39,Healthcare,False,5775.6,
GABRIEL.NS,1393.6,1314.61,1551.57,6,78.99,473.91,8361.6,2.0,54.3,6.33,0.73,True,38.57,2026-09-22 13:02:29,1383.5,1357.09,Consumer Cyclical,False,41638.4,
FINCABLES.NS,1457.5,1347.59,1677.32,4,109.91,439.64,5830.0,2.0,67.4,1.91,1.59,True,32.24,2026-09-22 13:02:29,1434.7,1330.72,Industrials,False,35808.4,
JSWINFRA.NS,368.9,351.32,404.05,28,17.58,492.15,10329.2,2.0,69.3,3.58,3.35,True,26.11,2026-09-22 13:02:32,356.95,338.93,Industrials,False,25479.2,⚠️ Sector Warning: You already have a signal in Industrials today — taking this one too means doubling up on the same sector's risk.
USHAMART.NS,532.6,510.05,577.7,22,22.55,496.06,11717.2,2.0,66.6,3.72,4.23,True,24.16,2026-09-22 13:02:39,511.0,499.75,Basic Materials,False,13762.0,
CONCORDBIO.NS,1538.2,1464.5,1685.61,6,73.7,442.22,9229.2,2.0,61.1,1.6,0.73,True,23.58,2026-09-22 13:02:27,1527.1,1477.18,Healthcare,False,4532.8,
GABRIEL.NS,1416.4,1334.77,1579.66,6,81.63,489.79,8498.4,2.0,56.9,8.99,2.38,True,51.43,2026-09-22 13:15:13,1383.5,1359.26,Consumer Cyclical,False,41501.6,
TBOTEK.NS,1733.0,1651.04,1896.93,6,81.96,491.79,10398.0,2.0,58.7,3.96,0.25,True,36.26,2026-09-22 13:15:21,1728.7,1681.85,Consumer Cyclical,False,31103.6,⚠️ Sector Warning: You already have a signal in Consumer Cyclical today — taking this one too means doubling up on the same sector's risk.
FINCABLES.NS,1455.4,1345.49,1675.22,4,109.91,439.64,5821.6,2.0,67.3,1.85,1.44,True,32.11,2026-09-22 13:15:13,1434.7,1330.52,Industrials,False,25282.0,
JSWINFRA.NS,368.7,351.12,403.85,28,17.58,492.15,10323.6,2.0,69.3,3.43,3.29,True,25.47,2026-09-22 13:15:16,356.95,338.91,Industrials,False,14958.4,⚠️ Sector Warning: You already have a signal in Industrials today — taking this one too means doubling up on the same sector's risk.
USHAMART.NS,531.35,508.8,576.45,22,22.55,496.06,11689.7,2.0,66.2,3.71,3.98,True,24.49,2026-09-22 13:15:22,511.0,499.63,Basic Materials,False,3268.7,
GABRIEL.NS,1426.6,1343.94,1591.92,6,82.66,495.96,8559.6,2.0,57.9,12.61,3.12,True,69.35,2026-09-22 13:25:52,1383.5,1360.23,Consumer Cyclical,False,41440.4,
FINCABLES.NS,1456.0,1346.09,1675.82,4,109.91,439.64,5824.0,2.0,67.3,1.8,1.48,True,31.8,2026-09-22 13:25:52,1434.7,1330.58,Industrials,False,35616.4,
JSWINFRA.NS,368.25,350.67,403.4,28,17.58,492.15,10311.0,2.0,69.1,3.3,3.17,True,25.0,2026-09-22 13:25:54,356.95,338.86,Industrials,False,25305.4,⚠️ Sector Warning: You already have a signal in Industrials today — taking this one too means doubling up on the same sector's risk.
USHAMART.NS,531.05,508.5,576.15,22,22.55,496.06,11683.1,2.0,66.1,3.57,3.92,True,23.87,2026-09-22 13:26:01,511.0,499.61,Basic Materials,False,13622.3,
CONCORDBIO.NS,1542.8,1469.1,1690.21,6,73.7,442.22,9256.8,2.0,61.6,1.54,1.03,True,23.22,2026-09-22 13:25:51,1527.1,1477.62,Healthcare,False,4365.5,
GABRIEL.NS,1450.2,1364.46,1621.67,5,85.74,428.68,7251.0,2.0,60.2,19.92,4.82,True,105.25,2026-09-22 13:39:14,1383.5,1362.48,Consumer Cyclical,False,42749.0,
FINCABLES.NS,1458.9,1348.99,1678.72,4,109.91,439.64,5835.6,2.0,67.5,1.77,1.69,True,31.41,2026-09-22 13:39:13,1434.7,1330.86,Industrials,False,36913.4,
JSWINFRA.NS,368.2,350.62,403.35,28,17.58,492.15,10309.6,2.0,69.1,3.17,3.15,True,24.35,2026-09-22 13:39:20,356.95,338.86,Industrials,False,26603.8,⚠️ Sector Warning: You already have a signal in Industrials today — taking this one too means doubling up on the same sector's risk.
CONCORDBIO.NS,1547.7,1474.0,1695.11,6,73.7,442.22,9286.2,2.0,62.1,1.56,1.35,True,23.28,2026-09-22 13:39:12,1527.1,1478.08,Healthcare,False,17317.6,
USHAMART.NS,532.4,509.85,577.5,22,22.55,496.06,11712.8,2.0,66.5,3.41,4.19,True,22.69,2026-09-22 13:39:32,511.0,499.73,Basic Materials,False,5604.8,
GABRIEL.NS,1450.1,1363.61,1623.07,5,86.49,432.43,7250.5,2.0,60.2,25.4,4.81,True,132.69,2026-09-22 13:55:38,1383.5,1362.47,Consumer Cyclical,False,42749.5,
RBLBANK.NS,418.4,402.11,450.97,29,16.29,472.29,12133.6,2.0,67.0,3.36,0.6,True,31.65,2026-09-22 13:55:44,415.9,403.88,Financial Services,False,30615.9,
FINCABLES.NS,1458.0,1348.09,1677.82,4,109.91,439.64,5832.0,2.0,67.4,1.72,1.62,True,31.25,2026-09-22 13:55:38,1434.7,1330.77,Industrials,False,24783.9,
CONCORDBIO.NS,1539.0,1465.3,1686.41,6,73.7,442.22,9234.0,2.0,61.2,1.67,0.78,True,23.93,2026-09-22 13:55:37,1527.1,1477.26,Healthcare,False,15549.9,
JSWINFRA.NS,368.4,350.82,403.55,28,17.58,492.15,10315.2,2.0,69.1,3.02,3.21,True,23.5,2026-09-22 13:55:40,356.95,338.88,Industrials,False,5234.7,⚠️ Sector Warning: You already have a signal in Industrials today — taking this one too means doubling up on the same sector's risk.
GABRIEL.NS,1448.0,1362.94,1618.12,5,85.06,425.3,7240.0,2.0,59.7,22.26,4.66,True,116.46,2026-09-22 14:10:13,1383.5,1356.85,Consumer Cyclical,False,42760.0,
ENGINERSIN.NS,293.7,278.49,324.13,32,15.21,486.86,9398.4,2.0,71.1,5.07,2.37,True,39.26,2026-09-22 14:10:12,286.9,268.36,Industrials,False,33361.6,
FINCABLES.NS,1456.1,1349.07,1670.17,4,107.03,428.13,5824.4,2.0,66.8,1.53,1.49,True,30.66,2026-09-22 14:10:13,1434.7,1337.68,Industrials,False,27537.2,⚠️ Sector Warning: You already have a signal in Industrials today — taking this one too means doubling up on the same sector's risk.
RBLBANK.NS,418.8,402.78,450.85,29,16.02,464.67,12145.2,2.0,62.3,2.73,0.7,True,29.91,2026-09-22 14:10:18,415.9,403.93,Financial Services,False,15392.0,
JSWINFRA.NS,367.75,350.44,402.38,28,17.31,484.8,10297.0,2.0,69.4,2.56,3.03,True,21.57,2026-09-22 14:10:15,356.95,340.01,Industrials,False,5095.0,⚠️ Sector Warning: You already have a signal in Industrials today — taking this one too means doubling up on the same sector's risk.
GABRIEL.NS,1452.2,1367.14,1622.32,5,85.06,425.3,7261.0,2.0,60.1,23.63,4.97,True,123.2,2026-09-22 14:22:31,1383.5,1357.25,Consumer Cyclical,False,42739.0,
ENGINERSIN.NS,298.3,283.09,328.73,32,15.21,486.86,9545.6,2.0,72.8,5.36,3.97,True,38.64,2026-09-22 14:22:31,286.9,268.8,Industrials,False,33193.4,
RBLBANK.NS,419.8,403.78,451.85,29,16.02,464.67,12174.2,2.0,62.8,2.78,0.94,True,29.87,2026-09-22 14:22:39,415.9,404.02,Financial Services,False,21019.2,
FINCABLES.NS,1464.7,1357.44,1679.22,4,107.26,429.03,5858.8,2.0,67.4,1.52,2.09,True,29.82,2026-09-22 14:22:31,1434.7,1338.5,Industrials,False,15160.4,⚠️ Sector Warning: You already have a signal in Industrials today — taking this one too means doubling up on the same sector's risk.
JSWINFRA.NS,368.85,351.54,403.48,28,17.31,484.8,10327.8,2.0,69.8,2.48,3.33,True,20.71,2026-09-22 14:22:34,356.95,340.11,Industrials,False,4832.6,⚠️ Sector Warning: You already have a signal in Industrials today — taking this one too means doubling up on the same sector's risk.
GABRIEL.NS,1451.0,1365.94,1621.12,5,85.06,425.3,7255.0,2.0,60.0,23.45,4.88,True,122.31,2026-09-22 14:31:30,1383.5,1357.13,Consumer Cyclical,False,42745.0,
ENGINERSIN.NS,298.3,283.09,328.73,32,15.21,486.86,9545.6,2.0,72.8,5.34,3.97,True,38.54,2026-09-22 14:31:29,286.9,268.8,Industrials,False,33199.4,
RBLBANK.NS,421.0,404.76,453.47,29,16.24,470.89,12209.0,2.0,63.3,2.91,1.23,True,30.06,2026-09-22 14:31:37,415.9,404.14,Financial Services,False,20990.4,
FINCABLES.NS,1464.7,1357.3,1679.49,4,107.4,429.59,5858.8,2.0,67.4,1.51,2.09,True,29.77,2026-09-22 14:31:29,1434.7,1338.5,Industrials,False,15131.6,⚠️ Sector Warning: You already have a signal in Industrials today — taking this one too means doubling up on the same sector's risk.
JSWINFRA.NS,369.4,352.09,404.03,28,17.31,484.8,10343.2,2.0,70.0,2.43,3.49,True,20.23,2026-09-22 14:31:33,356.95,340.16,Industrials,False,4788.4,⚠️ Sector Warning: You already have a signal in Industrials today — taking this one too means doubling up on the same sector's risk.
FINCABLES.NS,1460.7,1353.3,1675.49,4,107.4,429.59,5842.8,2.0,67.1,1.47,1.81,True,29.95,2026-09-22 14:47:57,1434.7,1338.12,Industrials,False,44157.2,
RBLBANK.NS,422.7,406.36,455.38,29,16.34,473.84,12258.3,2.0,64.1,3.0,1.64,True,29.83,2026-09-22 14:48:06,415.9,404.3,Financial Services,False,31898.9,
JSWINFRA.NS,367.8,350.49,402.43,28,17.31,484.8,10298.4,2.0,69.4,2.36,3.04,True,20.54,2026-09-22 14:48:02,356.95,340.01,Industrials,False,21600.5,⚠️ Sector Warning: You already have a signal in Industrials today — taking this one too means doubling up on the same sector's risk.
SWIGGY.NS,283.85,271.15,309.25,39,12.7,495.37,11070.15,2.0,56.8,2.26,0.66,True,19.85,2026-09-22 14:48:07,282.0,276.97,Consumer Cyclical,False,10530.35,
ETERNAL.NS,341.35,330.83,362.38,30,10.52,315.6,10240.5,2.0,71.3,1.25,1.44,True,18.92,2026-09-22 14:47:57,336.5,324.65,Consumer Cyclical,False,289.85,⚠️ Sector Warning: You already have a signal in Consumer Cyclical today — taking this one too means doubling up on the same sector's risk.
RBLBANK.NS,421.8,405.46,454.48,29,16.34,473.84,12232.2,2.0,63.7,3.03,1.42,True,30.32,2026-09-22 15:01:00,415.9,404.21,Financial Services,False,37767.8,
FINCABLES.NS,1467.1,1358.86,1683.59,4,108.24,432.97,5868.4,2.0,67.6,1.58,2.26,True,29.93,2026-09-22 15:00:54,1434.7,1338.73,Industrials,False,31899.4,
JSWINFRA.NS,366.5,349.19,401.13,28,17.31,484.8,10262.0,2.0,68.9,2.32,2.68,True,20.84,2026-09-22 15:00:56,356.95,339.89,Industrials,False,21637.4,⚠️ Sector Warning: You already have a signal in Industrials today — taking this one too means doubling up on the same sector's risk.
SWIGGY.NS,283.6,270.9,309.0,39,12.7,495.37,11060.4,2.0,56.6,2.25,0.57,True,19.82,2026-09-22 15:01:02,282.0,276.94,Consumer Cyclical,False,10577.0,
ETERNAL.NS,341.15,330.63,362.18,31,10.52,326.12,10575.65,2.0,71.2,1.24,1.38,True,18.98,2026-09-22 15:00:54,336.5,324.63,Consumer Cyclical,False,1.35,⚠️ Sector Warning: You already have a signal in Consumer Cyclical today — taking this one too means doubling up on the same sector's risk.
RBLBANK.NS,422.8,406.34,455.72,29,16.46,477.41,12261.2,2.0,64.1,3.15,1.66,True,30.56,2026-09-22 15:14:13,415.9,404.31,Financial Services,False,37738.8,
FINCABLES.NS,1472.0,1363.76,1688.49,4,108.24,432.97,5888.0,2.0,67.9,1.62,2.6,True,29.67,2026-09-22 15:14:03,1434.7,1339.2,Industrials,False,31850.8,
JSWINFRA.NS,366.8,349.49,401.43,28,17.31,484.8,10270.4,2.0,69.0,2.3,2.76,True,20.63,2026-09-22 15:14:07,356.95,339.92,Industrials,False,21580.4,⚠️ Sector Warning: You already have a signal in Industrials today — taking this one too means doubling up on the same sector's risk.
SWIGGY.NS,284.0,271.29,309.41,39,12.71,495.58,11076.0,2.0,56.9,2.34,0.71,True,20.24,2026-09-22 15:14:14,282.0,276.98,Consumer Cyclical,False,10504.4,
ETERNAL.NS,341.55,331.03,362.58,30,10.52,315.6,10246.5,2.0,71.5,1.28,1.5,True,18.96,2026-09-22 15:14:03,336.5,324.67,Consumer Cyclical,False,257.9,⚠️ Sector Warning: You already have a signal in Consumer Cyclical today — taking this one too means doubling up on the same sector's risk.
ENGINERSIN.NS,300.95,285.41,332.03,32,15.54,497.31,9630.4,2.0,73.7,6.32,4.9,True,42.27,2026-09-22 15:24:00,286.9,269.05,Industrials,False,40369.6,
FINCABLES.NS,1467.0,1358.76,1683.49,4,108.24,432.97,5868.0,2.0,67.6,1.62,2.25,True,30.14,2026-09-22 15:24:00,1434.7,1338.72,Industrials,False,34501.6,⚠️ Sector Warning: You already have a signal in Industrials today — taking this one too means doubling up on the same sector's risk.
RBLBANK.NS,423.2,406.74,456.13,29,16.46,477.41,12272.8,2.0,64.3,3.07,1.76,True,30.01,2026-09-22 15:24:12,415.9,404.34,Financial Services,False,22228.8,
SWIGGY.NS,283.75,271.04,309.16,39,12.71,495.58,11066.25,2.0,56.7,2.28,0.62,True,19.94,2026-09-22 15:24:14,282.0,276.96,Consumer Cyclical,False,11162.55,
JSWINFRA.NS,369.3,351.99,403.93,28,17.31,484.8,10340.4,2.0,70.0,2.28,3.46,True,19.52,2026-09-22 15:24:07,356.95,340.16,Industrials,False,822.15,⚠️ Sector Warning: You already have a signal in Industrials today — taking this one too means doubling up on the same sector's risk.
GRAPHITE.NS,852.35,791.36,974.32,8,60.99,487.89,6818.8,2.0,66.7,1.8,1.71,True,28.39,2026-09-23 09:23:10,838.0,782.07,Industrials,False,43181.2,
GRAPHITE.NS,847.6,786.61,969.57,8,60.99,487.89,6780.8,2.0,66.1,3.21,1.15,True,36.16,2026-09-23 09:36:58,838.0,781.62,Industrials,False,43219.2,
REDINGTON.NS,415.75,393.87,459.51,22,21.88,481.33,9146.5,2.0,70.4,1.28,0.62,True,31.86,2026-09-23 09:37:10,413.2,383.28,Technology,False,34072.7,
FINCABLES.NS,1481.4,1379.34,1685.53,4,102.06,408.26,5925.6,2.0,68.6,1.25,0.5,True,30.13,2026-09-23 09:36:57,1474.0,1352.41,Industrials,False,28147.1,⚠️ Sector Warning: You already have a signal in Industrials today — taking this one too means doubling up on the same sector's risk.
MOTILALOFS.NS,1038.4,997.38,1120.45,12,41.02,492.3,12460.8,2.0,59.5,2.2,0.82,True,25.85,2026-09-23 09:37:07,1030.0,1005.03,Financial Services,False,15686.3,
RBLBANK.NS,426.25,411.54,455.67,29,14.71,426.61,12361.25,2.0,65.6,1.75,0.44,True,24.53,2026-09-23 09:37:09,424.4,406.43,Financial Services,False,3325.05,⚠️ Sector Warning: You already have a signal in Financial Services today — taking this one too means doubling up on the same sector's risk.
GRAPHITE.NS,844.25,783.26,966.22,8,60.99,487.89,6754.0,2.0,65.7,3.33,0.75,True,37.29,2026-09-23 09:38:03,838.0,781.3,Industrials,False,43246.0,
REDINGTON.NS,415.7,393.82,459.46,22,21.88,481.33,9145.4,2.0,70.3,1.3,0.61,True,31.95,2026-09-23 09:38:15,413.2,383.27,Technology,False,34100.6,
FINCABLES.NS,1478.3,1376.18,1682.54,4,102.12,408.47,5913.2,2.0,68.3,1.27,0.29,True,30.53,2026-09-23 09:38:02,1474.0,1352.11,Industrials,False,28187.4,⚠️ Sector Warning: You already have a signal in Industrials today — taking this one too means doubling up on the same sector's risk.
MOTILALOFS.NS,1041.9,1000.71,1124.27,11,41.19,453.04,11460.9,2.0,60.1,2.53,1.16,True,27.43,2026-09-23 09:38:12,1030.0,1005.37,Financial Services,False,16726.5,
RBLBANK.NS,426.75,412.04,456.17,29,14.71,426.61,12375.75,2.0,65.8,1.78,0.55,True,24.49,2026-09-23 09:38:14,424.4,406.48,Financial Services,False,4350.75,⚠️ Sector Warning: You already have a signal in Financial Services today — taking this one too means doubling up on the same sector's risk.
WOCKPHARMA.NS,2316.0,2173.03,2601.94,3,142.97,428.91,6948.0,2.0,68.2,6.04,3.07,True,44.58,2026-09-23 09:54:10,2247.0,2102.01,Healthcare,False,43052.0,
WELCORP.NS,2830.0,2623.6,3242.8,2,206.4,412.8,5660.0,2.0,70.0,1.33,1.16,True,41.58,2026-09-23 09:54:11,2797.6,2520.08,Basic Materials,False,37392.0,
MOTILALOFS.NS,1042.8,1000.86,1126.67,11,41.94,461.29,11470.8,2.0,60.3,5.24,1.24,True,40.93,2026-09-23 09:54:03,1030.0,1005.45,Financial Services,False,25921.2,
RADICO.NS,4585.8,4431.76,4893.88,2,154.04,308.08,9171.6,2.0,57.4,3.68,1.01,True,30.19,2026-09-23 09:54:06,4539.9,4477.71,Consumer Defensive,False,16749.6,
SPLPETRO.NS,888.75,837.8,990.64,9,50.95,458.52,7998.75,2.0,74.9,2.93,1.13,True,29.27,2026-09-23 09:54:08,878.8,798.49,Basic Materials,False,8750.85,⚠️ Sector Warning: You already have a signal in Basic Materials today — taking this one too means doubling up on the same sector's risk.
WOCKPHARMA.NS,2338.5,2193.6,2628.3,3,144.9,434.7,7015.5,2.0,69.1,8.64,4.07,True,56.34,2026-09-23 10:08:18,2247.0,2104.16,Healthcare,False,42984.5,
MOTILALOFS.NS,1044.8,1002.86,1128.67,11,41.94,461.29,11492.8,2.0,60.6,5.92,1.44,True,44.34,2026-09-23 10:08:06,1030.0,1005.64,Financial Services,False,31491.7,
WELCORP.NS,2813.3,2606.9,3226.1,2,206.4,412.8,5626.6,2.0,69.5,1.62,0.56,True,43.7,2026-09-23 10:08:18,2797.6,2518.48,Basic Materials,False,25865.1,
RADICO.NS,4602.4,4446.58,4914.04,2,155.82,311.64,9204.8,2.0,58.2,4.98,1.38,True,36.71,2026-09-23 10:08:12,4539.9,4479.29,Consumer Defensive,False,16660.3,
SPLPETRO.NS,887.6,836.65,989.49,9,50.95,458.52,7988.4,2.0,74.7,3.52,1.0,True,32.38,2026-09-23 10:08:15,878.8,798.38,Basic Materials,False,8671.9,⚠️ Sector Warning: You already have a signal in Basic Materials today — taking this one too means doubling up on the same sector's risk.
WOCKPHARMA.NS,2352.0,2204.97,2646.06,3,147.03,441.1,7056.0,2.0,69.7,9.5,4.67,True,59.88,2026-09-23 10:19:44,2247.0,2105.44,Healthcare,False,42944.0,
MOTILALOFS.NS,1049.0,1007.0,1133.0,11,42.0,462.0,11539.0,2.0,61.3,6.03,1.84,True,44.75,2026-09-23 10:19:39,1030.0,1006.04,Financial Services,False,31405.0,
WELCORP.NS,2813.9,2607.5,3226.7,2,206.4,412.8,5627.8,2.0,69.5,1.57,0.58,True,43.45,2026-09-23 10:19:44,2797.6,2518.54,Basic Materials,False,25777.2,
RADICO.NS,4604.5,4448.68,4916.14,2,155.82,311.64,9209.0,2.0,58.3,4.76,1.42,True,35.59,2026-09-23 10:19:41,4539.9,4479.49,Consumer Defensive,False,16568.2,
SPLPETRO.NS,888.85,837.9,990.74,9,50.95,458.52,7999.65,2.0,74.9,3.25,1.14,True,30.85,2026-09-23 10:19:42,878.8,798.5,Basic Materials,False,8568.55,⚠️ Sector Warning: You already have a signal in Basic Materials today — taking this one too means doubling up on the same sector's risk.
WOCKPHARMA.NS,2354.9,2207.86,2648.99,3,147.04,441.13,7064.7,2.0,69.8,9.04,4.8,True,57.43,2026-09-23 10:29:02,2247.0,2105.72,Healthcare,False,42935.3,
MOTILALOFS.NS,1051.0,1008.42,1136.16,11,42.58,468.36,11561.0,2.0,61.6,6.76,2.04,True,48.39,2026-09-23 10:28:52,1030.0,1006.23,Financial Services,False,31374.3,
WELCORP.NS,2809.5,2603.1,3222.3,2,206.4,412.8,5619.0,2.0,69.4,1.42,0.43,True,42.86,2026-09-23 10:29:02,2797.6,2518.12,Basic Materials,False,25755.3,
RADICO.NS,4596.5,4440.68,4908.14,2,155.82,311.64,9193.0,2.0,57.9,4.7,1.25,True,35.3,2026-09-23 10:28:56,4539.9,4478.73,Consumer Defensive,False,16562.3,
IDFCFIRSTB.NS,88.09,86.06,92.15,141,2.03,286.13,12420.69,2.0,61.4,3.7,1.06,True,31.36,2026-09-23 10:28:48,87.17,85.87,Financial Services,False,4141.61,⚠️ Sector Warning: You already have a signal in Financial Services today — taking this one too means doubling up on the same sector's risk.
WOCKPHARMA.NS,2318.9,2171.86,2612.99,3,147.04,441.13,6956.7,2.0,68.3,8.81,3.2,True,58.3,2026-09-23 10:43:11,2247.0,2102.29,Healthcare,False,43043.3,
MOTILALOFS.NS,1055.8,1012.9,1141.6,11,42.9,471.9,11613.8,2.0,62.3,7.18,2.5,True,50.36,2026-09-23 10:43:05,1030.0,1006.69,Financial Services,False,31429.5,
WELCORP.NS,2808.7,2602.3,3221.5,2,206.4,412.8,5617.4,2.0,69.3,1.28,0.4,True,42.23,2026-09-23 10:43:12,2797.6,2518.05,Basic Materials,False,25812.1,
RADICO.NS,4602.7,4446.88,4914.34,2,155.82,311.64,9205.4,2.0,58.2,4.16,1.38,True,32.6,2026-09-23 10:43:08,4539.9,4479.32,Consumer Defensive,False,16606.7,
IDFCFIRSTB.NS,88.35,86.28,92.48,141,2.07,291.27,12457.35,2.0,62.3,3.69,1.35,True,31.42,2026-09-23 10:43:00,87.17,85.9,Financial Services,False,4149.35,⚠️ Sector Warning: You already have a signal in Financial Services today — taking this one too means doubling up on the same sector's risk.
WOCKPHARMA.NS,2306.1,2159.06,2600.19,3,147.04,441.13,6918.3,2.0,67.7,8.32,2.63,True,56.58,2026-09-23 10:57:14,2247.0,2101.07,Healthcare,False,43081.7,
MOTILALOFS.NS,1052.2,1009.3,1138.0,11,42.9,471.9,11574.2,2.0,61.8,7.23,2.16,True,50.72,2026-09-23 10:57:08,1030.0,1006.35,Financial Services,False,31507.5,
IDFCFIRSTB.NS,88.62,86.52,92.81,141,2.1,295.65,12495.42,2.0,63.1,3.84,1.66,True,31.73,2026-09-23 10:57:04,87.17,85.92,Financial Services,False,19012.08,⚠️ Sector Warning: You already have a signal in Financial Services today — taking this one too means doubling up on the same sector's risk.
RADICO.NS,4593.1,4437.28,4904.74,2,155.82,311.64,9186.2,2.0,57.7,3.83,1.17,True,30.96,2026-09-23 10:57:10,4539.9,4478.41,Consumer Defensive,False,9825.88,
SAIL.NS,180.97,173.51,195.89,54,7.46,402.84,9772.38,2.0,50.8,4.32,0.65,True,27.72,2026-09-23 10:57:11,179.8,180.4,Basic Materials,False,53.5,
WOCKPHARMA.NS,2325.0,2177.96,2619.09,3,147.04,441.13,6975.0,2.0,68.6,7.79,3.47,True,52.85,2026-09-23 11:10:11,2247.0,2102.87,Healthcare,False,43025.0,
MOTILALOFS.NS,1052.8,1009.9,1138.6,11,42.9,471.9,11580.8,2.0,61.9,6.84,2.21,True,48.75,2026-09-23 11:10:06,1030.0,1006.41,Financial Services,False,31444.2,
IDFCFIRSTB.NS,89.47,87.28,93.84,139,2.19,303.81,12436.33,2.0,65.5,4.74,2.64,True,34.42,2026-09-23 11:10:03,87.17,86.0,Financial Services,False,19007.87,⚠️ Sector Warning: You already have a signal in Financial Services today — taking this one too means doubling up on the same sector's risk.
RADICO.NS,4599.7,4443.88,4911.34,2,155.82,311.64,9199.4,2.0,58.0,3.47,1.32,True,29.16,2026-09-23 11:10:08,4539.9,4479.04,Consumer Defensive,False,9808.47,
IIFL.NS,636.95,602.44,705.97,14,34.51,483.15,8917.3,2.0,57.1,3.67,2.73,True,27.63,2026-09-23 11:10:03,620.0,616.87,Financial Services,False,891.17,⚠️ Sector Warning: You already have a signal in Financial Services today — taking this one too means doubling up on the same sector's risk.
WOCKPHARMA.NS,2305.6,2158.56,2599.69,3,147.04,441.13,6916.8,2.0,67.7,7.36,2.61,True,51.81,2026-09-23 11:21:26,2247.0,2101.02,Healthcare,False,43083.2,
MOTILALOFS.NS,1050.4,1007.5,1136.2,11,42.9,471.9,11554.4,2.0,61.5,6.41,1.98,True,46.64,2026-09-23 11:21:21,1030.0,1006.18,Financial Services,False,31528.8,
IDFCFIRSTB.NS,88.88,86.69,93.26,140,2.19,306.9,12443.2,2.0,63.9,5.21,1.96,True,38.01,2026-09-23 11:21:18,87.17,85.95,Financial Services,False,19085.6,⚠️ Sector Warning: You already have a signal in Financial Services today — taking this one too means doubling up on the same sector's risk.
RADICO.NS,4591.3,4435.48,4902.94,2,155.82,311.64,9182.6,2.0,57.6,3.26,1.13,True,28.1,2026-09-23 11:21:23,4539.9,4478.24,Consumer Defensive,False,9903.0,
IIFL.NS,635.5,600.95,704.61,14,34.55,483.75,8897.0,2.0,56.7,3.55,2.5,True,27.07,2026-09-23 11:21:19,620.0,616.73,Financial Services,False,1006.0,⚠️ Sector Warning: You already have a signal in Financial Services today — taking this one too means doubling up on the same sector's risk.
WOCKPHARMA.NS,2305.0,2157.96,2599.09,3,147.04,441.13,6915.0,2.0,67.7,6.97,2.58,True,49.89,2026-09-23 11:29:50,2247.0,2100.97,Healthcare,False,43085.0,
MOTILALOFS.NS,1047.0,1004.1,1132.8,11,42.9,471.9,11517.0,2.0,60.9,6.2,1.65,True,45.68,2026-09-23 11:29:46,1030.0,1005.85,Financial Services,False,31568.0,
IDFCFIRSTB.NS,89.26,87.07,93.64,140,2.19,306.9,12496.4,2.0,64.9,5.07,2.4,True,36.51,2026-09-23 11:29:43,87.17,85.98,Financial Services,False,19071.6,⚠️ Sector Warning: You already have a signal in Financial Services today — taking this one too means doubling up on the same sector's risk.
RADICO.NS,4594.0,4438.18,4905.64,2,155.82,311.64,9188.0,2.0,57.8,3.16,1.19,True,27.59,2026-09-23 11:29:47,4539.9,4478.49,Consumer Defensive,False,9883.6,
IIFL.NS,637.15,602.6,706.26,14,34.55,483.75,8920.1,2.0,57.2,3.42,2.77,True,26.36,2026-09-23 11:29:43,620.0,616.88,Financial Services,False,963.5,⚠️ Sector Warning: You already have a signal in Financial Services today — taking this one too means doubling up on the same sector's risk.
WOCKPHARMA.NS,2296.3,2149.26,2590.39,3,147.04,441.13,6888.9,2.0,67.3,6.24,2.19,True,46.76,2026-09-23 11:52:07,2247.0,2100.14,Healthcare,False,43111.1,
MOTILALOFS.NS,1043.0,1000.1,1128.8,11,42.9,471.9,11473.0,2.0,60.3,5.6,1.26,True,42.76,2026-09-23 11:52:01,1030.0,1005.47,Financial Services,False,31638.1,
IDFCFIRSTB.NS,88.7,86.51,93.08,140,2.19,306.9,12418.0,2.0,63.3,5.09,1.76,True,37.8,2026-09-23 11:51:58,87.17,85.93,Financial Services,False,19220.1,⚠️ Sector Warning: You already have a signal in Financial Services today — taking this one too means doubling up on the same sector's risk.
RADICO.NS,4598.1,4442.28,4909.74,2,155.82,311.64,9196.2,2.0,58.0,2.83,1.28,True,25.97,2026-09-23 11:52:03,4539.9,4478.88,Consumer Defensive,False,10023.9,
SAIL.NS,181.73,174.25,196.69,55,7.48,411.4,9995.15,2.0,51.7,3.92,1.07,True,25.7,2026-09-23 11:52:04,179.8,180.47,Basic Materials,False,28.75,
WOCKPHARMA.NS,2290.0,2142.96,2584.09,3,147.04,441.13,6870.0,2.0,67.0,5.74,1.91,True,44.61,2026-09-23 12:09:49,2247.0,2099.54,Healthcare,False,43130.0,
IDFCFIRSTB.NS,88.55,86.36,92.93,141,2.19,309.09,12485.55,2.0,62.9,6.33,1.58,True,44.32,2026-09-23 12:09:41,87.17,85.92,Financial Services,False,30644.45,
MOTILALOFS.NS,1042.3,999.4,1128.1,11,42.9,471.9,11465.3,2.0,60.2,5.17,1.19,True,40.61,2026-09-23 12:09:44,1030.0,1005.41,Financial Services,False,19179.15,⚠️ Sector Warning: You already have a signal in Financial Services today — taking this one too means doubling up on the same sector's risk.
SAIL.NS,184.36,176.59,199.9,64,7.77,497.35,11799.04,2.0,54.5,4.34,2.54,True,27.63,2026-09-23 12:09:47,179.8,180.72,Basic Materials,False,7380.11,
RADICO.NS,4600.0,4444.18,4911.64,1,155.82,155.82,4600.0,2.0,58.1,2.66,1.32,True,25.12,2026-09-23 12:09:46,4539.9,4479.06,Consumer Defensive,False,2780.11,
IDFCFIRSTB.NS,88.15,85.96,92.53,141,2.19,309.09,12429.15,2.0,61.6,6.04,1.12,True,43.08,2026-09-23 12:24:00,87.17,85.88,Financial Services,False,37570.85,
WOCKPHARMA.NS,2299.3,2152.26,2593.39,3,147.04,441.13,6897.9,2.0,67.4,5.35,2.33,True,42.11,2026-09-23 12:24:13,2247.0,2100.42,Healthcare,False,30672.95,
MOTILALOFS.NS,1043.2,1000.3,1129.0,11,42.9,471.9,11475.2,2.0,60.3,4.83,1.28,True,38.91,2026-09-23 12:24:03,1030.0,1005.49,Financial Services,False,19197.75,⚠️ Sector Warning: You already have a signal in Financial Services today — taking this one too means doubling up on the same sector's risk.
SAIL.NS,182.76,174.99,198.3,64,7.77,497.35,11696.64,2.0,52.8,4.5,1.65,True,28.55,2026-09-23 12:24:09,179.8,180.57,Basic Materials,False,7501.11,
RADICO.NS,4602.4,4446.58,4914.04,1,155.82,155.82,4602.4,2.0,58.2,2.57,1.38,True,24.64,2026-09-23 12:24:07,4539.9,4479.29,Consumer Defensive,False,2898.71,
IDFCFIRSTB.NS,88.01,85.82,92.39,142,2.19,311.28,12497.42,2.0,61.2,5.76,0.96,True,41.64,2026-09-23 12:35:36,87.17,85.87,Financial Services,False,37502.58,
WOCKPHARMA.NS,2293.3,2146.26,2587.39,3,147.04,441.13,6879.9,2.0,67.1,5.17,2.06,True,41.55,2026-09-23 12:35:50,2247.0,2099.85,Healthcare,False,30622.68,
MOTILALOFS.NS,1048.0,1005.1,1133.8,11,42.9,471.9,11528.0,2.0,61.1,4.71,1.75,True,38.21,2026-09-23 12:35:42,1030.0,1005.95,Financial Services,False,19094.68,⚠️ Sector Warning: You already have a signal in Financial Services today — taking this one too means doubling up on the same sector's risk.
SAIL.NS,182.65,174.88,198.19,64,7.77,497.35,11689.6,2.0,52.7,4.74,1.59,True,29.77,2026-09-23 12:35:46,179.8,180.56,Basic Materials,False,7405.08,
RADICO.NS,4597.2,4441.38,4908.84,1,155.82,155.82,4597.2,2.0,57.9,2.46,1.26,True,24.11,2026-09-23 12:35:45,4539.9,4478.8,Consumer Defensive,False,2807.88,
WOCKPHARMA.NS,2290.0,2142.96,2584.09,3,147.04,441.13,6870.0,2.0,67.0,4.84,1.91,True,40.1,2026-09-23 12:52:32,2247.0,2099.54,Healthcare,False,43130.0,
IDFCFIRSTB.NS,87.83,85.64,92.21,142,2.19,311.28,12471.86,2.0,60.6,5.41,0.76,True,39.83,2026-09-23 12:52:22,87.17,85.85,Financial Services,False,30658.14,
MOTILALOFS.NS,1044.0,1001.1,1129.8,11,42.9,471.9,11484.0,2.0,60.5,4.44,1.36,True,36.92,2026-09-23 12:52:26,1030.0,1005.57,Financial Services,False,19174.14,⚠️ Sector Warning: You already have a signal in Financial Services today — taking this one too means doubling up on the same sector's risk.
SAIL.NS,183.0,175.23,198.54,64,7.77,497.35,11712.0,2.0,53.1,4.56,1.78,True,28.82,2026-09-23 12:52:29,179.8,180.59,Basic Materials,False,7462.14,
RADICO.NS,4595.9,4440.08,4907.54,1,155.82,155.82,4595.9,2.0,57.9,2.31,1.23,True,23.34,2026-09-23 12:52:28,4539.9,4478.67,Consumer Defensive,False,2866.24,
IDFCFIRSTB.NS,87.84,85.65,92.22,142,2.19,311.28,12473.28,2.0,60.6,5.14,0.77,True,38.51,2026-09-23 13:05:21,87.17,85.85,Financial Services,False,37526.72,
WOCKPHARMA.NS,2298.6,2151.56,2592.69,3,147.04,441.13,6895.8,2.0,67.4,4.6,2.3,True,38.38,2026-09-23 13:05:32,2247.0,2100.36,Healthcare,False,30630.92,
MOTILALOFS.NS,1049.0,1006.1,1134.8,11,42.9,471.9,11539.0,2.0,61.3,4.32,1.84,True,36.2,2026-09-23 13:05:24,1030.0,1006.04,Financial Services,False,19091.92,⚠️ Sector Warning: You already have a signal in Financial Services today — taking this one too means doubling up on the same sector's risk.
SAIL.NS,183.22,175.45,198.76,64,7.77,497.35,11726.08,2.0,53.3,4.58,1.9,True,28.92,2026-09-23 13:05:29,179.8,180.61,Basic Materials,False,7365.84,
RADICO.NS,4592.5,4436.68,4904.14,1,155.82,155.82,4592.5,2.0,57.7,2.2,1.16,True,22.81,2026-09-23 13:05:27,4539.9,4478.35,Consumer Defensive,False,2773.34,
IDFCFIRSTB.NS,87.81,85.62,92.19,142,2.19,311.28,12469.02,2.0,60.5,4.91,0.73,True,37.33,2026-09-23 13:18:14,87.17,85.85,Financial Services,False,37530.98,
WOCKPHARMA.NS,2313.4,2166.36,2607.49,3,147.04,441.13,6940.2,2.0,68.1,4.48,2.96,True,36.93,2026-09-23 13:18:27,2247.0,2101.77,Healthcare,False,30590.78,
MOTILALOFS.NS,1047.6,1004.7,1133.4,11,42.9,471.9,11523.6,2.0,61.0,4.13,1.71,True,35.3,2026-09-23 13:18:20,1030.0,1005.91,Financial Services,False,19067.18,⚠️ Sector Warning: You already have a signal in Financial Services today — taking this one too means doubling up on the same sector's risk.
SAIL.NS,183.27,175.5,198.81,64,7.77,497.35,11729.28,2.0,53.3,4.52,1.93,True,28.61,2026-09-23 13:18:24,179.8,180.62,Basic Materials,False,7337.9,
RADICO.NS,4589.0,4433.18,4900.64,1,155.82,155.82,4589.0,2.0,57.5,2.11,1.08,True,22.35,2026-09-23 13:18:23,4539.9,4478.02,Consumer Defensive,False,2748.9,
IDFCFIRSTB.NS,87.85,85.66,92.23,142,2.19,311.28,12474.7,2.0,60.6,4.75,0.78,True,36.58,2026-09-23 13:27:59,87.17,85.85,Financial Services,False,37525.3,
WOCKPHARMA.NS,2321.7,2174.66,2615.79,3,147.04,441.13,6965.1,2.0,68.4,4.4,3.32,True,36.1,2026-09-23 13:28:09,2247.0,2102.56,Healthcare,False,30560.2,
MOTILALOFS.NS,1049.7,1006.8,1135.5,11,42.9,471.9,11546.7,2.0,61.4,4.01,1.91,True,34.67,2026-09-23 13:28:03,1030.0,1006.11,Financial Services,False,19013.5,⚠️ Sector Warning: You already have a signal in Financial Services today — taking this one too means doubling up on the same sector's risk.
SAIL.NS,183.34,175.57,198.88,64,7.77,497.35,11733.76,2.0,53.4,4.53,1.97,True,28.65,2026-09-23 13:28:07,179.8,180.63,Basic Materials,False,7279.74,
MCX.NS,3330.1,3182.93,3624.44,2,147.17,294.34,6660.2,2.0,59.6,1.24,0.46,True,22.94,2026-09-23 13:28:03,3314.9,3234.32,Financial Services,False,619.54,⚠️ Sector Warning: You already have a signal in Financial Services today — taking this one too means doubling up on the same sector's risk.
IDFCFIRSTB.NS,87.92,85.73,92.3,142,2.19,311.28,12484.64,2.0,60.9,4.53,0.86,True,35.48,2026-09-23 13:43:33,87.17,85.86,Financial Services,False,37515.36,
WOCKPHARMA.NS,2330.4,2183.36,2624.49,3,147.04,441.13,6991.2,2.0,68.8,4.26,3.71,True,34.88,2026-09-23 13:43:41,2247.0,2103.38,Healthcare,False,30524.16,
MOTILALOFS.NS,1049.2,1006.3,1135.0,11,42.9,471.9,11541.2,2.0,61.3,3.84,1.86,True,33.84,2026-09-23 13:43:36,1030.0,1006.06,Financial Services,False,18982.96,⚠️ Sector Warning: You already have a signal in Financial Services today — taking this one too means doubling up on the same sector's risk.
SAIL.NS,184.98,177.1,200.73,63,7.88,496.19,11653.74,2.0,55.1,4.73,2.88,True,29.52,2026-09-23 13:43:39,179.8,180.78,Basic Materials,False,7329.22,
MCX.NS,3347.0,3198.26,3644.47,2,148.74,297.48,6694.0,2.0,60.5,1.26,0.97,True,22.95,2026-09-23 13:43:36,3314.9,3235.93,Financial Services,False,635.22,⚠️ Sector Warning: You already have a signal in Financial Services today — taking this one too means doubling up on the same sector's risk.
WOCKPHARMA.NS,2327.4,2180.36,2621.49,3,147.04,441.13,6982.2,2.0,68.7,4.19,3.58,True,34.69,2026-09-23 13:59:32,2247.0,2103.1,Healthcare,False,43017.8,
IDFCFIRSTB.NS,88.03,85.84,92.41,141,2.19,309.09,12412.23,2.0,61.2,4.35,0.99,True,34.64,2026-09-23 13:59:23,87.17,85.87,Financial Services,False,30605.57,
MOTILALOFS.NS,1048.0,1005.1,1133.8,11,42.9,471.9,11528.0,2.0,61.1,3.68,1.75,True,33.02,2026-09-23 13:59:26,1030.0,1005.95,Financial Services,False,19077.57,⚠️ Sector Warning: You already have a signal in Financial Services today — taking this one too means doubling up on the same sector's risk.
SAIL.NS,184.1,176.22,199.85,63,7.88,496.19,11598.3,2.0,54.2,4.62,2.39,True,29.06,2026-09-23 13:59:29,179.8,180.7,Basic Materials,False,7479.27,
MCX.NS,3340.1,3190.46,3639.37,2,149.64,299.28,6680.2,2.0,60.1,1.3,0.76,True,23.19,2026-09-23 13:59:26,3314.9,3235.27,Financial Services,False,799.07,⚠️ Sector Warning: You already have a signal in Financial Services today — taking this one too means doubling up on the same sector's risk.
WOCKPHARMA.NS,2330.4,2183.36,2624.49,3,147.04,441.13,6991.2,2.0,68.8,4.04,3.71,True,33.8,2026-09-23 14:14:13,2247.0,2103.38,Healthcare,False,43008.8,
IDFCFIRSTB.NS,87.99,85.8,92.37,142,2.19,311.28,12494.58,2.0,61.1,4.17,0.94,True,33.72,2026-09-23 14:14:00,87.17,85.86,Financial Services,False,30514.22,
MOTILALOFS.NS,1048.7,1005.8,1134.5,11,42.9,471.9,11535.7,2.0,61.2,3.53,1.82,True,32.29,2026-09-23 14:14:06,1030.0,1006.01,Financial Services,False,18978.52,⚠️ Sector Warning: You already have a signal in Financial Services today — taking this one too means doubling up on the same sector's risk.
SAIL.NS,184.8,176.92,200.55,63,7.88,496.19,11642.4,2.0,54.9,4.53,2.78,True,28.52,2026-09-23 14:14:10,179.8,180.76,Basic Materials,False,7336.12,
MCX.NS,3341.3,3191.66,3640.57,2,149.64,299.28,6682.6,2.0,60.2,1.3,0.8,True,23.16,2026-09-23 14:14:06,3314.9,3235.39,Financial Services,False,653.52,⚠️ Sector Warning: You already have a signal in Financial Services today — taking this one too means doubling up on the same sector's risk.
IDFCFIRSTB.NS,87.94,85.75,92.32,142,2.19,311.28,12487.48,2.0,60.9,4.04,0.88,True,33.06,2026-09-23 14:25:35,87.17,85.86,Financial Services,False,37512.52,
WOCKPHARMA.NS,2335.8,2188.76,2629.89,3,147.04,441.13,7007.4,2.0,69.0,3.94,3.95,True,32.97,2026-09-23 14:25:49,2247.0,2103.9,Healthcare,False,30505.12,
MOTILALOFS.NS,1047.2,1004.3,1133.0,11,42.9,471.9,11519.2,2.0,61.0,3.45,1.67,True,31.92,2026-09-23 14:25:40,1030.0,1005.87,Financial Services,False,18985.92,⚠️ Sector Warning: You already have a signal in Financial Services today — taking this one too means doubling up on the same sector's risk.
SAIL.NS,184.48,176.6,200.23,63,7.88,496.19,11622.24,2.0,54.6,4.43,2.6,True,28.07,2026-09-23 14:25:45,179.8,180.73,Basic Materials,False,7363.68,
MCX.NS,3348.8,3199.16,3648.07,2,149.64,299.28,6697.6,2.0,60.6,1.3,1.02,True,23.1,2026-09-23 14:25:40,3314.9,3236.1,Financial Services,False,666.08,⚠️ Sector Warning: You already have a signal in Financial Services today — taking this one too means doubling up on the same sector's risk.
IDFCFIRSTB.NS,88.1,85.91,92.48,141,2.19,309.09,12422.1,2.0,61.5,3.94,1.07,True,32.6,2026-09-23 14:37:53,87.17,85.87,Financial Services,False,37577.9,
WOCKPHARMA.NS,2340.0,2192.96,2634.09,3,147.04,441.13,7020.0,2.0,69.2,3.87,4.14,True,32.42,2026-09-23 14:38:02,2247.0,2104.3,Healthcare,False,30557.9,
MOTILALOFS.NS,1044.5,1001.6,1130.3,11,42.9,471.9,11489.5,2.0,60.5,3.39,1.41,True,31.67,2026-09-23 14:37:56,1030.0,1005.61,Financial Services,False,19068.4,⚠️ Sector Warning: You already have a signal in Financial Services today — taking this one too means doubling up on the same sector's risk.
SAIL.NS,184.77,176.89,200.52,63,7.88,496.19,11640.51,2.0,54.9,4.33,2.76,True,27.53,2026-09-23 14:37:59,179.8,180.76,Basic Materials,False,7427.89,
MCX.NS,3342.7,3193.06,3641.97,2,149.64,299.28,6685.4,2.0,60.2,1.29,0.84,True,23.12,2026-09-23 14:37:56,3314.9,3235.52,Financial Services,False,742.49,⚠️ Sector Warning: You already have a signal in Financial Services today — taking this one too means doubling up on the same sector's risk.
WOCKPHARMA.NS,2326.9,2179.86,2620.99,3,147.04,441.13,6980.7,2.0,68.7,3.78,3.56,True,32.67,2026-09-23 14:53:56,2247.0,2103.05,Healthcare,False,43019.3,
IDFCFIRSTB.NS,87.91,85.72,92.29,142,2.19,311.28,12483.22,2.0,60.8,3.83,0.85,True,31.98,2026-09-23 14:53:42,87.17,85.86,Financial Services,False,30536.08,
MOTILALOFS.NS,1042.6,999.7,1128.4,11,42.9,471.9,11468.6,2.0,60.2,3.29,1.22,True,31.23,2026-09-23 14:53:47,1030.0,1005.43,Financial Services,False,19067.48,⚠️ Sector Warning: You already have a signal in Financial Services today — taking this one too means doubling up on the same sector's risk.
SAIL.NS,184.63,176.75,200.38,63,7.88,496.19,11631.69,2.0,54.7,4.21,2.69,True,26.95,2026-09-23 14:53:52,179.8,180.75,Basic Materials,False,7435.79,
MCX.NS,3362.0,3210.97,3664.06,2,151.03,302.06,6724.0,2.0,61.2,1.35,1.42,True,23.31,2026-09-23 14:53:47,3314.9,3237.36,Financial Services,False,711.79,⚠️ Sector Warning: You already have a signal in Financial Services today — taking this one too means doubling up on the same sector's risk.
WOCKPHARMA.NS,2322.5,2175.46,2616.59,3,147.04,441.13,6967.5,2.0,68.5,3.73,3.36,True,32.71,2026-09-23 15:07:11,2247.0,2102.63,Healthcare,False,43032.5,
IDFCFIRSTB.NS,87.75,85.56,92.13,142,2.19,311.28,12460.5,2.0,60.3,3.79,0.67,True,31.73,2026-09-23 15:07:02,87.17,85.84,Financial Services,False,30572.0,
MOTILALOFS.NS,1042.6,999.7,1128.4,11,42.9,471.9,11468.6,2.0,60.2,3.34,1.22,True,31.47,2026-09-23 15:07:06,1030.0,1005.43,Financial Services,False,19103.4,⚠️ Sector Warning: You already have a signal in Financial Services today — taking this one too means doubling up on the same sector's risk.
SAIL.NS,185.15,177.27,200.9,63,7.88,496.19,11664.45,2.0,55.2,4.37,2.98,True,27.71,2026-09-23 15:07:08,179.8,180.8,Basic Materials,False,7438.95,
MCX.NS,3369.0,3217.76,3671.49,2,151.24,302.48,6738.0,2.0,61.6,1.4,1.63,True,23.49,2026-09-23 15:07:05,3314.9,3238.02,Financial Services,False,700.95,⚠️ Sector Warning: You already have a signal in Financial Services today — taking this one too means doubling up on the same sector's risk.
IDFCFIRSTB.NS,87.89,85.7,92.27,142,2.19,311.28,12480.38,2.0,60.8,3.82,0.83,True,31.94,2026-09-23 15:19:15,87.17,85.85,Financial Services,False,37519.62,
WOCKPHARMA.NS,2337.1,2190.06,2631.19,3,147.04,441.13,7011.3,2.0,69.1,3.7,4.01,True,31.72,2026-09-23 15:19:24,2247.0,2104.02,Healthcare,False,30508.32,
MOTILALOFS.NS,1041.2,998.3,1127.0,11,42.9,471.9,11453.2,2.0,60.0,3.38,1.09,True,31.68,2026-09-23 15:19:18,1030.0,1005.3,Financial Services,False,19055.12,⚠️ Sector Warning: You already have a signal in Financial Services today — taking this one too means doubling up on the same sector's risk.
SAIL.NS,185.1,177.22,200.85,63,7.88,496.19,11661.3,2.0,55.2,4.51,2.95,True,28.41,2026-09-23 15:19:22,179.8,180.79,Basic Materials,False,7393.82,
MCX.NS,3369.0,3217.65,3671.7,2,151.35,302.7,6738.0,2.0,61.6,1.42,1.63,True,23.62,2026-09-23 15:19:19,3314.9,3238.02,Financial Services,False,655.82,⚠️ Sector Warning: You already have a signal in Financial Services today — taking this one too means doubling up on the same sector's risk.
WOCKPHARMA.NS,2335.5,2188.46,2629.59,3,147.04,441.13,7006.5,2.0,69.0,3.68,3.94,True,31.7,2026-09-23 15:28:36,2247.0,2103.87,Healthcare,False,42993.5,
IDFCFIRSTB.NS,87.89,85.7,92.27,142,2.19,311.28,12480.38,2.0,60.8,3.73,0.83,True,31.47,2026-09-23 15:28:22,87.17,85.85,Financial Services,False,30513.12,
MOTILALOFS.NS,1041.2,998.3,1127.0,11,42.9,471.9,11453.2,2.0,60.0,3.3,1.09,True,31.26,2026-09-23 15:28:28,1030.0,1005.3,Financial Services,False,19059.92,⚠️ Sector Warning: You already have a signal in Financial Services today — taking this one too means doubling up on the same sector's risk.
SAIL.NS,185.1,177.22,200.85,63,7.88,496.19,11661.3,2.0,55.2,4.4,2.95,True,27.86,2026-09-23 15:28:34,179.8,180.79,Basic Materials,False,7398.62,
MCX.NS,3369.0,3217.65,3671.7,2,151.35,302.7,6738.0,2.0,61.6,1.39,1.63,True,23.44,2026-09-23 15:28:29,3314.9,3238.02,Financial Services,False,660.62,⚠️ Sector Warning: You already have a signal in Financial Services today — taking this one too means doubling up on the same sector's risk.
MCX.NS,3428.2,3281.34,3721.92,3,146.86,440.58,10284.6,2.0,64.5,1.93,1.61,True,26.0,2026-09-24 09:23:26,3374.0,3256.57,Financial Services,False,39715.4,
CAPLIPOINT.NS,2964.6,2806.65,3280.5,3,157.95,473.85,8893.8,2.0,68.0,13.94,4.39,True,80.83,2026-09-24 09:37:11,2840.0,2707.88,Healthcare,False,41106.2,
MCX.NS,3411.0,3263.38,3706.24,3,147.62,442.86,10233.0,2.0,63.7,3.7,1.1,True,35.65,2026-09-24 09:37:21,3374.0,3254.93,Financial Services,False,30873.2,
ASAHIINDIA.NS,993.95,960.74,1060.38,12,33.21,398.56,11927.4,2.0,65.2,4.66,1.97,True,35.27,2026-09-24 09:37:09,974.7,959.18,Consumer Cyclical,False,18945.8,
SAILIFE.NS,1638.0,1562.54,1788.92,6,75.46,452.76,9828.0,2.0,65.2,2.01,0.43,True,31.57,2026-09-24 09:37:26,1631.0,1561.92,Healthcare,False,9117.8,⚠️ Sector Warning: You already have a signal in Healthcare today — taking this one too means doubling up on the same sector's risk.
SAIL.NS,190.15,181.91,206.63,47,8.24,387.28,8937.05,2.0,59.9,3.24,2.4,True,25.01,2026-09-24 09:37:27,185.7,181.71,Basic Materials,False,180.75,
CAPLIPOINT.NS,2951.0,2793.05,3266.9,3,157.95,473.85,8853.0,2.0,67.5,21.37,3.91,True,118.59,2026-09-24 09:53:16,2840.0,2706.59,Healthcare,False,41147.0,
ASAHIINDIA.NS,984.5,951.29,1050.93,12,33.21,398.56,11814.0,2.0,62.7,7.63,1.01,True,51.95,2026-09-24 09:53:14,974.7,958.28,Consumer Cyclical,False,29333.0,
ABDL.NS,675.85,644.94,737.66,16,30.91,494.49,10813.6,2.0,67.9,6.49,1.78,True,42.49,2026-09-24 09:53:14,664.0,633.65,Consumer Defensive,False,18519.4,
MCX.NS,3399.9,3252.28,3695.14,3,147.62,442.86,10199.7,2.0,63.2,4.55,0.77,True,40.41,2026-09-24 09:53:27,3374.0,3253.87,Financial Services,False,8319.7,
SAIL.NS,188.25,180.01,204.73,44,8.24,362.56,8283.0,2.0,58.2,4.54,1.37,True,31.75,2026-09-24 09:53:33,185.7,181.53,Basic Materials,False,36.7,
CAPLIPOINT.NS,2941.2,2783.25,3257.1,3,157.95,473.85,8823.6,2.0,67.1,25.57,3.56,True,140.07,2026-09-24 10:06:54,2840.0,2705.65,Healthcare,False,41176.4,
ABDL.NS,675.5,643.7,739.1,15,31.8,477.0,10132.5,2.0,67.8,9.62,1.73,True,58.21,2026-09-24 10:06:52,664.0,633.62,Consumer Defensive,False,31043.9,
ASAHIINDIA.NS,982.4,949.19,1048.83,12,33.21,398.56,11788.8,2.0,62.1,8.22,0.79,True,55.0,2026-09-24 10:06:52,974.7,958.08,Consumer Cyclical,False,19255.1,
MCX.NS,3426.5,3278.88,3721.74,3,147.62,442.86,10279.5,2.0,64.4,5.38,1.56,True,43.32,2026-09-24 10:07:02,3374.0,3256.41,Financial Services,False,8975.6,
SAIL.NS,187.85,179.61,204.33,47,8.24,387.28,8828.95,2.0,57.9,4.81,1.16,True,33.13,2026-09-24 10:07:07,185.7,181.49,Basic Materials,False,146.65,
CAPLIPOINT.NS,2937.8,2779.85,3253.7,3,157.95,473.85,8813.4,2.0,67.0,23.86,3.44,True,131.66,2026-09-24 10:18:51,2840.0,2705.33,Healthcare,False,41186.6,
ASAHIINDIA.NS,982.3,949.09,1048.73,12,33.21,398.56,11787.6,2.0,62.1,8.66,0.78,True,57.22,2026-09-24 10:18:50,974.7,958.07,Consumer Cyclical,False,29399.0,
ABDL.NS,681.65,649.85,745.25,15,31.8,477.0,10224.75,2.0,69.2,9.35,2.66,True,55.5,2026-09-24 10:18:49,664.0,634.2,Consumer Defensive,False,19174.25,
MCX.NS,3447.0,3296.83,3747.34,3,150.17,450.51,10341.0,2.0,65.4,6.18,2.16,True,46.43,2026-09-24 10:18:57,3374.0,3258.36,Financial Services,False,8833.25,
SAIL.NS,188.25,180.01,204.73,46,8.24,379.04,8659.5,2.0,58.2,4.41,1.37,True,31.11,2026-09-24 10:18:59,185.7,181.53,Basic Materials,False,173.75,
